{
    "precision": 0.6894874757816052,
    "recall": 0.8519125683060109,
    "f1": 0.7620521223893789,
    "high_confidence_precision": 0.8892495238868229,
    "fold": 3.0
}