{
  "high_correlation_pairs": [
    {
      "feature1": "volatility_3m",
      "feature2": "volume_momentum_5m",
      "correlation": 0.7663575269119683
    },
    {
      "feature1": "volatility_3m",
      "feature2": "price_change_15m",
      "correlation": 0.8731898713558556
    },
    {
      "feature1": "volume_momentum_5m",
      "feature2": "price_change_15m",
      "correlation": 0.9755998517105474
    }
  ],
  "stable_features": [],
  "volatile_features": [
    "volatility_3m",
    "volume_momentum_5m",
    "price_change_15m"
  ],
  "key_statistics": {
    "volatility_3m": {
      "mean": 0.4208541282311106,
      "std": 0.585518850022422,
      "min": 0.012319177100067188,
      "max": 1.728471407644906,
      "correlation_with_target": 0.8731898713558556
    },
    "volume_momentum_5m": {
      "mean": 268.31464513657244,
      "std": 506.1322574909828,
      "min": -0.20728647236036413,
      "max": 1484.5347458976782,
      "correlation_with_target": 0.9755998517105474
    }
  }
}