{
    "strategy_metrics": {
        "momentum_15min": {
            "total_trades": 63548,
            "win_rate": 0.13424498017246805,
            "avg_return": 0.7531531980255879,
            "median_return": 0.0,
            "max_return": 16111.404230765704,
            "min_return": -86.20568755719911,
            "std_return": 88.56281854515412,
            "total_gains": 93385.7100618735,
            "total_losses": 45524.33063374342,
            "profit_factor": 2.0513362582569066,
            "avg_winning_trade": 10.946631117321944,
            "avg_losing_trade": -4.252623132530912
        },
        "momentum_60min": {
            "total_trades": 63548,
            "win_rate": 0.1814376534273305,
            "avg_return": 3.736675624860969,
            "median_return": 0.0,
            "max_return": 33328.356494539694,
            "min_return": -96.88972476406619,
            "std_return": 262.5041197960907,
            "total_gains": 344512.1812150369,
            "total_losses": 107053.91860637201,
            "profit_factor": 3.218118362222483,
            "avg_winning_trade": 29.87963410364587,
            "avg_losing_trade": -5.778577059612005
        },
        "volatility_15min": {
            "total_trades": 28354,
            "win_rate": 0.4361642096353248,
            "avg_return": 1.120296480574448,
            "median_return": -0.6183837234266851,
            "max_return": 1994.7608343138584,
            "min_return": -99.98522990482428,
            "std_return": 25.641962426188446,
            "total_gains": 148551.80584067144,
            "total_losses": 116786.91943046355,
            "profit_factor": 1.271990104415085,
            "avg_winning_trade": 12.011951632624843,
            "avg_losing_trade": -7.653641747851337
        },
        "volatility_60min": {
            "total_trades": 28354,
            "win_rate": 0.43034492487832404,
            "avg_return": 4.191019458554346,
            "median_return": -2.403286853209969,
            "max_return": 14414.805947193798,
            "min_return": -99.98522990482428,
            "std_return": 100.53537129195463,
            "total_gains": 337545.06699342525,
            "total_losses": 218712.90126557532,
            "profit_factor": 1.5433249023730715,
            "avg_winning_trade": 27.66309350872195,
            "avg_losing_trade": -13.684951899985942
        },
        "breakout_15min": {
            "total_trades": 6679,
            "win_rate": 0.4195238808204821,
            "avg_return": 0.8790650092840312,
            "median_return": -1.0975497136792471,
            "max_return": 2456.806634439112,
            "min_return": -99.98522990482428,
            "std_return": 36.01830479474929,
            "total_gains": 36918.01147626737,
            "total_losses": 31046.73627925933,
            "profit_factor": 1.189110866411112,
            "avg_winning_trade": 13.175592960837747,
            "avg_losing_trade": -8.307930500203193
        },
        "breakout_60min": {
            "total_trades": 6679,
            "win_rate": 0.38613564904925884,
            "avg_return": 4.254057456249292,
            "median_return": -4.099263537741726,
            "max_return": 8786.536118216356,
            "min_return": -99.98522990482428,
            "std_return": 130.92152602903107,
            "total_gains": 86284.57488096785,
            "total_losses": 57871.725130678824,
            "profit_factor": 1.4909625501249637,
            "avg_winning_trade": 33.4566013497355,
            "avg_losing_trade": -14.212113244272796
        }
    },
    "time_analysis": {
        "hourly_performance": {
            "0": {
                "trade_count": 8750,
                "avg_return": 1.443169594108059,
                "win_rate": 0.25474285714285716
            },
            "1": {
                "trade_count": 9136,
                "avg_return": 0.5585370450028044,
                "win_rate": 0.26510507880910683
            },
            "2": {
                "trade_count": 9044,
                "avg_return": 3.9416223585084587,
                "win_rate": 0.24756744803184433
            },
            "3": {
                "trade_count": 8658,
                "avg_return": 2.682657371324762,
                "win_rate": 0.22822822822822822
            },
            "4": {
                "trade_count": 8768,
                "avg_return": 0.8352216138650597,
                "win_rate": 0.23357664233576642
            },
            "5": {
                "trade_count": 8712,
                "avg_return": 2.6691143128308363,
                "win_rate": 0.23415977961432508
            },
            "6": {
                "trade_count": 8624,
                "avg_return": 1.160459946644511,
                "win_rate": 0.2403756957328386
            },
            "7": {
                "trade_count": 7704,
                "avg_return": 0.23852476093423378,
                "win_rate": 0.2533748701973001
            },
            "8": {
                "trade_count": 7404,
                "avg_return": 0.9045366665732981,
                "win_rate": 0.2593192868719611
            },
            "9": {
                "trade_count": 7352,
                "avg_return": 0.7523158877682112,
                "win_rate": 0.2588411316648531
            },
            "10": {
                "trade_count": 7510,
                "avg_return": 0.5717624192394204,
                "win_rate": 0.2700399467376831
            },
            "11": {
                "trade_count": 7354,
                "avg_return": 2.326903895601178,
                "win_rate": 0.25115583355996735
            },
            "12": {
                "trade_count": 7544,
                "avg_return": 11.69095723669628,
                "win_rate": 0.25172322375397665
            },
            "13": {
                "trade_count": 7554,
                "avg_return": 1.02809201816802,
                "win_rate": 0.2586709028329362
            },
            "14": {
                "trade_count": 7842,
                "avg_return": 0.8058661865667771,
                "win_rate": 0.2623055343024739
            },
            "15": {
                "trade_count": 7654,
                "avg_return": 0.7177592303335948,
                "win_rate": 0.2483668669976483
            },
            "16": {
                "trade_count": 7836,
                "avg_return": 0.9993746164647439,
                "win_rate": 0.2616130678917815
            },
            "17": {
                "trade_count": 8226,
                "avg_return": 0.4122992355444973,
                "win_rate": 0.25966447848285923
            },
            "18": {
                "trade_count": 7948,
                "avg_return": 0.9212904180946824,
                "win_rate": 0.24484146955208858
            },
            "19": {
                "trade_count": 8400,
                "avg_return": 0.7942658421318846,
                "win_rate": 0.27
            },
            "20": {
                "trade_count": 8740,
                "avg_return": 2.1628332365826517,
                "win_rate": 0.269908466819222
            },
            "21": {
                "trade_count": 8644,
                "avg_return": 1.92460267481685,
                "win_rate": 0.2530078667283665
            },
            "22": {
                "trade_count": 8854,
                "avg_return": 6.6467592082923606,
                "win_rate": 0.25525186356449064
            },
            "23": {
                "trade_count": 8904,
                "avg_return": 10.125424832591996,
                "win_rate": 0.26022012578616355
            }
        }
    }
}