{
    "overall_metrics": {
        "total_trades": 98581,
        "profitable_trades": 26311,
        "avg_return": 3.902407949673911,
        "median_return": 0.0,
        "max_return": 33328.356494539694,
        "min_return": -99.98522990482428,
        "std_return": 220.20034012620067,
        "win_rate": 0.26689727229384974,
        "avg_holding_time": 59.8443412,
        "max_drawdown": 100.0,
        "profit_factor": 2.002775354817828,
        "sharpe_ratio": 0.2798874674866626
    },
    "strategy_metrics": {
        "momentum": {
            "total_trades": 63548,
            "win_rate": 0.1814376534273305,
            "avg_return": 3.736675624860969,
            "median_return": 0.0,
            "max_return": 33328.356494539694,
            "min_return": -96.88972476406619,
            "std_return": 262.5041197960907,
            "profit_factor": 3.218118362222483,
            "avg_holding_time": 59.78142505
        },
        "volatility": {
            "total_trades": 28354,
            "win_rate": 0.43034492487832404,
            "avg_return": 4.191019458554346,
            "median_return": -2.403286853209969,
            "max_return": 14414.805947193798,
            "min_return": -99.98522990482428,
            "std_return": 100.53537129195463,
            "profit_factor": 1.5433249023730715,
            "avg_holding_time": 59.970374549999995
        },
        "breakout": {
            "total_trades": 6679,
            "win_rate": 0.38613564904925884,
            "avg_return": 4.254057456249292,
            "median_return": -4.099263537741726,
            "max_return": 8786.536118216356,
            "min_return": -99.98522990482428,
            "std_return": 130.92152602903107,
            "profit_factor": 1.4909625501249637,
            "avg_holding_time": 59.90792033333333
        }
    },
    "time_analysis": {
        "hourly_performance": {
            