{
    "overall": {
        "total_trades": 616,
        "unique_tokens": 125,
        "avg_return": 2.3699226236872306,
        "median_return": -0.542008058925624,
        "win_rate": 0.45616883116883117,
        "return_buckets": {
            ">100%": 4,
            "50-100%": 15,
            "20-50%": 58,
            "0-20%": 217,
            "<0%": 322
        }
    },
    "3min_holding": {
        "total_trades": 208,
        "win_rate": 0.4230769230769231,
        "avg_return": -0.6897837260204547,
        "median_return": -0.3188703790427005,
        "max_return": 22.86749055742428,
        "avg_winning_trade": 5.180925690827744,
        "avg_losing_trade": -5.449058870955418,
        "return_buckets": {
            ">100%": 0,
            "50-100%": 0,
            "20-50%": 1,
            "0-20%": 97,
            "<0%": 110
        }
    },
    "15min_holding": {
        "total_trades": 207,
        "win_rate": 0.4782608695652174,
        "avg_return": 2.3083978961422766,
        "median_return": -0.717218717254028,
        "max_return": 92.70683121725335,
        "avg_winning_trade": 16.992646759731638,
        "avg_losing_trade": -11.470796806780772,
        "return_buckets": {
            ">100%": 0,
            "50-100%": 4,
            "20-50%": 25,
            "0-20%": 73,
            "<0%": 105
        }
    },
    "45min_holding": {
        "total_trades": 201,
        "win_rate": 0.46766169154228854,
        "avg_return": 5.599547197523071,
        "median_return": -1.0938066943782898,
        "max_return": 558.1790274923821,
        "avg_winning_trade": 33.244157862190896,
        "avg_losing_trade": -18.686372451811284,
        "return_buckets": {
            ">100%": 4,
            "50-100%": 11,
            "20-50%": 32,
            "0-20%": 47,
            "<0%": 107
        }
    }
}