{
    "mae": 114.91502803116296,
    "rmse": 1125.6709684736436,
    "r2": -0.00599279651879332,
    "accuracy_5x": 0.9989069170691259,
    "precision_5x": 1.0,
    "recall_5x": 0.9989069170691259,
    "f1_5x": 0.9994531315997552,
    "accuracy_10x": 0.8507989422139552,
    "precision_10x": 0.7746140596893819,
    "recall_10x": 0.8014170401315954,
    "f1_10x": 0.7875888071444462,
    "accuracy_20x": 0.9322310059799275,
    "precision_20x": 0.8648125824553763,
    "recall_20x": 0.6238498259309949,
    "f1_20x": 0.724473330358527,
    "accuracy_50x": 0.945074496972685,
    "precision_50x": 0.0,
    "recall_50x": 0.0,
    "f1_50x": 0.0,
    "accuracy_100x": 0.9717182300012326,
    "precision_100x": 0.0,
    "recall_100x": 0.0,
    "f1_100x": 0.0,
    "spearman_corr": 0.7618384412982877,
    "fold": 3.0
}