{
  "trade_id": "TRADE_20250210_215057_21",
  "token_symbol": "BLOB",
  "entry_time": "2025-02-10T22:00:23.310275",
  "market_price": 5.6853337757942186e-06,
  "entry_price": 6.538133842163351e-06,
  "position_size": 100,
  "confidence_score": 0.8,
  "features": {
    "momentum_5m": -0.004568300195873176,
    "volatility_5m": 0.0021001001521976223,
    "momentum_7m": -0.09515754485252281,
    "trend_acceleration": -0.0004762388998243007
  }
}