{
  "trade_id": "TRADE_20250210_215057_12",
  "token_symbol": "OCD",
  "entry_time": "2025-02-10T21:58:30.195452",
  "market_price": 5.639964069289278e-06,
  "entry_price": 6.4859586796826695e-06,
  "position_size": 100,
  "confidence_score": 0.6,
  "features": {
    "momentum_5m": -0.013455856374050779,
    "volatility_5m": 0.005943186615488892,
    "momentum_7m": -0.1188777950411749
  }
}