{
  "trade_id": "TRADE_20250210_215057_20",
  "token_symbol": "MarkQunt",
  "entry_time": "2025-02-10T22:00:16.985909",
  "market_price": 5.6271460626032775e-06,
  "entry_price": 6.471217971993769e-06,
  "position_size": 100,
  "confidence_score": 0.6,
  "features": {
    "momentum_5m": 0.0,
    "volatility_5m": 0.0,
    "momentum_7m": -0.12843185279067215
  }
}