{
  "trade_id": "TRADE_20250210_215057_17",
  "token_symbol": "Single",
  "entry_time": "2025-02-10T21:59:31.301638",
  "market_price": 5.6402612671015375e-06,
  "entry_price": 6.4863004571667676e-06,
  "position_size": 100,
  "confidence_score": 0.6,
  "features": {
    "momentum_5m": -0.0029443993033563265,
    "volatility_5m": 0.0009784953921832193,
    "momentum_7m": -0.14106423655287137
  }
}