{
  "trade_id": "TRADE_20250210_215057_14",
  "token_symbol": "LOVEMAGA",
  "entry_time": "2025-02-10T21:58:55.390239",
  "market_price": 5.63981187415963e-06,
  "entry_price": 6.485783655283574e-06,
  "position_size": 100,
  "confidence_score": 0.6,
  "features": {
    "momentum_5m": 0.0017699271817575024,
    "volatility_5m": 0.0017280093725683223,
    "momentum_7m": -0.1069103146638124
  }
}