{
  "trade_id": "TRADE_20250210_215057_3",
  "token_symbol": "CULT",
  "entry_time": "2025-02-10T21:56:31.743050",
  "market_price": 5.63747304945962e-06,
  "entry_price": 6.483094006878562e-06,
  "position_size": 100,
  "confidence_score": 0.6,
  "features": {
    "momentum_5m": -0.0016420727667310064,
    "volatility_5m": 0.0008210363833655033,
    "momentum_7m": -0.1314343358957052
  }
}