{
  "trade_id": "TRADE_20250210_215057_9",
  "token_symbol": "emisnail",
  "entry_time": "2025-02-10T21:57:51.979574",
  "market_price": 5.63943996528728e-06,
  "entry_price": 6.485355960080372e-06,
  "position_size": 100,
  "confidence_score": 0.6,
  "features": {
    "momentum_5m": -0.0017157910191792913,
    "volatility_5m": 0.0007697251216418756,
    "momentum_7m": -0.14142193525227786
  }
}