{
  "trade_id": "TRADE_20250210_215057_15",
  "token_symbol": "PCT",
  "entry_time": "2025-02-10T21:59:15.510231",
  "market_price": 5.648496695577696e-06,
  "entry_price": 6.49577119991435e-06,
  "position_size": 100,
  "confidence_score": 0.6,
  "features": {
    "momentum_5m": 0.0002986684773569337,
    "volatility_5m": 0.00014933423867846685,
    "momentum_7m": -0.10032777966466055
  }
}