{
  "trade_id": "TRADE_20250101_124321_10",
  "token_address": "5hUoghmpUheQYcqfLMaTYuaNEW4jzJiCWkyNUPwApump",
  "token_symbol": "V",
  "entry_time": "2025-01-01T13:56:02.286614",
  "market_price": 1.0041477976881706e-05,
  "entry_price_with_slippage": 1.1547699673413961e-05,
  "slippage_percent": 15,
  "position_size": 100,
  "confidence_score": 1.0,
  "features": {
    "momentum_5m": 0.8687433455415239,
    "momentum_7m": 0.8687433455415239,
    "trend_acceleration": 0.10859291819269049,
    "price_change_15m": 0.8687433455415239
  }
}