{
  "trade_id": "TRADE_20250101_124321_4",
  "token_address": "GTZ4wz7htsVwj4rM4Si7KsvPQT8XV1Z9K5wjHQrspump",
  "token_symbol": "CONVICTION",
  "entry_time": "2025-01-01T13:15:59.436338",
  "market_price": 1.2749264644577451e-05,
  "entry_price_with_slippage": 1.4661654341264068e-05,
  "slippage_percent": 15,
  "position_size": 100,
  "confidence_score": 1.0,
  "features": {
    "momentum_5m": 0.33247846329670216,
    "momentum_7m": 0.33575374551372383,
    "trend_acceleration": 0.02545260812657474,
    "price_change_15m": 0.789232510108764
  }
}