{
  "trade_id": "TRADE_20250101_124321_9",
  "token_address": "8CV5MHv4ae4eyZikwhMUts3WAoGc7oxQ1DUsBxdLpump",
  "token_symbol": "YOA",
  "entry_time": "2025-01-01T13:43:50.319616",
  "market_price": 8.220580485201717e-06,
  "entry_price_with_slippage": 9.453667557981974e-06,
  "slippage_percent": 15,
  "position_size": 100,
  "confidence_score": 1.0,
  "features": {
    "momentum_5m": 0.5339426288924403,
    "momentum_7m": 0.5339426288924403,
    "trend_acceleration": 0.06674282861155503,
    "price_change_15m": 0.5339426288924403
  }
}