{
  "trade_id": "TRADE_20250101_124321_7",
  "token_address": "CHdFSxSSdAsJ5GeMSpRMxuD6PtrWH3YEQQpGdGmkpump",
  "token_symbol": "KEKIUS",
  "entry_time": "2025-01-01T13:25:46.658953",
  "market_price": 1.4187475289492837e-05,
  "entry_price_with_slippage": 1.631559658291676e-05,
  "slippage_percent": 15,
  "position_size": 100,
  "confidence_score": 1.0,
  "features": {
    "momentum_5m": 0.47704379344591197,
    "momentum_7m": 0.48616856469062175,
    "trend_acceleration": 0.04063558598823383,
    "price_change_15m": 0.5710599048105289
  }
}