{
  "trade_id": "TRADE_20250101_124321_3",
  "token_address": "DZ44bH3Dey5FHNVqXL6SamHaESYquzMXVi4WnDP1pump",
  "token_symbol": "PILU",
  "entry_time": "2025-01-01T13:14:38.132125",
  "market_price": 2.3764571737809407e-05,
  "entry_price_with_slippage": 2.7329257498480816e-05,
  "slippage_percent": 15,
  "position_size": 100,
  "confidence_score": 1.0,
  "features": {
    "momentum_5m": 1.1212273279223481,
    "momentum_7m": 1.994134876333891,
    "trend_acceleration": 0.08239287217518809,
    "price_change_15m": 1.5033689200724472
  }
}