{
  "trade_id": "TRADE_20250101_124321_14",
  "token_address": "FJwqmrwdsegwEmZP8QTFttbGHkpWEmBuSe2tSyj8pump",
  "token_symbol": "NIKYRA",
  "entry_time": "2025-01-01T14:10:16.662908",
  "market_price": 8.859701126908934e-06,
  "entry_price_with_slippage": 1.0188656295945274e-05,
  "slippage_percent": 15,
  "position_size": 100,
  "confidence_score": 1.0,
  "features": {
    "momentum_5m": 0.6491662204795117,
    "momentum_7m": 0.6491662204795117,
    "trend_acceleration": 0.06383547839506817,
    "price_change_15m": 0.6491662204795117
  }
}