{
  "trade_id": "TRADE_20250101_124321_17",
  "token_address": "57qh3kUFmRc2QpFVXYLDT4zfwHoTLEv7umrjSW4qpump",
  "token_symbol": "CYBREXPL",
  "entry_time": "2025-01-01T14:13:48.913281",
  "market_price": 1.1047700742369724e-05,
  "entry_price_with_slippage": 1.2704855853725181e-05,
  "slippage_percent": 15,
  "position_size": 100,
  "confidence_score": 1.0,
  "features": {
    "momentum_5m": 0.6191479456743632,
    "momentum_7m": 0.6191479456743632,
    "trend_acceleration": 0.023060059050101084,
    "price_change_15m": 0.961328732316028
  }
}