{
  "trade_id": "TRADE_20250101_124321_16",
  "token_address": "57qh3kUFmRc2QpFVXYLDT4zfwHoTLEv7umrjSW4qpump",
  "token_symbol": "CYBREXPL",
  "entry_time": "2025-01-01T14:12:48.418340",
  "market_price": 9.327043374533036e-06,
  "entry_price_with_slippage": 1.0726099880712991e-05,
  "slippage_percent": 15,
  "position_size": 100,
  "confidence_score": 1.0,
  "features": {
    "momentum_5m": 0.3669688807891718,
    "momentum_7m": 0.3669688807891718,
    "trend_acceleration": 0.056955912973284534,
    "price_change_15m": 0.6558556920238925
  }
}