{
  "trade_id": "TRADE_20250101_124321_8",
  "token_address": "E6tBVjyromH7PJ4qafRH7mV91khyN7zNMHwSKTe8pump",
  "token_symbol": "HIVE",
  "entry_time": "2025-01-01T13:37:05.311781",
  "market_price": 1.3160509635671198e-05,
  "entry_price_with_slippage": 1.5134586081021877e-05,
  "slippage_percent": 15,
  "position_size": 100,
  "confidence_score": 1.0,
  "features": {
    "momentum_5m": 0.28606000648569796,
    "momentum_7m": 0.5905084358427972,
    "trend_acceleration": 0.03608224433418436,
    "price_change_15m": 0.7447007849184142
  }
}