{
  "trade_id": "TRADE_20250109_221758_8",
  "token_address": "JCD1EJkGq6PEmyYZwtNGYeUwpNvPcmF8VZzvxP1opump",
  "token_symbol": "FATASS",
  "entry_time": "2025-01-09T22:51:33.894011",
  "market_price": 1.3650667578426797e-05,
  "entry_price_with_slippage": 1.5015734336269477e-05,
  "slippage_percent": 10.000000000000009,
  "position_size": 100,
  "confidence_score": 1.0,
  "features": {
    "momentum_5m": 0.12495380815862123,
    "momentum_7m": 0.15082877313907095,
    "trend_acceleration": 0.014202090144377635,
    "price_change_15m": 0.30083455966093386
  },
  "volume": 62285.00630011446
}