{
  "trade_id": "TRADE_20250109_221758_12",
  "token_address": "DfoJDDTmA71ZZCbXzsNHjoGV8b87TncNUABQfcQppump",
  "token_symbol": "FAI",
  "entry_time": "2025-01-09T22:57:40.347493",
  "market_price": 6.852190296402563e-06,
  "entry_price_with_slippage": 7.53740932604282e-06,
  "slippage_percent": 10.000000000000009,
  "position_size": 100,
  "confidence_score": 0.9249999999999999,
  "features": {
    "momentum_5m": 0.1380448988032994,
    "momentum_7m": 0.1380448988032994,
    "trend_acceleration": 0.013026555502368947,
    "price_change_15m": 0.1371902757204806
  },
  "volume": 5389.704854816944
}