{
  "trade_id": "TRADE_20250109_221758_34",
  "token_address": "B33DeoEMQsVPhiDZaK2eDYCTv57Tdv6w9LabAgUepump",
  "token_symbol": "CID",
  "entry_time": "2025-01-09T23:14:19.152123",
  "market_price": 1.0634596356304162e-05,
  "entry_price_with_slippage": 1.169805599193458e-05,
  "slippage_percent": 10.000000000000009,
  "position_size": 100,
  "confidence_score": 0.85,
  "features": {
    "momentum_5m": 0.24294229165360348,
    "momentum_7m": 0.24774859931556592,
    "trend_acceleration": 0.0662353456025539,
    "price_change_15m": -0.755865979223452
  },
  "volume": 170742.38810446867
}