{
  "trade_id": "TRADE_20250109_221758_2",
  "token_address": "8o2fKcvJkLNto6uZ2JDbxN73XGS6q5aWdihXi4Mzpump",
  "token_symbol": "HIVcoin",
  "entry_time": "2025-01-09T22:40:38.329366",
  "market_price": 7.859024449890485e-06,
  "entry_price_with_slippage": 8.644926894879535e-06,
  "slippage_percent": 10.000000000000009,
  "position_size": 100,
  "confidence_score": 0.875,
  "features": {
    "momentum_5m": 0.27733527859927354,
    "momentum_7m": 0.27733527859927354,
    "trend_acceleration": 0.0026970634098452545,
    "price_change_15m": 0.3591652882380185
  },
  "volume": 4973.235597518062
}