{
  "trade_id": "TRADE_20250109_221758_18",
  "token_address": "HLPPgonco1wfmJ1m1zywQNNxuyqBNwRPpd5Ub1SJpump",
  "token_symbol": "NO DIDDY",
  "entry_time": "2025-01-09T23:03:42.748202",
  "market_price": 1.0243744501110484e-05,
  "entry_price_with_slippage": 1.1268118951221533e-05,
  "slippage_percent": 10.000000000000009,
  "position_size": 100,
  "confidence_score": 0.875,
  "features": {
    "momentum_5m": 0.16057009791041055,
    "momentum_7m": 0.20413756652710746,
    "trend_acceleration": 0.0008647508768148543,
    "price_change_15m": 0.27031859124331015
  },
  "volume": 11601.43353570353
}