{
  "token_address": "3gHTnDrkd6x4ERgR6i8mpTkpEajxkDS2rtw534TN7AoW",
  "spike_time": "2024-10-01T01:39:00",
  "price_mean": 0.0003163855554363125,
  "price_std": 7.689504999417829e-05,
  "price_min": 0.0001736677441561,
  "price_max": 0.0005572782298438,
  "price_last": 0.0005572782298438,
  "rsi_7": 94.50067764972955,
  "rsi_7_slope": 4.0057474610904915,
  "rsi_14": 89.83718547345202,
  "rsi_14_slope": 8.123039344101521,
  "macd": NaN,
  "macd_signal": NaN,
  "macd_divergence": NaN,
  "price_change_3m": 0.6888301560067793,
  "volatility_3m": 0.4539332020404314,
  "momentum_3m": 0.3386029403688454,
  "momentum_std_3m": 0.4539332020404314,
  "acceleration_3m": 0.6419584907370244,
  "trend_strength_3m": 0.626425069794632,
  "trend_consistency_3m": 1.0,
  "price_change_5m": 0.7532308579830623,
  "volatility_5m": 0.32055829623995313,
  "momentum_5m": 0.17874561529010213,
  "momentum_std_5m": 0.32055829623995313,
  "acceleration_5m": 0.2135096445800415,
  "trend_strength_5m": 0.5576072040147809,
  "trend_consistency_5m": 1.0,
  "price_change_10m": 0.9120714299767474,
  "volatility_10m": 0.21443960833724082,
  "momentum_10m": 0.0892677707699402,
  "momentum_std_10m": 0.21443960833724082,
  "acceleration_10m": 0.08079267876009419,
  "trend_strength_10m": 0.41628396667071066,
  "trend_consistency_10m": 1.0,
  "price_change_15m": 1.2095333799066867,
  "volatility_15m": 0.19818738782533196,
  "momentum_15m": 0.07239152102965275,
  "momentum_std_15m": 0.19818738782533196,
  "acceleration_15m": 0.026411310942275855,
  "trend_strength_15m": 0.36526805173623567,
  "trend_consistency_15m": 0.8571428571428571,
  "volume_total": 11585287.59338,
  "volume_mean": 1158528.759338,
  "volume_std": 1593581.0994189647,
  "volume_skew": 1.2458222657081526,
  "volume_kurtosis": 0.019203512161301894,
  "avg_trade_interval": -79081.44444444444,
  "trade_interval_std": 103265.76314794646,
  "whale_trade_count": 1,
  "whale_volume_ratio": 0.3415127993908252,
  "volume_1m": 2567.017948,
  "trades_count_1m": 1,
  "avg_trade_size_1m": 2567.017948,
  "max_trade_size_1m": 2567.017948,
  "buy_sell_ratio_1m": 0.0,
  "buy_sell_imbalance_1m": -1.0,
  "large_trade_ratio_1m": 1.0,
  "volume_3m": 88407.91584799999,
  "trades_count_3m": 3,
  "avg_trade_size_3m": 29469.305282666664,
  "max_trade_size_3m": 64018.447558,
  "buy_sell_ratio_3m": 0.0,
  "buy_sell_imbalance_3m": -1.0,
  "large_trade_ratio_3m": 0.3333333333333333,
  "volume_momentum_3m": 0.4868515057003116,
  "volume_momentum_std_3m": 2.0460182913742857,
  "volume_acceleration_3m": -2.8935068165249413,
  "volume_5m": 2634942.5345450006,
  "trades_count_5m": 5,
  "avg_trade_size_5m": 526988.5069090001,
  "max_trade_size_5m": 1958872.783613,
  "buy_sell_ratio_5m": 0.0,
  "buy_sell_imbalance_5m": -1.0,
  "large_trade_ratio_5m": 0.2,
  "volume_momentum_5m": -0.1722906553632044,
  "volume_momentum_std_5m": 1.409327685230541,
  "volume_acceleration_5m": -0.08663396752073682,
  "volume_10m": 11585287.59338,
  "trades_count_10m": 10,
  "avg_trade_size_10m": 1158528.759338,
  "max_trade_size_10m": 3956523.997763,
  "buy_sell_ratio_10m": 0.003739585792355793,
  "buy_sell_imbalance_10m": -0.9925486932162714,
  "large_trade_ratio_10m": 0.1,
  "volume_momentum_10m": 9.538301024438097,
  "volume_momentum_std_10m": 29.709219332126313,
  "volume_acceleration_10m": -0.12087888851513234,
  "volume_15m": 11585287.59338,
  "trades_count_15m": 10,
  "avg_trade_size_15m": 1158528.759338,
  "max_trade_size_15m": 3956523.997763,
  "buy_sell_ratio_15m": 0.003739585792355793,
  "buy_sell_imbalance_15m": -0.9925486932162714,
  "large_trade_ratio_15m": 0.1,
  "volume_momentum_15m": 9.538301024438097,
  "volume_momentum_std_15m": 29.709219332126313,
  "volume_acceleration_15m": -0.12087888851513234,
  "volume_trend_slope": -387290.81341929693,
  "volume_trend_r2": 0.5414239836195143,
  "volume_trend_strength": 0.24303175631319107,
  "volume_acceleration": -0.12087888851513234,
  "trade_interval_skew": -2.165368459502993,
  "cluster_count": 1,
  "clustering_ratio": 0.1,
  "liquidity": 5466.880229544768,
  "market_count": 1,
  "holder_count": 323,
  "unique_wallets_24h": 2,
  "active_ratio": 0.006191950464396285,
  "average_holding": 0.0,
  "trades_24h": 1,
  "trades_per_holder": 0.0030959752321981426,
  "volume_per_holder": 0.0,
  "has_valid_liquidity": true,
  "has_valid_holders": true,
  "has_recent_trades": false,
  "has_price_data": true,
  "trend_strength_2m": 0.745931204958844,
  "trend_consistency_2m": 1.0,
  "momentum_strength_2m": 0.745931204958844,
  "pattern_type_2m": "uptrend",
  "momentum_strength_3m": 0.626425069794632,
  "pattern_type_3m": "uptrend",
  "volatility_acceleration_1m": NaN,
  "volatility_acceleration_3m": 494.7346747153032,
  "volatility_regime_3m": "high",
  "volatility_acceleration_5m": 43.48779289589743,
  "volatility_regime_5m": "high",
  "volatility_acceleration_10m": 5.4233572405055535,
  "volatility_regime_10m": "high",
  "volatility_acceleration_15m": 1.4424018632085902,
  "volatility_regime_15m": "normal",
  "rsi_divergence_7": false,
  "rsi_divergence_14": false,
  "patterns_detected": true,
  "volatility_adjusted_momentum_3m": 0.626425069794632,
  "volatility_adjusted_momentum_5m": 0.5020542554682902,
  "volatility_adjusted_momentum_10m": 0.4288595869845037,
  "volatility_adjusted_momentum_15m": 0.45514705189535604,
  "rsi_trend_strength_7": 2.913234391394604,
  "rsi_trend_strength_14": 3.2183440268901164,
  "rsi_trend_strength_21": 0,
  "data_points_count": 16,
  "trades_count": 10,
  "feature_extraction_time": "2024-10-27T12:30:42.578275",
  "data_run_dir": "run_20241023_171347"
}