{
  "token_address": "4CejUSxbgDXpLwFDyzgG8Ey8r6A3qwtCnLYwN4gRyRFC",
  "spike_time": "2024-09-29T15:50:00",
  "price_mean": 0.3481610771397692,
  "price_std": 0.041948191953379364,
  "price_min": 0.2971311422611224,
  "price_max": 0.4414673915053789,
  "price_last": 0.4414673915053789,
  "rsi_7": 85.68614424775545,
  "rsi_7_slope": 3.369614429777225,
  "rsi_14": 79.80480507390078,
  "rsi_14_slope": 3.6963839616503265,
  "macd": NaN,
  "macd_signal": NaN,
  "macd_divergence": NaN,
  "price_change_3m": 0.13260573802723036,
  "volatility_3m": 0.014851740948739686,
  "momentum_3m": 0.06429132531080728,
  "momentum_std_3m": 0.014851740948739686,
  "acceleration_3m": -0.02100353347455952,
  "trend_strength_3m": 5.421288175883156,
  "trend_consistency_3m": 1.0,
  "price_change_5m": 0.2663257871267772,
  "volatility_5m": 0.01800776840831061,
  "momentum_5m": 0.06092196283762619,
  "momentum_std_5m": 0.01800776840831061,
  "acceleration_5m": 0.005012206574134333,
  "trend_strength_5m": 3.383093421476401,
  "trend_consistency_5m": 1.0,
  "price_change_10m": 0.36320206433037366,
  "volatility_10m": 0.04802272473281078,
  "momentum_10m": 0.0360425910303471,
  "momentum_std_10m": 0.04802272473281078,
  "acceleration_10m": 0.01388219494616276,
  "trend_strength_10m": 0.7505319873222762,
  "trend_consistency_10m": 0.7777777777777778,
  "price_change_15m": 0.37891228527680715,
  "volatility_15m": 0.05667865468796866,
  "momentum_15m": 0.02469691479852426,
  "momentum_std_15m": 0.05667865468796866,
  "acceleration_15m": -0.0010863758947795821,
  "trend_strength_15m": 0.43573572687085577,
  "trend_consistency_15m": 0.6428571428571429,
  "volume_total": 96282547.43323895,
  "volume_mean": 9628254.743323896,
  "volume_std": 11126502.024090493,
  "volume_skew": 1.0859837601235143,
  "volume_kurtosis": -0.14366096448489607,
  "avg_trade_interval": -92004.88888888889,
  "trade_interval_std": 94557.86889709979,
  "whale_trade_count": 1,
  "whale_volume_ratio": 0.32729746498838186,
  "volume_1m": 31513033.697522745,
  "trades_count_1m": 1,
  "avg_trade_size_1m": 31513033.697522745,
  "max_trade_size_1m": 31513033.697522745,
  "buy_sell_ratio_1m": Infinity,
  "buy_sell_imbalance_1m": 1.0,
  "large_trade_ratio_1m": 1.0,
  "volume_3m": 46002916.06427072,
  "trades_count_3m": 3,
  "avg_trade_size_3m": 15334305.354756907,
  "max_trade_size_3m": 31513033.697522745,
  "buy_sell_ratio_3m": 2.174830195298221,
  "buy_sell_imbalance_3m": 0.37004504903540697,
  "large_trade_ratio_3m": 0.3333333333333333,
  "volume_momentum_3m": 3.1251704734519055,
  "volume_momentum_std_3m": 5.293666655430762,
  "volume_acceleration_3m": 7.486375178792405,
  "volume_5m": 51387444.433543205,
  "trades_count_5m": 5,
  "avg_trade_size_5m": 10277488.886708641,
  "max_trade_size_5m": 31513033.697522745,
  "buy_sell_ratio_5m": 1.585608454816142,
  "buy_sell_imbalance_5m": 0.22648767787146779,
  "large_trade_ratio_5m": 0.2,
  "volume_momentum_5m": 3.0014415586552596,
  "volume_momentum_std_5m": 4.198088241875886,
  "volume_acceleration_5m": 2.5037116392906467,
  "volume_10m": 96282547.43323895,
  "trades_count_10m": 10,
  "avg_trade_size_10m": 9628254.743323896,
  "max_trade_size_10m": 31513033.697522745,
  "buy_sell_ratio_10m": 1.3323818283733264,
  "buy_sell_imbalance_10m": 0.1425074678296304,
  "large_trade_ratio_10m": 0.1,
  "volume_momentum_10m": 8.68193135821564,
  "volume_momentum_std_10m": 21.669465194724033,
  "volume_acceleration_10m": 0.858675004853197,
  "volume_15m": 96282547.43323895,
  "trades_count_15m": 10,
  "avg_trade_size_15m": 9628254.743323896,
  "max_trade_size_15m": 31513033.697522745,
  "buy_sell_ratio_15m": 1.3323818283733264,
  "buy_sell_imbalance_15m": 0.1425074678296304,
  "large_trade_ratio_15m": 0.1,
  "volume_momentum_15m": 8.68193135821564,
  "volume_momentum_std_15m": 21.669465194724033,
  "volume_acceleration_15m": 0.858675004853197,
  "volume_trend_slope": 1212343.7755870032,
  "volume_trend_r2": 0.10882926865412067,
  "volume_trend_strength": 0.10896001033946723,
  "volume_acceleration": 0.858675004853197,
  "trade_interval_skew": -0.591695749555281,
  "cluster_count": 2,
  "clustering_ratio": 0.2,
  "liquidity": 0,
  "market_count": 2,
  "holder_count": 1306,
  "unique_wallets_24h": 1,
  "active_ratio": 0.0007656967840735069,
  "average_holding": 0.0,
  "trades_24h": 1,
  "trades_per_holder": 0.0007656967840735069,
  "volume_per_holder": 0.0,
  "has_valid_liquidity": false,
  "has_valid_holders": true,
  "has_recent_trades": false,
  "has_price_data": true,
  "trend_strength_2m": 4.328874677568559,
  "trend_consistency_2m": 1.0,
  "momentum_strength_2m": 4.328874677568559,
  "pattern_type_2m": "uptrend",
  "momentum_strength_3m": 5.421288175883156,
  "pattern_type_3m": "uptrend",
  "volatility_acceleration_1m": NaN,
  "volatility_acceleration_3m": 0.5923525901509783,
  "volatility_regime_3m": "low",
  "volatility_acceleration_5m": 0.9600494550004012,
  "volatility_regime_5m": "low",
  "volatility_acceleration_10m": 0.9719015779163441,
  "volatility_regime_10m": "normal",
  "volatility_acceleration_15m": 1.0005718271048216,
  "volatility_regime_15m": "normal",
  "rsi_divergence_7": false,
  "rsi_divergence_14": false,
  "patterns_detected": true,
  "volatility_adjusted_momentum_3m": 5.421288175883151,
  "volatility_adjusted_momentum_5m": 3.9260354289834565,
  "volatility_adjusted_momentum_10m": 0.43923360041492127,
  "volatility_adjusted_momentum_15m": 0.5012504210397531,
  "rsi_trend_strength_7": 3.009711434689123,
  "rsi_trend_strength_14": 7.075006866369132,
  "rsi_trend_strength_21": 0,
  "data_points_count": 16,
  "trades_count": 10,
  "feature_extraction_time": "2024-10-27T12:30:34.056057",
  "data_run_dir": "run_20241023_171347"
}