{
  "token_address": "4CejUSxbgDXpLwFDyzgG8Ey8r6A3qwtCnLYwN4gRyRFC",
  "spike_time": "2024-09-29T15:21:00",
  "price_mean": 0.22677919407124786,
  "price_std": 0.020987859836217593,
  "price_min": 0.1996575505464691,
  "price_max": 0.2693143501048832,
  "price_last": 0.2693143501048832,
  "rsi_7": 88.89137967239701,
  "rsi_7_slope": 4.066830360163349,
  "rsi_14": 83.04537500429824,
  "rsi_14_slope": 3.6125290022264736,
  "macd": NaN,
  "macd_signal": NaN,
  "macd_divergence": NaN,
  "price_change_3m": 0.09546667275325221,
  "volatility_3m": 0.00391973844151034,
  "momentum_3m": 0.04664910783317311,
  "momentum_std_3m": 0.00391973844151034,
  "acceleration_3m": 0.0055433472649391025,
  "trend_strength_3m": 1.3917964170367583,
  "trend_consistency_3m": 1.0,
  "price_change_5m": 0.09986302265785263,
  "volatility_5m": 0.026056278043005355,
  "momentum_5m": 0.024330464466670948,
  "momentum_std_5m": 0.026056278043005355,
  "acceleration_5m": 0.01707090634493254,
  "trend_strength_5m": 0.9337659210772166,
  "trend_consistency_5m": 0.75,
  "price_change_10m": 0.29636049040881696,
  "volatility_10m": 0.02381958471679728,
  "momentum_10m": 0.029504747838313757,
  "momentum_std_10m": 0.02381958471679728,
  "acceleration_10m": 0.005540565967854683,
  "trend_strength_10m": 1.2386759966267324,
  "trend_consistency_10m": 0.8888888888888888,
  "price_change_15m": 0.28201971147895377,
  "volatility_15m": 0.04246083666231811,
  "momentum_15m": 0.01875775973507506,
  "momentum_std_15m": 0.04246083666231811,
  "acceleration_15m": -0.0015108150613131284,
  "trend_strength_15m": 0.4417661357983,
  "trend_consistency_15m": 0.7857142857142857,
  "volume_total": 96282547.43323895,
  "volume_mean": 9628254.743323896,
  "volume_std": 11126502.024090493,
  "volume_skew": 1.0859837601235143,
  "volume_kurtosis": -0.14366096448489607,
  "avg_trade_interval": -92004.88888888889,
  "trade_interval_std": 94557.86889709979,
  "whale_trade_count": 1,
  "whale_volume_ratio": 0.32729746498838186,
  "volume_1m": 31513033.697522745,
  "trades_count_1m": 1,
  "avg_trade_size_1m": 31513033.697522745,
  "max_trade_size_1m": 31513033.697522745,
  "buy_sell_ratio_1m": Infinity,
  "buy_sell_imbalance_1m": 1.0,
  "large_trade_ratio_1m": 1.0,
  "volume_3m": 46002916.06427072,
  "trades_count_3m": 3,
  "avg_trade_size_3m": 15334305.354756907,
  "max_trade_size_3m": 31513033.697522745,
  "buy_sell_ratio_3m": 2.174830195298221,
  "buy_sell_imbalance_3m": 0.37004504903540697,
  "large_trade_ratio_3m": 0.3333333333333333,
  "volume_momentum_3m": 3.1251704734519055,
  "volume_momentum_std_3m": 5.293666655430762,
  "volume_acceleration_3m": 7.486375178792405,
  "volume_5m": 51387444.433543205,
  "trades_count_5m": 5,
  "avg_trade_size_5m": 10277488.886708641,
  "max_trade_size_5m": 31513033.697522745,
  "buy_sell_ratio_5m": 1.585608454816142,
  "buy_sell_imbalance_5m": 0.22648767787146779,
  "large_trade_ratio_5m": 0.2,
  "volume_momentum_5m": 3.0014415586552596,
  "volume_momentum_std_5m": 4.198088241875886,
  "volume_acceleration_5m": 2.5037116392906467,
  "volume_10m": 96282547.43323895,
  "trades_count_10m": 10,
  "avg_trade_size_10m": 9628254.743323896,
  "max_trade_size_10m": 31513033.697522745,
  "buy_sell_ratio_10m": 1.3323818283733264,
  "buy_sell_imbalance_10m": 0.1425074678296304,
  "large_trade_ratio_10m": 0.1,
  "volume_momentum_10m": 8.68193135821564,
  "volume_momentum_std_10m": 21.669465194724033,
  "volume_acceleration_10m": 0.858675004853197,
  "volume_15m": 96282547.43323895,
  "trades_count_15m": 10,
  "avg_trade_size_15m": 9628254.743323896,
  "max_trade_size_15m": 31513033.697522745,
  "buy_sell_ratio_15m": 1.3323818283733264,
  "buy_sell_imbalance_15m": 0.1425074678296304,
  "large_trade_ratio_15m": 0.1,
  "volume_momentum_15m": 8.68193135821564,
  "volume_momentum_std_15m": 21.669465194724033,
  "volume_acceleration_15m": 0.858675004853197,
  "volume_trend_slope": 1212343.7755870032,
  "volume_trend_r2": 0.10882926865412067,
  "volume_trend_strength": 0.10896001033946723,
  "volume_acceleration": 0.858675004853197,
  "trade_interval_skew": -0.591695749555281,
  "cluster_count": 2,
  "clustering_ratio": 0.2,
  "liquidity": 0,
  "market_count": 2,
  "holder_count": 1306,
  "unique_wallets_24h": 1,
  "active_ratio": 0.0007656967840735069,
  "average_holding": 0.0,
  "trades_24h": 1,
  "trades_per_holder": 0.0007656967840735069,
  "volume_per_holder": 0.0,
  "has_valid_liquidity": false,
  "has_valid_holders": true,
  "has_recent_trades": false,
  "has_price_data": true,
  "trend_strength_2m": 11.901076699188744,
  "trend_consistency_2m": 1.0,
  "momentum_strength_2m": 11.901076699188744,
  "pattern_type_2m": "uptrend",
  "momentum_strength_3m": 1.3917964170367583,
  "pattern_type_3m": "uptrend",
  "volatility_acceleration_1m": NaN,
  "volatility_acceleration_3m": 0.9701262176200546,
  "volatility_regime_3m": "normal",
  "volatility_acceleration_5m": 1.117940756387961,
  "volatility_regime_5m": "normal",
  "volatility_acceleration_10m": 0.8031095457583234,
  "volatility_regime_10m": "low",
  "volatility_acceleration_15m": 1.011028661639377,
  "volatility_regime_15m": "normal",
  "rsi_divergence_7": false,
  "rsi_divergence_14": false,
  "patterns_detected": true,
  "volatility_adjusted_momentum_3m": 1.3917964170367594,
  "volatility_adjusted_momentum_5m": 1.166033489314215,
  "volatility_adjusted_momentum_10m": 1.319793268225725,
  "volatility_adjusted_momentum_15m": 0.5018327850964984,
  "rsi_trend_strength_7": 8.080484319825315,
  "rsi_trend_strength_14": 8.162437575337117,
  "rsi_trend_strength_21": 0,
  "data_points_count": 16,
  "trades_count": 10,
  "feature_extraction_time": "2024-10-27T12:30:33.141768",
  "data_run_dir": "run_20241023_171347"
}