{
  "token_address": "4j2gUEmfbSAacvSSd6yXo8yEzXCAUVeoXrqLVV3apump",
  "spike_time": "2024-09-29T19:40:00",
  "price_mean": 0.00041049922731818125,
  "price_std": 5.670349502335993e-05,
  "price_min": 0.0003020884559062,
  "price_max": 0.0005337656921784,
  "price_last": 0.0005337656921784,
  "rsi_7": 69.70992812897909,
  "rsi_7_slope": 4.098375450511439,
  "rsi_14": 61.24915056380685,
  "rsi_14_slope": 8.475924813345252,
  "macd": NaN,
  "macd_signal": NaN,
  "macd_divergence": NaN,
  "price_change_3m": 0.3839158578975526,
  "volatility_3m": 0.1931494326212019,
  "momentum_3m": 0.18430114817072552,
  "momentum_std_3m": 0.1931494326212019,
  "acceleration_3m": 0.27315454717757204,
  "trend_strength_3m": 0.7993981513068099,
  "trend_consistency_3m": 1.0,
  "price_change_5m": 0.2815179646012709,
  "volatility_5m": 0.17633656734315706,
  "momentum_5m": 0.07427785505755088,
  "momentum_std_5m": 0.17633656734315706,
  "acceleration_5m": 0.13936384680321987,
  "trend_strength_5m": 0.421227747464334,
  "trend_consistency_5m": 0.75,
  "price_change_10m": 0.32565047375866124,
  "volatility_10m": 0.17347755062020723,
  "momentum_10m": 0.04518951144847673,
  "momentum_std_10m": 0.17347755062020723,
  "acceleration_10m": 0.042289579977464326,
  "trend_strength_10m": 0.2604919846223198,
  "trend_consistency_10m": 0.6666666666666666,
  "price_change_15m": 0.2716310001164894,
  "volatility_15m": 0.1624153857621903,
  "momentum_15m": 0.029421278619268472,
  "momentum_std_15m": 0.1624153857621903,
  "acceleration_15m": 0.03351169550573027,
  "trend_strength_15m": 0.18114834676036976,
  "trend_consistency_15m": 0.6428571428571429,
  "volume_total": 2256184.330583,
  "volume_mean": 225618.4330583,
  "volume_std": 272295.9676334778,
  "volume_skew": 1.3683391573454358,
  "volume_kurtosis": 2.0216951488695845,
  "avg_trade_interval": -282.77777777777777,
  "trade_interval_std": 269.0612280586789,
  "whale_trade_count": 1,
  "whale_volume_ratio": 0.37522332956024246,
  "volume_1m": 321880.456085,
  "trades_count_1m": 1,
  "avg_trade_size_1m": 321880.456085,
  "max_trade_size_1m": 321880.456085,
  "buy_sell_ratio_1m": Infinity,
  "buy_sell_imbalance_1m": 1.0,
  "large_trade_ratio_1m": 1.0,
  "volume_3m": 324012.838203,
  "trades_count_3m": 3,
  "avg_trade_size_3m": 108004.279401,
  "max_trade_size_3m": 321880.456085,
  "buy_sell_ratio_3m": 302.897538314472,
  "buy_sell_imbalance_3m": 0.9934188344825275,
  "large_trade_ratio_3m": 0.3333333333333333,
  "volume_momentum_3m": 150.44876915723603,
  "volume_momentum_std_3m": 212.76668978450218,
  "volume_acceleration_3m": 300.89753831447206,
  "volume_5m": 1000912.7926019998,
  "trades_count_5m": 5,
  "avg_trade_size_5m": 200182.55852039997,
  "max_trade_size_5m": 398060.931328,
  "buy_sell_ratio_5m": 0.4763462737889861,
  "buy_sell_imbalance_5m": -0.35469573467143095,
  "large_trade_ratio_5m": 0.2,
  "volume_momentum_5m": 75.08194553498062,
  "volume_momentum_std_5m": 150.54491228514755,
  "volume_acceleration_5m": 100.15665765032442,
  "volume_10m": 2256184.330583,
  "trades_count_10m": 10,
  "avg_trade_size_10m": 225618.4330583,
  "max_trade_size_10m": 846572.996623,
  "buy_sell_ratio_10m": 0.18636269667431063,
  "buy_sell_imbalance_10m": -0.6858250900896754,
  "large_trade_ratio_10m": 0.1,
  "volume_momentum_10m": 37.84785716388923,
  "volume_momentum_std_10m": 99.03444218103533,
  "volume_acceleration_10m": 34.374744870792185,
  "volume_15m": 2256184.330583,
  "trades_count_15m": 10,
  "avg_trade_size_15m": 225618.4330583,
  "max_trade_size_15m": 846572.996623,
  "buy_sell_ratio_15m": 0.18636269667431063,
  "buy_sell_imbalance_15m": -0.6858250900896754,
  "large_trade_ratio_15m": 0.1,
  "volume_momentum_15m": 37.84785716388923,
  "volume_momentum_std_15m": 99.03444218103533,
  "volume_acceleration_15m": 34.374744870792185,
  "volume_trend_slope": -13826.782350660607,
  "volume_trend_r2": 0.02363585256449007,
  "volume_trend_strength": 0.05077850572239122,
  "volume_acceleration": 34.374744870792185,
  "trade_interval_skew": -0.5384106220518531,
  "cluster_count": 1,
  "clustering_ratio": 0.1,
  "liquidity": 114266.54385933696,
  "market_count": 5,
  "holder_count": 2343,
  "unique_wallets_24h": 289,
  "active_ratio": 0.12334613743064447,
  "average_holding": 0.0,
  "trades_24h": 340,
  "trades_per_holder": 0.14511310285958173,
  "volume_per_holder": 0.0,
  "has_valid_liquidity": true,
  "has_valid_holders": true,
  "has_recent_trades": false,
  "has_price_data": true,
  "trend_strength_2m": 0.9541894359698724,
  "trend_consistency_2m": 1.0,
  "momentum_strength_2m": 0.9541894359698724,
  "pattern_type_2m": "uptrend",
  "momentum_strength_3m": 0.7993981513068099,
  "pattern_type_3m": "uptrend",
  "volatility_acceleration_1m": NaN,
  "volatility_acceleration_3m": 2.1051416038681157,
  "volatility_regime_3m": "normal",
  "volatility_acceleration_5m": 1.3784326799836193,
  "volatility_regime_5m": "normal",
  "volatility_acceleration_10m": 1.14443590214894,
  "volatility_regime_10m": "high",
  "volatility_acceleration_15m": 1.1672755005543536,
  "volatility_regime_15m": "normal",
  "rsi_divergence_7": false,
  "rsi_divergence_14": false,
  "patterns_detected": true,
  "volatility_adjusted_momentum_3m": 0.7993981513068098,
  "volatility_adjusted_momentum_5m": 0.631648290800921,
  "volatility_adjusted_momentum_10m": 0.2612767481367618,
  "volatility_adjusted_momentum_15m": 0.113549573820268,
  "rsi_trend_strength_7": 0.2934587953469649,
  "rsi_trend_strength_14": 0.09310589356659879,
  "rsi_trend_strength_21": 0,
  "data_points_count": 16,
  "trades_count": 10,
  "feature_extraction_time": "2024-10-27T12:30:36.662117",
  "data_run_dir": "run_20241023_171347"
}