{
  "token_address": "4j2gUEmfbSAacvSSd6yXo8yEzXCAUVeoXrqLVV3apump",
  "spike_time": "2024-09-29T19:41:00",
  "price_mean": 0.0004149606995577625,
  "price_std": 6.518157621271422e-05,
  "price_min": 0.0003020884559062,
  "price_max": 0.0005569920749889,
  "price_last": 0.0005569920749889,
  "rsi_7": 73.48248458410758,
  "rsi_7_slope": 3.5890377618739704,
  "rsi_14": 66.20581608385118,
  "rsi_14_slope": 7.938479893287624,
  "macd": NaN,
  "macd_signal": NaN,
  "macd_divergence": NaN,
  "price_change_3m": 0.3783553790077525,
  "volatility_3m": 0.19612612772413557,
  "momentum_3m": 0.18219630687791633,
  "momentum_std_3m": 0.19612612772413557,
  "acceleration_3m": -0.2773642297631904,
  "trend_strength_3m": 0.8643290983920938,
  "trend_consistency_3m": 1.0,
  "price_change_5m": 0.48128225053531287,
  "volatility_5m": 0.1412680193325044,
  "momentum_5m": 0.10945968271916817,
  "momentum_std_5m": 0.1412680193325044,
  "acceleration_5m": 0.005930649819140192,
  "trend_strength_5m": 0.774836960526299,
  "trend_consistency_5m": 1.0,
  "price_change_10m": 0.4078861079481399,
  "volatility_10m": 0.17190966347088388,
  "momentum_10m": 0.05196200145475719,
  "momentum_std_10m": 0.17190966347088388,
  "acceleration_10m": -5.69583014094488e-05,
  "trend_strength_10m": 0.302263412106312,
  "trend_consistency_10m": 0.7777777777777778,
  "price_change_15m": 0.4990120327488295,
  "volatility_15m": 0.1570253885143145,
  "momentum_15m": 0.04072755089150441,
  "momentum_std_15m": 0.1570253885143145,
  "acceleration_15m": -0.014368763028531047,
  "trend_strength_15m": 0.25936920950710896,
  "trend_consistency_15m": 0.7142857142857143,
  "volume_total": 2256184.330583,
  "volume_mean": 225618.4330583,
  "volume_std": 272295.9676334778,
  "volume_skew": 1.3683391573454358,
  "volume_kurtosis": 2.0216951488695845,
  "avg_trade_interval": -282.77777777777777,
  "trade_interval_std": 269.0612280586789,
  "whale_trade_count": 1,
  "whale_volume_ratio": 0.37522332956024246,
  "volume_1m": 321880.456085,
  "trades_count_1m": 1,
  "avg_trade_size_1m": 321880.456085,
  "max_trade_size_1m": 321880.456085,
  "buy_sell_ratio_1m": Infinity,
  "buy_sell_imbalance_1m": 1.0,
  "large_trade_ratio_1m": 1.0,
  "volume_3m": 324012.838203,
  "trades_count_3m": 3,
  "avg_trade_size_3m": 108004.279401,
  "max_trade_size_3m": 321880.456085,
  "buy_sell_ratio_3m": 302.897538314472,
  "buy_sell_imbalance_3m": 0.9934188344825275,
  "large_trade_ratio_3m": 0.3333333333333333,
  "volume_momentum_3m": 150.44876915723603,
  "volume_momentum_std_3m": 212.76668978450218,
  "volume_acceleration_3m": 300.89753831447206,
  "volume_5m": 1000912.7926019998,
  "trades_count_5m": 5,
  "avg_trade_size_5m": 200182.55852039997,
  "max_trade_size_5m": 398060.931328,
  "buy_sell_ratio_5m": 0.4763462737889861,
  "buy_sell_imbalance_5m": -0.35469573467143095,
  "large_trade_ratio_5m": 0.2,
  "volume_momentum_5m": 75.08194553498062,
  "volume_momentum_std_5m": 150.54491228514755,
  "volume_acceleration_5m": 100.15665765032442,
  "volume_10m": 2256184.330583,
  "trades_count_10m": 10,
  "avg_trade_size_10m": 225618.4330583,
  "max_trade_size_10m": 846572.996623,
  "buy_sell_ratio_10m": 0.18636269667431063,
  "buy_sell_imbalance_10m": -0.6858250900896754,
  "large_trade_ratio_10m": 0.1,
  "volume_momentum_10m": 37.84785716388923,
  "volume_momentum_std_10m": 99.03444218103533,
  "volume_acceleration_10m": 34.374744870792185,
  "volume_15m": 2256184.330583,
  "trades_count_15m": 10,
  "avg_trade_size_15m": 225618.4330583,
  "max_trade_size_15m": 846572.996623,
  "buy_sell_ratio_15m": 0.18636269667431063,
  "buy_sell_imbalance_15m": -0.6858250900896754,
  "large_trade_ratio_15m": 0.1,
  "volume_momentum_15m": 37.84785716388923,
  "volume_momentum_std_15m": 99.03444218103533,
  "volume_acceleration_15m": 34.374744870792185,
  "volume_trend_slope": -13826.782350660607,
  "volume_trend_r2": 0.02363585256449007,
  "volume_trend_strength": 0.05077850572239122,
  "volume_acceleration": 34.374744870792185,
  "trade_interval_skew": -0.5384106220518531,
  "cluster_count": 1,
  "clustering_ratio": 0.1,
  "liquidity": 114266.54385933696,
  "market_count": 5,
  "holder_count": 2343,
  "unique_wallets_24h": 289,
  "active_ratio": 0.12334613743064447,
  "average_holding": 0.0,
  "trades_24h": 340,
  "trades_per_holder": 0.14511310285958173,
  "volume_per_holder": 0.0,
  "has_valid_liquidity": true,
  "has_valid_holders": true,
  "has_recent_trades": false,
  "has_price_data": true,
  "trend_strength_2m": 0.9289751905681202,
  "trend_consistency_2m": 1.0,
  "momentum_strength_2m": 0.9289751905681202,
  "pattern_type_2m": "uptrend",
  "momentum_strength_3m": 0.8643290983920938,
  "pattern_type_3m": "uptrend",
  "volatility_acceleration_1m": NaN,
  "volatility_acceleration_3m": 0.9666075696053561,
  "volatility_regime_3m": "normal",
  "volatility_acceleration_5m": 0.906000716436441,
  "volatility_regime_5m": "normal",
  "volatility_acceleration_10m": 0.9989216532190187,
  "volatility_regime_10m": "normal",
  "volatility_acceleration_15m": 0.9990940365749574,
  "volatility_regime_15m": "normal",
  "rsi_divergence_7": false,
  "rsi_divergence_14": false,
  "patterns_detected": true,
  "volatility_adjusted_momentum_3m": 0.8643290983920934,
  "volatility_adjusted_momentum_5m": 0.4443027031441918,
  "volatility_adjusted_momentum_10m": 0.27526772098754904,
  "volatility_adjusted_momentum_15m": 0.19393720150370874,
  "rsi_trend_strength_7": 0.6785055684482104,
  "rsi_trend_strength_14": 1.1860579115027454,
  "rsi_trend_strength_21": 0,
  "data_points_count": 16,
  "trades_count": 10,
  "feature_extraction_time": "2024-10-27T12:30:36.709656",
  "data_run_dir": "run_20241023_171347"
}