{
  "token_address": "6bpjeELchA92GxGkpcb9EHX1mQA1EhW7uRL49oP8dgtw",
  "spike_time": "2024-09-30T05:59:00",
  "price_mean": 8.486085778539756e-05,
  "price_std": 0.0002809403679432939,
  "price_min": 1.4016527897167415e-05,
  "price_max": 0.0011383599270333,
  "price_last": 0.0011383599270333,
  "rsi_7": 99.91601565174626,
  "rsi_7_slope": 14.730536974019392,
  "rsi_14": 99.74289783270422,
  "rsi_14_slope": 49.19553949426135,
  "macd": NaN,
  "macd_signal": NaN,
  "macd_divergence": NaN,
  "price_change_3m": 79.69889907149415,
  "volatility_3m": 56.35563198655575,
  "momentum_3m": 39.84944953574708,
  "momentum_std_3m": 56.35563198655575,
  "acceleration_3m": 79.69889907149415,
  "trend_strength_3m": 0.5773502691896257,
  "trend_consistency_3m": 0.3333333333333333,
  "price_change_5m": 79.69889907149415,
  "volatility_5m": 39.84944953574708,
  "momentum_5m": 19.92472476787354,
  "momentum_std_5m": 39.84944953574708,
  "acceleration_5m": 26.566299690498052,
  "trend_strength_5m": 0.5,
  "trend_consistency_5m": 0.25,
  "price_change_10m": 79.69889907149415,
  "volatility_10m": 26.566299690498052,
  "momentum_10m": 8.855433230166017,
  "momentum_std_10m": 26.566299690498052,
  "acceleration_10m": 9.96236238393677,
  "trend_strength_10m": 0.3333333333333333,
  "trend_consistency_10m": 0.1111111111111111,
  "price_change_15m": 80.21554320619944,
  "volatility_15m": 21.300295194842562,
  "momentum_15m": 5.693235799480051,
  "momentum_std_15m": 21.300295194842562,
  "acceleration_15m": 6.130684543961089,
  "trend_strength_15m": 0.26728436143263185,
  "trend_consistency_15m": 0.14285714285714285,
  "volume_total": 256978.175815958,
  "volume_mean": 25697.817581595802,
  "volume_std": 31786.73408514565,
  "volume_skew": 0.563114780516054,
  "volume_kurtosis": -2.01092305419534,
  "avg_trade_interval": -183783.66666666666,
  "trade_interval_std": 297444.90615364385,
  "whale_trade_count": 1,
  "whale_volume_ratio": 0.2723318976831694,
  "volume_1m": 239.422795299,
  "trades_count_1m": 1,
  "avg_trade_size_1m": 239.422795299,
  "max_trade_size_1m": 239.422795299,
  "buy_sell_ratio_1m": 0.0,
  "buy_sell_imbalance_1m": -1.0,
  "large_trade_ratio_1m": 1.0,
  "volume_3m": 62669.223399536,
  "trades_count_3m": 3,
  "avg_trade_size_3m": 20889.741133178668,
  "max_trade_size_3m": 62190.137900758,
  "buy_sell_ratio_3m": 0.0,
  "buy_sell_imbalance_3m": -1.0,
  "large_trade_ratio_3m": 0.3333333333333333,
  "volume_momentum_3m": -0.49857365755407707,
  "volume_momentum_std_3m": 0.7036739662725368,
  "volume_acceleration_3m": 0.9951452665914894,
  "volume_5m": 66748.997377884,
  "trades_count_5m": 5,
  "avg_trade_size_5m": 13349.799475576801,
  "max_trade_size_5m": 62190.137900758,
  "buy_sell_ratio_5m": 0.06508842145470975,
  "buy_sell_imbalance_5m": -0.8777783700515469,
  "large_trade_ratio_5m": 0.2,
  "volume_momentum_5m": 1484.5347374303112,
  "volume_momentum_std_5m": 2960.245029364733,
  "volume_acceleration_5m": -1974.9636667964833,
  "volume_10m": 256978.175815958,
  "trades_count_10m": 10,
  "avg_trade_size_10m": 25697.817581595802,
  "max_trade_size_10m": 69983.354283119,
  "buy_sell_ratio_10m": 0.9289459434102629,
  "buy_sell_imbalance_10m": -0.036835690928755445,
  "large_trade_ratio_10m": 0.1,
  "volume_momentum_10m": 660.9495418394649,
  "volume_momentum_std_10m": 1973.986101696781,
  "volume_acceleration_10m": -1.430599036863657,
  "volume_15m": 256978.175815958,
  "trades_count_15m": 10,
  "avg_trade_size_15m": 25697.817581595802,
  "max_trade_size_15m": 69983.354283119,
  "buy_sell_ratio_15m": 0.9289459434102629,
  "buy_sell_imbalance_15m": -0.036835690928755445,
  "large_trade_ratio_15m": 0.1,
  "volume_momentum_15m": 660.9495418394649,
  "volume_momentum_std_15m": 1973.986101696781,
  "volume_acceleration_15m": -1.430599036863657,
  "volume_trend_slope": -3633.420743539988,
  "volume_trend_r2": 0.11977081480581477,
  "volume_trend_strength": 0.11430619873709934,
  "volume_acceleration": -1.430599036863657,
  "trade_interval_skew": -1.473099054318336,
  "cluster_count": 1,
  "clustering_ratio": 0.1,
  "liquidity": 0,
  "market_count": 1,
  "holder_count": 90,
  "unique_wallets_24h": 2,
  "active_ratio": 0.022222222222222223,
  "average_holding": 0.0,
  "trades_24h": 0,
  "trades_per_holder": 0.0,
  "volume_per_holder": 0.0,
  "has_valid_liquidity": false,
  "has_valid_holders": true,
  "has_recent_trades": false,
  "has_price_data": true,
  "trend_strength_2m": 0.7071067811865476,
  "trend_consistency_2m": 0.5,
  "momentum_strength_2m": 0.7071067811865476,
  "pattern_type_2m": "choppy_up",
  "momentum_strength_3m": 0.5773502691896257,
  "pattern_type_3m": "choppy_up",
  "volatility_acceleration_1m": NaN,
  "volatility_regime_3m": "high",
  "volatility_regime_5m": "high",
  "volatility_regime_10m": "high",
  "volatility_acceleration_15m": 216.056116984424,
  "volatility_regime_15m": "normal",
  "rsi_divergence_7": false,
  "rsi_divergence_14": false,
  "patterns_detected": true,
  "volatility_adjusted_momentum_3m": 0.5773502691896257,
  "volatility_adjusted_momentum_5m": 0.4472135954999579,
  "volatility_adjusted_momentum_10m": 0.31622776601683794,
  "volatility_adjusted_momentum_15m": 0.2569397152791076,
  "rsi_trend_strength_7": 0.6522807014872957,
  "rsi_trend_strength_14": 0.27903958163741394,
  "rsi_trend_strength_21": 0,
  "data_points_count": 16,
  "trades_count": 10,
  "feature_extraction_time": "2024-10-27T12:30:35.031489",
  "data_run_dir": "run_20241023_171347"
}