{
  "token_address": "6bpjeELchA92GxGkpcb9EHX1mQA1EhW7uRL49oP8dgtw",
  "spike_time": "2024-09-30T06:00:00",
  "price_mean": 0.0002752708540281905,
  "price_std": 0.0007959696685776471,
  "price_min": 1.4016527897167415e-05,
  "price_max": 0.0030687552562389,
  "price_last": 0.0030687552562389,
  "rsi_7": 100.0,
  "rsi_7_slope": 0.0,
  "rsi_14": 100.0,
  "rsi_14_slope": 0.0,
  "macd": NaN,
  "macd_signal": NaN,
  "macd_divergence": NaN,
  "price_change_3m": 216.5455801081585,
  "volatility_3m": 55.156542317957296,
  "momentum_3m": 40.697333971663774,
  "momentum_std_3m": 55.156542317957296,
  "acceleration_3m": -78.00313019966076,
  "trend_strength_3m": 0.5958716608049061,
  "trend_consistency_3m": 0.6666666666666666,
  "price_change_5m": 216.5455801081585,
  "volatility_5m": 39.574895884780936,
  "momentum_5m": 20.348666985831887,
  "momentum_std_5m": 39.574895884780936,
  "acceleration_5m": 0.5652562906111314,
  "trend_strength_5m": 0.5141811881217669,
  "trend_consistency_5m": 0.5,
  "price_change_10m": 216.5455801081585,
  "volatility_10m": 26.501577347676,
  "momentum_10m": 9.043851993703061,
  "momentum_std_10m": 26.501577347676,
  "acceleration_10m": 0.21197110897917426,
  "trend_strength_10m": 0.3412571212292819,
  "trend_consistency_10m": 0.2222222222222222,
  "price_change_15m": 217.93833328431228,
  "volatility_15m": 21.270229982690868,
  "momentum_15m": 5.814362147468151,
  "momentum_std_15m": 21.270229982690868,
  "acceleration_15m": 0.13044375937179956,
  "trend_strength_15m": 0.2733568067764063,
  "trend_consistency_15m": 0.21428571428571427,
  "volume_total": 256978.175815958,
  "volume_mean": 25697.817581595802,
  "volume_std": 31786.73408514565,
  "volume_skew": 0.563114780516054,
  "volume_kurtosis": -2.01092305419534,
  "avg_trade_interval": -183783.66666666666,
  "trade_interval_std": 297444.90615364385,
  "whale_trade_count": 1,
  "whale_volume_ratio": 0.2723318976831694,
  "volume_1m": 239.422795299,
  "trades_count_1m": 1,
  "avg_trade_size_1m": 239.422795299,
  "max_trade_size_1m": 239.422795299,
  "buy_sell_ratio_1m": 0.0,
  "buy_sell_imbalance_1m": -1.0,
  "large_trade_ratio_1m": 1.0,
  "volume_3m": 62669.223399536,
  "trades_count_3m": 3,
  "avg_trade_size_3m": 20889.741133178668,
  "max_trade_size_3m": 62190.137900758,
  "buy_sell_ratio_3m": 0.0,
  "buy_sell_imbalance_3m": -1.0,
  "large_trade_ratio_3m": 0.3333333333333333,
  "volume_momentum_3m": -0.49857365755407707,
  "volume_momentum_std_3m": 0.7036739662725368,
  "volume_acceleration_3m": 0.9951452665914894,
  "volume_5m": 66748.997377884,
  "trades_count_5m": 5,
  "avg_trade_size_5m": 13349.799475576801,
  "max_trade_size_5m": 62190.137900758,
  "buy_sell_ratio_5m": 0.06508842145470975,
  "buy_sell_imbalance_5m": -0.8777783700515469,
  "large_trade_ratio_5m": 0.2,
  "volume_momentum_5m": 1484.5347374303112,
  "volume_momentum_std_5m": 2960.245029364733,
  "volume_acceleration_5m": -1974.9636667964833,
  "volume_10m": 256978.175815958,
  "trades_count_10m": 10,
  "avg_trade_size_10m": 25697.817581595802,
  "max_trade_size_10m": 69983.354283119,
  "buy_sell_ratio_10m": 0.9289459434102629,
  "buy_sell_imbalance_10m": -0.036835690928755445,
  "large_trade_ratio_10m": 0.1,
  "volume_momentum_10m": 660.9495418394649,
  "volume_momentum_std_10m": 1973.986101696781,
  "volume_acceleration_10m": -1.430599036863657,
  "volume_15m": 256978.175815958,
  "trades_count_15m": 10,
  "avg_trade_size_15m": 25697.817581595802,
  "max_trade_size_15m": 69983.354283119,
  "buy_sell_ratio_15m": 0.9289459434102629,
  "buy_sell_imbalance_15m": -0.036835690928755445,
  "large_trade_ratio_15m": 0.1,
  "volume_momentum_15m": 660.9495418394649,
  "volume_momentum_std_15m": 1973.986101696781,
  "volume_acceleration_15m": -1.430599036863657,
  "volume_trend_slope": -3633.420743539988,
  "volume_trend_r2": 0.11977081480581477,
  "volume_trend_strength": 0.11430619873709934,
  "volume_acceleration": -1.430599036863657,
  "trade_interval_skew": -1.473099054318336,
  "cluster_count": 1,
  "clustering_ratio": 0.1,
  "liquidity": 0,
  "market_count": 1,
  "holder_count": 90,
  "unique_wallets_24h": 2,
  "active_ratio": 0.022222222222222223,
  "average_holding": 0.0,
  "trades_24h": 0,
  "trades_per_holder": 0.0,
  "volume_per_holder": 0.0,
  "has_valid_liquidity": false,
  "has_valid_holders": true,
  "has_recent_trades": false,
  "has_price_data": true,
  "trend_strength_2m": 0.737851436318443,
  "trend_consistency_2m": 1.0,
  "momentum_strength_2m": 0.737851436318443,
  "pattern_type_2m": "uptrend",
  "momentum_strength_3m": 0.5958716608049061,
  "pattern_type_3m": "choppy_up",
  "volatility_acceleration_1m": NaN,
  "volatility_acceleration_3m": 0.9895329836690375,
  "volatility_regime_3m": "high",
  "volatility_acceleration_5m": 0.9948940256928365,
  "volatility_regime_5m": "high",
  "volatility_acceleration_10m": 0.9978599369642924,
  "volatility_regime_10m": "high",
  "volatility_acceleration_15m": 0.9987055852872792,
  "volatility_regime_15m": "normal",
  "rsi_divergence_7": true,
  "rsi_divergence_14": true,
  "patterns_detected": true,
  "volatility_adjusted_momentum_3m": 0.5958716608049061,
  "volatility_adjusted_momentum_5m": 0.45907306081809474,
  "volatility_adjusted_momentum_10m": 0.3236488341900798,
  "volatility_adjusted_momentum_15m": 0.2640566893782695,
  "rsi_trend_strength_7": 0,
  "rsi_trend_strength_14": 0,
  "rsi_trend_strength_21": 0,
  "data_points_count": 16,
  "trades_count": 10,
  "feature_extraction_time": "2024-10-27T12:30:36.454444",
  "data_run_dir": "run_20241023_171347"
}