{
  "token_address": "9mt4LkTG28B1mQKPjCKkGwMjGywS9q3v59XBomFNpump",
  "spike_time": "2024-09-28T01:27:00",
  "price_mean": 0.00026443977195041873,
  "price_std": 5.499826823693323e-05,
  "price_min": 0.0001801613650967,
  "price_max": 0.0003419886578423,
  "price_last": 0.0003419886578423,
  "rsi_7": 82.9741868635572,
  "rsi_7_slope": 1.4249322721933022,
  "rsi_14": 78.71661253729847,
  "rsi_14_slope": 1.805702432320487,
  "macd": NaN,
  "macd_signal": NaN,
  "macd_divergence": NaN,
  "price_change_3m": 0.08172389548818985,
  "volatility_3m": 0.012459487864827633,
  "momentum_3m": 0.040096877654729135,
  "momentum_std_3m": 0.012459487864827633,
  "acceleration_3m": -0.017620376718662234,
  "trend_strength_3m": 1.2639868037845785,
  "trend_consistency_3m": 1.0,
  "price_change_5m": 0.11566685086827064,
  "volatility_5m": 0.01825920524629162,
  "momentum_5m": 0.02786280184412737,
  "momentum_std_5m": 0.01825920524629162,
  "acceleration_5m": 0.0015204740667344268,
  "trend_strength_5m": 1.525959178852333,
  "trend_consistency_5m": 1.0,
  "price_change_10m": 0.36846649131388487,
  "volatility_10m": 0.06579708555583634,
  "momentum_10m": 0.03723386843072231,
  "momentum_std_10m": 0.06579708555583634,
  "acceleration_10m": 0.010007070067884205,
  "trend_strength_10m": 0.5658893264979817,
  "trend_consistency_10m": 0.7777777777777778,
  "price_change_15m": 0.7454472533451203,
  "volatility_15m": 0.1140600385078961,
  "momentum_15m": 0.046484643503502635,
  "momentum_std_15m": 0.1140600385078961,
  "acceleration_15m": 0.008598168834693852,
  "trend_strength_15m": 0.4075453954917314,
  "trend_consistency_15m": 0.7142857142857143,
  "volume_total": 7014803.801588,
  "volume_mean": 701480.3801587999,
  "volume_std": 601862.0685311952,
  "volume_skew": 0.637036734169515,
  "volume_kurtosis": -0.7567733905456722,
  "avg_trade_interval": -31012.444444444445,
  "trade_interval_std": 28190.913084321655,
  "whale_trade_count": 1,
  "whale_volume_ratio": 0.2547888277481682,
  "volume_1m": 157849.999987,
  "trades_count_1m": 1,
  "avg_trade_size_1m": 157849.999987,
  "max_trade_size_1m": 157849.999987,
  "buy_sell_ratio_1m": 0.0,
  "buy_sell_imbalance_1m": -1.0,
  "large_trade_ratio_1m": 1.0,
  "volume_3m": 2234806.1004040004,
  "trades_count_3m": 3,
  "avg_trade_size_3m": 744935.3668013335,
  "max_trade_size_3m": 1439688.126115,
  "buy_sell_ratio_3m": 0.0,
  "buy_sell_imbalance_3m": -1.0,
  "large_trade_ratio_3m": 0.3333333333333333,
  "volume_momentum_3m": -0.6548294663232547,
  "volume_momentum_std_3m": 0.1378469851021813,
  "volume_acceleration_3m": -0.19494507586374676,
  "volume_5m": 3388830.058855,
  "trades_count_5m": 5,
  "avg_trade_size_5m": 677766.011771,
  "max_trade_size_5m": 1439688.126115,
  "buy_sell_ratio_5m": 0.0,
  "buy_sell_imbalance_5m": -1.0,
  "large_trade_ratio_5m": 0.2,
  "volume_momentum_5m": 1.2719328162615078,
  "volume_momentum_std_5m": 3.9659017953408764,
  "volume_acceleration_5m": 0.022911364486238577,
  "volume_10m": 7014803.801588,
  "trades_count_10m": 10,
  "avg_trade_size_10m": 701480.3801587999,
  "max_trade_size_10m": 1787293.63749,
  "buy_sell_ratio_10m": 0.0,
  "buy_sell_imbalance_10m": -1.0,
  "large_trade_ratio_10m": 0.1,
  "volume_momentum_10m": 7.328674222339793,
  "volume_momentum_std_10m": 18.653390085935765,
  "volume_acceleration_10m": -7.149856229742824,
  "volume_15m": 7014803.801588,
  "trades_count_15m": 10,
  "avg_trade_size_15m": 701480.3801587999,
  "max_trade_size_15m": 1787293.63749,
  "buy_sell_ratio_15m": 0.0,
  "buy_sell_imbalance_15m": -1.0,
  "large_trade_ratio_15m": 0.1,
  "volume_momentum_15m": 7.328674222339793,
  "volume_momentum_std_15m": 18.653390085935765,
  "volume_acceleration_15m": -7.149856229742824,
  "volume_trend_slope": -17387.2481988,
  "volume_trend_r2": 0.007650312921490666,
  "volume_trend_strength": 0.028889091218578432,
  "volume_acceleration": -7.149856229742824,
  "trade_interval_skew": -1.1969863511153236,
  "cluster_count": 1,
  "clustering_ratio": 0.1,
  "liquidity": 11293.568857692013,
  "market_count": 1,
  "holder_count": 442,
  "unique_wallets_24h": 3,
  "active_ratio": 0.006787330316742082,
  "average_holding": 0.0,
  "trades_24h": 2,
  "trades_per_holder": 0.004524886877828055,
  "volume_per_holder": 0.0,
  "has_valid_liquidity": true,
  "has_valid_holders": true,
  "has_recent_trades": false,
  "has_price_data": true,
  "trend_strength_2m": 3.218180240611667,
  "trend_consistency_2m": 1.0,
  "momentum_strength_2m": 3.218180240611667,
  "pattern_type_2m": "uptrend",
  "momentum_strength_3m": 1.2639868037845785,
  "pattern_type_3m": "uptrend",
  "volatility_acceleration_1m": NaN,
  "volatility_acceleration_3m": 1.0070369174685863,
  "volatility_regime_3m": "low",
  "volatility_acceleration_5m": 0.9507525842342022,
  "volatility_regime_5m": "low",
  "volatility_acceleration_10m": 0.720384851646774,
  "volatility_regime_10m": "low",
  "volatility_acceleration_15m": 0.9942096283750188,
  "volatility_regime_15m": "normal",
  "rsi_divergence_7": false,
  "rsi_divergence_14": false,
  "patterns_detected": true,
  "volatility_adjusted_momentum_3m": 1.2639868037845747,
  "volatility_adjusted_momentum_5m": 1.003367663838637,
  "volatility_adjusted_momentum_10m": 0.66966404041292,
  "volatility_adjusted_momentum_15m": 0.43940376296189737,
  "rsi_trend_strength_7": 9.361780830093153,
  "rsi_trend_strength_14": 14.84458597484791,
  "rsi_trend_strength_21": 0,
  "data_points_count": 16,
  "trades_count": 10,
  "feature_extraction_time": "2024-10-27T12:30:32.974986",
  "data_run_dir": "run_20241023_171347"
}