{
  "token_address": "AqaMVjPS7sauunxejZf3fRUME7Dd5fevS4HdpZmVH52T",
  "spike_time": "2024-10-01T05:54:00",
  "price_mean": 0.01653580762398025,
  "price_std": 0.06193112566058395,
  "price_min": 0.0001520631719655,
  "price_max": 0.2487637899177705,
  "price_last": 0.2487637899177705,
  "rsi_7": 99.63168086543976,
  "rsi_7_slope": 11.346562439341563,
  "rsi_14": 99.34967599099579,
  "rsi_14_slope": 39.04633682937068,
  "macd": NaN,
  "macd_signal": NaN,
  "macd_divergence": NaN,
  "price_change_3m": 1634.9239827919012,
  "volatility_3m": 919.4118790746845,
  "momentum_3m": 650.3793254890832,
  "momentum_std_3m": 919.4118790746845,
  "acceleration_3m": 1300.244748794351,
  "trend_strength_3m": 0.5770800070326035,
  "trend_consistency_3m": 0.6666666666666666,
  "price_change_5m": 672.192055799719,
  "volatility_5m": 650.2819463485728,
  "momentum_5m": 325.0789887730012,
  "momentum_std_5m": 650.2819463485728,
  "acceleration_5m": 433.42723128965457,
  "trend_strength_5m": 0.49990468072866967,
  "trend_consistency_5m": 0.75,
  "price_change_10m": 206.01036784788602,
  "volatility_10m": 433.5422097832147,
  "momentum_10m": 144.3895536457665,
  "momentum_std_10m": 433.5422097832147,
  "acceleration_10m": 162.6027648748755,
  "trend_strength_10m": 0.33304612650741905,
  "trend_consistency_10m": 0.4444444444444444,
  "price_change_15m": 146.1044762174323,
  "volatility_15m": 347.5990835930049,
  "momentum_15m": 92.80527694367122,
  "momentum_std_15m": 347.5990835930049,
  "acceleration_15m": 100.03885625990216,
  "trend_strength_15m": 0.26698941776364005,
  "trend_consistency_15m": 0.35714285714285715,
  "volume_total": 84698.896447,
  "volume_mean": 8469.8896447,
  "volume_std": 18939.628741748344,
  "volume_skew": 2.2722078165589723,
  "volume_kurtosis": 4.73660524376661,
  "avg_trade_interval": -165676.11111111112,
  "trade_interval_std": 303956.8080552089,
  "whale_trade_count": 1,
  "whale_volume_ratio": 0.6626781456252141,
  "volume_1m": 28202.068944,
  "trades_count_1m": 1,
  "avg_trade_size_1m": 28202.068944,
  "max_trade_size_1m": 28202.068944,
  "buy_sell_ratio_1m": Infinity,
  "buy_sell_imbalance_1m": 1.0,
  "large_trade_ratio_1m": 1.0,
  "volume_3m": 84351.91935899999,
  "trades_count_3m": 3,
  "avg_trade_size_3m": 28117.306452999997,
  "max_trade_size_3m": 56128.107634,
  "buy_sell_ratio_3m": 0.5022643646520923,
  "buy_sell_imbalance_3m": -0.33132359860188637,
  "large_trade_ratio_3m": 0.3333333333333333,
  "volume_momentum_3m": 1289.9809579669616,
  "volume_momentum_std_3m": 1825.012195287956,
  "volume_acceleration_3m": -2580.956998072523,
  "volume_5m": 84409.830848,
  "trades_count_5m": 5,
  "avg_trade_size_5m": 16881.9661696,
  "max_trade_size_5m": 56128.107634,
  "buy_sell_ratio_5m": 0.5017468760305329,
  "buy_sell_imbalance_5m": -0.33178236087726465,
  "large_trade_ratio_5m": 0.2,
  "volume_momentum_5m": 645.1698021496251,
  "volume_momentum_std_5m": 1290.1933359086977,
  "volume_acceleration_5m": -0.5554219224263761,
  "volume_10m": 84698.896447,
  "trades_count_10m": 10,
  "avg_trade_size_10m": 8469.8896447,
  "max_trade_size_10m": 56128.107634,
  "buy_sell_ratio_10m": 0.505172631009692,
  "buy_sell_imbalance_10m": -0.32875124008757084,
  "large_trade_ratio_10m": 0.1,
  "volume_momentum_10m": 298.21867198368744,
  "volume_momentum_std_10m": 856.2849041098166,
  "volume_acceleration_10m": -2.6020371867979293,
  "volume_15m": 84698.896447,
  "trades_count_15m": 10,
  "avg_trade_size_15m": 8469.8896447,
  "max_trade_size_15m": 56128.107634,
  "buy_sell_ratio_15m": 0.505172631009692,
  "buy_sell_imbalance_15m": -0.32875124008757084,
  "large_trade_ratio_15m": 0.1,
  "volume_momentum_15m": 298.21867198368744,
  "volume_momentum_std_15m": 856.2849041098166,
  "volume_acceleration_15m": -2.6020371867979293,
  "volume_trend_slope": 3913.388560309091,
  "volume_trend_r2": 0.39135821824674144,
  "volume_trend_strength": 0.20662435434559848,
  "volume_acceleration": -2.6020371867979293,
  "trade_interval_skew": -2.4726360746116987,
  "cluster_count": 1,
  "clustering_ratio": 0.1,
  "liquidity": 0,
  "market_count": 1,
  "holder_count": 19,
  "unique_wallets_24h": 1,
  "active_ratio": 0.05263157894736842,
  "average_holding": 0.0,
  "trades_24h": 0,
  "trades_per_holder": 0.0,
  "volume_per_holder": 0.0,
  "has_valid_liquidity": false,
  "has_valid_holders": true,
  "has_recent_trades": false,
  "has_price_data": true,
  "trend_strength_2m": 0.7073862545083044,
  "trend_consistency_2m": 1.0,
  "momentum_strength_2m": 0.7073862545083044,
  "pattern_type_2m": "uptrend",
  "momentum_strength_3m": 0.5770800070326035,
  "pattern_type_3m": "choppy_up",
  "volatility_acceleration_1m": NaN,
  "volatility_acceleration_3m": 1442.425651199011,
  "volatility_regime_3m": "high",
  "volatility_acceleration_5m": 1430.1502430244493,
  "volatility_regime_5m": "high",
  "volatility_acceleration_10m": 1183.0564095004352,
  "volatility_regime_10m": "high",
  "volatility_acceleration_15m": 1091.7243541534488,
  "volatility_regime_15m": "normal",
  "rsi_divergence_7": false,
  "rsi_divergence_14": false,
  "patterns_detected": true,
  "volatility_adjusted_momentum_3m": 0.5770800070326035,
  "volatility_adjusted_momentum_5m": 0.44701021974829713,
  "volatility_adjusted_momentum_10m": 0.3159537676937741,
  "volatility_adjusted_momentum_15m": 0.2578784557978317,
  "rsi_trend_strength_7": 0.3493403380559775,
  "rsi_trend_strength_14": 0.05055971561954758,
  "rsi_trend_strength_21": 0,
  "data_points_count": 16,
  "trades_count": 10,
  "feature_extraction_time": "2024-10-27T12:30:41.213937",
  "data_run_dir": "run_20241023_171347"
}