{
  "token_address": "AxUx31tmanQ2r8xG3nBvW1L9miHHZNqMfALzc1ygpump",
  "spike_time": "2024-09-27T02:40:00",
  "price_mean": 0.00039324068645796875,
  "price_std": 7.26061522605649e-05,
  "price_min": 0.0003285093829903,
  "price_max": 0.0005563812071695,
  "price_last": 0.0005563812071695,
  "rsi_7": 87.49637054511385,
  "rsi_7_slope": 2.532873947542535,
  "rsi_14": 81.78885862405401,
  "rsi_14_slope": 2.9148153939241226,
  "macd": NaN,
  "macd_signal": NaN,
  "macd_divergence": NaN,
  "price_change_3m": 0.14704160634636437,
  "volatility_3m": 0.02578455975227927,
  "momentum_3m": 0.07115546402339457,
  "momentum_std_3m": 0.02578455975227927,
  "acceleration_3m": 0.036464874101492795,
  "trend_strength_3m": 1.1664282485619673,
  "trend_consistency_3m": 1.0,
  "price_change_5m": 0.5240892990147958,
  "volatility_5m": 0.14055281554016322,
  "momentum_5m": 0.11733132622079201,
  "momentum_std_5m": 0.14055281554016322,
  "acceleration_5m": -0.07744877840109088,
  "trend_strength_5m": 0.8347846022854261,
  "trend_consistency_5m": 1.0,
  "price_change_10m": 0.49482504863666926,
  "volatility_10m": 0.11371217863512759,
  "momentum_10m": 0.05066884989175757,
  "momentum_std_10m": 0.11371217863512759,
  "acceleration_10m": 0.01328956311343274,
  "trend_strength_10m": 0.4455885948183313,
  "trend_consistency_10m": 0.6666666666666666,
  "price_change_15m": 0.4279670565736592,
  "volatility_15m": 0.1031214169396529,
  "momentum_15m": 0.03018827628943266,
  "momentum_std_15m": 0.1031214169396529,
  "acceleration_15m": 0.015230800221184025,
  "trend_strength_15m": 0.2927449717559541,
  "trend_consistency_15m": 0.5714285714285714,
  "volume_total": 8909301.248241,
  "volume_mean": 890930.1248240999,
  "volume_std": 1075556.8260703012,
  "volume_skew": 2.5640899136186506,
  "volume_kurtosis": 7.362641281235432,
  "avg_trade_interval": -1591.6666666666667,
  "trade_interval_std": 2664.974577739908,
  "whale_trade_count": 1,
  "whale_volume_ratio": 0.4253540243312794,
  "volume_1m": 663794.136771,
  "trades_count_1m": 1,
  "avg_trade_size_1m": 663794.136771,
  "max_trade_size_1m": 663794.136771,
  "buy_sell_ratio_1m": 0.0,
  "buy_sell_imbalance_1m": -1.0,
  "large_trade_ratio_1m": 1.0,
  "volume_3m": 2523961.069209,
  "trades_count_3m": 3,
  "avg_trade_size_3m": 841320.3564030001,
  "max_trade_size_3m": 1200000.0,
  "buy_sell_ratio_3m": 0.0,
  "buy_sell_imbalance_3m": -1.0,
  "large_trade_ratio_3m": 0.3333333333333333,
  "volume_momentum_3m": -0.2221832575874424,
  "volume_momentum_std_3m": 0.32198479509064726,
  "volume_acceleration_3m": 0.4553552640951153,
  "volume_5m": 3847922.138418,
  "trades_count_5m": 5,
  "avg_trade_size_5m": 769584.4276836,
  "max_trade_size_5m": 1200000.0,
  "buy_sell_ratio_5m": 0.5245568504841972,
  "buy_sell_imbalance_5m": -0.3118566220504028,
  "large_trade_ratio_5m": 0.2,
  "volume_momentum_5m": 0.09197279976198983,
  "volume_momentum_std_5m": 0.5282891443503163,
  "volume_acceleration_5m": 0.0036529085760607094,
  "volume_10m": 8909301.248241,
  "trades_count_10m": 10,
  "avg_trade_size_10m": 890930.1248240999,
  "max_trade_size_10m": 3789607.139919,
  "buy_sell_ratio_10m": 1.9652400606720193,
  "buy_sell_imbalance_10m": 0.3255183529569827,
  "large_trade_ratio_10m": 0.1,
  "volume_momentum_10m": 24.783637896756442,
  "volume_momentum_std_10m": 57.23151032327721,
  "volume_acceleration_10m": 0.12429164724806413,
  "volume_15m": 8909301.248241,
  "trades_count_15m": 10,
  "avg_trade_size_15m": 890930.1248240999,
  "max_trade_size_15m": 3789607.139919,
  "buy_sell_ratio_15m": 1.9652400606720193,
  "buy_sell_imbalance_15m": 0.3255183529569827,
  "large_trade_ratio_15m": 0.1,
  "volume_momentum_15m": 24.783637896756442,
  "volume_momentum_std_15m": 57.23151032327721,
  "volume_acceleration_15m": 0.12429164724806413,
  "volume_trend_slope": 45787.66684490301,
  "volume_trend_r2": 0.016612758268929873,
  "volume_trend_strength": 0.042571127563937945,
  "volume_acceleration": 0.12429164724806413,
  "trade_interval_skew": -1.6229863654853758,
  "cluster_count": 2,
  "clustering_ratio": 0.2,
  "liquidity": 42960.36298286986,
  "market_count": 1,
  "holder_count": 1043,
  "unique_wallets_24h": 35,
  "active_ratio": 0.03355704697986577,
  "average_holding": 0.0,
  "trades_24h": 42,
  "trades_per_holder": 0.040268456375838924,
  "volume_per_holder": 0.0,
  "has_valid_liquidity": true,
  "has_valid_holders": true,
  "has_recent_trades": false,
  "has_price_data": true,
  "trend_strength_2m": 2.7596152390038253,
  "trend_consistency_2m": 1.0,
  "momentum_strength_2m": 2.7596152390038253,
  "pattern_type_2m": "uptrend",
  "momentum_strength_3m": 1.1664282485619673,
  "pattern_type_3m": "uptrend",
  "volatility_acceleration_1m": NaN,
  "volatility_acceleration_3m": 0.24719753959431257,
  "volatility_regime_3m": "normal",
  "volatility_acceleration_5m": 0.968649782901436,
  "volatility_regime_5m": "normal",
  "volatility_acceleration_10m": 0.9942541028866186,
  "volatility_regime_10m": "normal",
  "volatility_acceleration_15m": 1.0042695863850335,
  "volatility_regime_15m": "normal",
  "rsi_divergence_7": false,
  "rsi_divergence_14": false,
  "patterns_detected": true,
  "volatility_adjusted_momentum_3m": 1.1664282485619666,
  "volatility_adjusted_momentum_5m": 0.8741408489770994,
  "volatility_adjusted_momentum_10m": 0.3863140703910649,
  "volatility_adjusted_momentum_15m": 0.3765527668359099,
  "rsi_trend_strength_7": 2.410627361690845,
  "rsi_trend_strength_14": 9.789601100253753,
  "rsi_trend_strength_21": 0,
  "data_points_count": 16,
  "trades_count": 10,
  "feature_extraction_time": "2024-10-27T12:30:41.749542",
  "data_run_dir": "run_20241023_171347"
}