{
  "token_address": "DFwxYdmfLJsPTyrNJCapGadF58Y74e2TFpVAyhbgpump",
  "spike_time": "2024-09-28T14:02:00",
  "price_mean": 0.00012155704871693091,
  "price_std": 4.523763889941614e-05,
  "price_min": 8.294410687068083e-05,
  "price_max": 0.0002560172733034,
  "price_last": 0.0002560172733034,
  "rsi_7": 97.40029970656812,
  "rsi_7_slope": 3.4137791489401024,
  "rsi_14": 95.26347776587639,
  "rsi_14_slope": 2.1625888544132863,
  "macd": NaN,
  "macd_signal": NaN,
  "macd_divergence": NaN,
  "price_change_3m": 0.5456684013813177,
  "volatility_3m": 0.40582907942945323,
  "momentum_3m": 0.2759377031174353,
  "momentum_std_3m": 0.40582907942945323,
  "acceleration_3m": 0.5739289881345208,
  "trend_strength_3m": 0.7902239329521494,
  "trend_consistency_3m": 0.6666666666666666,
  "price_change_5m": 0.8571169416100738,
  "volatility_5m": 0.25955160092175283,
  "momentum_5m": 0.18666264126186752,
  "momentum_std_5m": 0.25955160092175283,
  "acceleration_5m": 0.17268932741784768,
  "trend_strength_5m": 0.7191735308083914,
  "trend_consistency_5m": 0.75,
  "price_change_10m": 1.588725388139685,
  "volatility_10m": 0.18348872692671175,
  "momentum_10m": 0.12301277185040124,
  "momentum_std_10m": 0.18348872692671175,
  "acceleration_10m": 0.07075837450315234,
  "trend_strength_10m": 0.6704105146445016,
  "trend_consistency_10m": 0.7777777777777778,
  "price_change_15m": 1.8527661282975905,
  "volatility_15m": 0.15665491940518822,
  "momentum_15m": 0.08666887569912854,
  "momentum_std_15m": 0.15665491940518822,
  "acceleration_15m": 0.04912824172152132,
  "trend_strength_15m": 0.5532470734286955,
  "trend_consistency_15m": 0.7857142857142857,
  "volume_total": 1283838.620127,
  "volume_mean": 128383.86201269999,
  "volume_std": 309018.6494149764,
  "volume_skew": 3.061116277663318,
  "volume_kurtosis": 9.508537004459733,
  "avg_trade_interval": -10.222222222222221,
  "trade_interval_std": 23.81584439914832,
  "whale_trade_count": 1,
  "whale_volume_ratio": 0.7789140973972866,
  "volume_1m": 13577.001803,
  "trades_count_1m": 1,
  "avg_trade_size_1m": 13577.001803,
  "max_trade_size_1m": 13577.001803,
  "buy_sell_ratio_1m": 0.0,
  "buy_sell_imbalance_1m": -1.0,
  "large_trade_ratio_1m": 1.0,
  "volume_3m": 31973.794406999998,
  "trades_count_3m": 3,
  "avg_trade_size_3m": 10657.931469,
  "max_trade_size_3m": 13577.001803,
  "buy_sell_ratio_3m": 1.3549966974251273,
  "buy_sell_imbalance_3m": 0.15074190881595229,
  "large_trade_ratio_3m": 0.6666666666666666,
  "volume_momentum_3m": 0.90846380720332,
  "volume_momentum_std_3m": 1.2847618370720317,
  "volume_acceleration_3m": -1.81692761440664,
  "volume_5m": 50375.800502,
  "trades_count_5m": 5,
  "avg_trade_size_5m": 10075.1601004,
  "max_trade_size_5m": 13582.215294,
  "buy_sell_ratio_5m": 1.7382925701432776,
  "buy_sell_imbalance_5m": 0.26961785537206034,
  "large_trade_ratio_5m": 0.2,
  "volume_momentum_5m": 0.29294701186402794,
  "volume_momentum_std_5m": 1.060528046116378,
  "volume_acceleration_5m": 0.21504652231684274,
  "volume_10m": 1283838.620127,
  "trades_count_10m": 10,
  "avg_trade_size_10m": 128383.86201269999,
  "max_trade_size_10m": 1000000.0,
  "buy_sell_ratio_10m": 0.1258886477290056,
  "buy_sell_imbalance_10m": -0.7763746033270135,
  "large_trade_ratio_10m": 0.1,
  "volume_momentum_10m": 33.90285409235298,
  "volume_momentum_std_10m": 101.93470880389891,
  "volume_acceleration_10m": -38.21502343789431,
  "volume_15m": 1283838.620127,
  "trades_count_15m": 10,
  "avg_trade_size_15m": 128383.86201269999,
  "max_trade_size_15m": 1000000.0,
  "buy_sell_ratio_15m": 0.1258886477290056,
  "buy_sell_imbalance_15m": -0.7763746033270135,
  "large_trade_ratio_15m": 0.1,
  "volume_momentum_15m": 33.90285409235298,
  "volume_momentum_std_15m": 101.93470880389891,
  "volume_acceleration_15m": -38.21502343789431,
  "volume_trend_slope": -46303.23372656364,
  "volume_trend_r2": 0.20580916167189736,
  "volume_trend_strength": 0.14983960940293845,
  "volume_acceleration": -38.21502343789431,
  "trade_interval_skew": -2.873261933091746,
  "cluster_count": 1,
  "clustering_ratio": 0.1,
  "liquidity": 135122.40712401096,
  "market_count": 5,
  "holder_count": 2867,
  "unique_wallets_24h": 426,
  "active_ratio": 0.14858737356121382,
  "average_holding": 0.0,
  "trades_24h": 1478,
  "trades_per_holder": 0.5155214509940704,
  "volume_per_holder": 0.0,
  "has_valid_liquidity": true,
  "has_valid_holders": true,
  "has_recent_trades": false,
  "has_price_data": true,
  "trend_strength_2m": 0.6799357589292775,
  "trend_consistency_2m": 0.5,
  "momentum_strength_2m": 0.6799357589292775,
  "pattern_type_2m": "choppy_up",
  "momentum_strength_3m": 0.7902239329521494,
  "pattern_type_3m": "choppy_up",
  "volatility_acceleration_1m": NaN,
  "volatility_acceleration_3m": 3.6221965149708804,
  "volatility_regime_3m": "high",
  "volatility_acceleration_5m": 3.2460486337262275,
  "volatility_regime_5m": "high",
  "volatility_acceleration_10m": 2.2453182190435452,
  "volatility_regime_10m": "high",
  "volatility_acceleration_15m": 1.9259454840465404,
  "volatility_regime_15m": "normal",
  "rsi_divergence_7": false,
  "rsi_divergence_14": false,
  "patterns_detected": true,
  "volatility_adjusted_momentum_3m": 0.7902239329521497,
  "volatility_adjusted_momentum_5m": 0.7575731489406563,
  "volatility_adjusted_momentum_10m": 0.6983002274395229,
  "volatility_adjusted_momentum_15m": 0.47739040862064785,
  "rsi_trend_strength_7": 17.2205954783741,
  "rsi_trend_strength_14": 12.266086275035265,
  "rsi_trend_strength_21": 0,
  "data_points_count": 16,
  "trades_count": 10,
  "feature_extraction_time": "2024-10-27T12:30:36.892808",
  "data_run_dir": "run_20241023_171347"
}