{
  "token_address": "FNLK4bSwHNrVCeCXCKjY5y6ZCbYM25saKLD6cHhBpump",
  "spike_time": "2024-09-28T17:09:00",
  "price_mean": 0.0017750177786076875,
  "price_std": 0.000436248048071928,
  "price_min": 0.0010515063631954,
  "price_max": 0.0027403112650839,
  "price_last": 0.0027403112650839,
  "rsi_7": 80.89081864475855,
  "rsi_7_slope": -0.07102831442691304,
  "rsi_14": 79.43382868193503,
  "rsi_14_slope": -1.4745976932947187,
  "macd": NaN,
  "macd_signal": NaN,
  "macd_divergence": NaN,
  "price_change_3m": 0.12683104625086344,
  "volatility_3m": 0.21436586796104076,
  "momentum_3m": 0.0722907296643987,
  "momentum_std_3m": 0.21436586796104076,
  "acceleration_3m": 0.30315911778038396,
  "trend_strength_3m": 0.6615511948743176,
  "trend_consistency_3m": 0.6666666666666666,
  "price_change_5m": 0.46591470400604085,
  "volatility_5m": 0.13400688619478177,
  "momentum_5m": 0.1067807997963229,
  "momentum_std_5m": 0.13400688619478177,
  "acceleration_5m": 0.040788225663116094,
  "trend_strength_5m": 0.7968306915296488,
  "trend_consistency_5m": 0.75,
  "price_change_10m": 0.6317598589468721,
  "volatility_10m": 0.12466902133876881,
  "momentum_10m": 0.06265537198381371,
  "momentum_std_10m": 0.12466902133876881,
  "acceleration_10m": 0.04608813810299278,
  "trend_strength_10m": 0.5025737052475724,
  "trend_consistency_10m": 0.6666666666666666,
  "price_change_15m": 1.1983350860684165,
  "volatility_15m": 0.11563676521904431,
  "momentum_15m": 0.0638818926842863,
  "momentum_std_15m": 0.11563676521904431,
  "acceleration_15m": 0.008278313850886568,
  "trend_strength_15m": 0.5524358326980038,
  "trend_consistency_15m": 0.6428571428571429,
  "volume_total": 4486231.112659999,
  "volume_mean": 448623.1112659999,
  "volume_std": 888410.661755045,
  "volume_skew": 2.9202401087137146,
  "volume_kurtosis": 8.842072675374549,
  "avg_trade_interval": -4458.777777777777,
  "trade_interval_std": 6620.082264930282,
  "whale_trade_count": 1,
  "whale_volume_ratio": 0.6514421901876036,
  "volume_1m": 232446.042005,
  "trades_count_1m": 1,
  "avg_trade_size_1m": 232446.042005,
  "max_trade_size_1m": 232446.042005,
  "buy_sell_ratio_1m": Infinity,
  "buy_sell_imbalance_1m": 1.0,
  "large_trade_ratio_1m": 1.0,
  "volume_3m": 667088.803025,
  "trades_count_3m": 3,
  "avg_trade_size_3m": 222362.93434166667,
  "max_trade_size_3m": 422635.442739,
  "buy_sell_ratio_3m": 0.5347979141755544,
  "buy_sell_imbalance_3m": -0.30310315223117673,
  "large_trade_ratio_3m": 0.3333333333333333,
  "volume_momentum_3m": 8.693554024312544,
  "volume_momentum_std_3m": 13.668576940477902,
  "volume_acceleration_3m": 19.330286887563993,
  "volume_5m": 692181.933455,
  "trades_count_5m": 5,
  "avg_trade_size_5m": 138436.38669100002,
  "max_trade_size_5m": 422635.442739,
  "buy_sell_ratio_5m": 0.5478498542947228,
  "buy_sell_imbalance_5m": -0.29211499064377877,
  "large_trade_ratio_5m": 0.2,
  "volume_momentum_5m": 12.518114555472904,
  "volume_momentum_std_5m": 16.119399353763463,
  "volume_acceleration_5m": 6.11956582269818,
  "volume_10m": 4486231.112659999,
  "trades_count_10m": 10,
  "avg_trade_size_10m": 448623.1112659999,
  "max_trade_size_10m": 2922520.221719,
  "buy_sell_ratio_10m": 0.057764402286209944,
  "buy_sell_imbalance_10m": -0.8907802112429569,
  "large_trade_ratio_10m": 0.1,
  "volume_momentum_10m": 11.911826589866621,
  "volume_momentum_std_10m": 15.480087694397929,
  "volume_acceleration_10m": 2.3603433894519634,
  "volume_15m": 4486231.112659999,
  "trades_count_15m": 10,
  "avg_trade_size_15m": 448623.1112659999,
  "max_trade_size_15m": 2922520.221719,
  "buy_sell_ratio_15m": 0.057764402286209944,
  "buy_sell_imbalance_15m": -0.8907802112429569,
  "large_trade_ratio_15m": 0.1,
  "volume_momentum_15m": 11.911826589866621,
  "volume_momentum_std_15m": 15.480087694397929,
  "volume_acceleration_15m": 2.3603433894519634,
  "volume_trend_slope": -32205.034666351516,
  "volume_trend_r2": 0.012045683762564036,
  "volume_trend_strength": 0.0362501667896813,
  "volume_acceleration": 2.3603433894519634,
  "trade_interval_skew": -1.7890230605556265,
  "cluster_count": 1,
  "clustering_ratio": 0.1,
  "liquidity": 33823.94292303299,
  "market_count": 2,
  "holder_count": 1631,
  "unique_wallets_24h": 25,
  "active_ratio": 0.015328019619865114,
  "average_holding": 0.0,
  "trades_24h": 30,
  "trades_per_holder": 0.018393623543838136,
  "volume_per_holder": 0.0,
  "has_valid_liquidity": true,
  "has_valid_holders": true,
  "has_recent_trades": false,
  "has_price_data": true,
  "trend_strength_2m": 0.33723059716548226,
  "trend_consistency_2m": 0.5,
  "momentum_strength_2m": 0.33723059716548226,
  "pattern_type_2m": "choppy_up",
  "momentum_strength_3m": 0.6615511948743176,
  "pattern_type_3m": "choppy_up",
  "volatility_acceleration_1m": NaN,
  "volatility_acceleration_3m": 1.2298500077866166,
  "volatility_regime_3m": "high",
  "volatility_acceleration_5m": 1.1767990494704461,
  "volatility_regime_5m": "normal",
  "volatility_acceleration_10m": 1.1224113978695958,
  "volatility_regime_10m": "high",
  "volatility_acceleration_15m": 1.0618663555280898,
  "volatility_regime_15m": "normal",
  "rsi_divergence_7": false,
  "rsi_divergence_14": false,
  "patterns_detected": true,
  "volatility_adjusted_momentum_3m": 0.6615511948743175,
  "volatility_adjusted_momentum_5m": 0.7181863207512605,
  "volatility_adjusted_momentum_10m": 0.41444871893919644,
  "volatility_adjusted_momentum_15m": 0.6218279996954925,
  "rsi_trend_strength_7": 4.611959395875583,
  "rsi_trend_strength_14": 5.599397584403202,
  "rsi_trend_strength_21": 0,
  "data_points_count": 16,
  "trades_count": 10,
  "feature_extraction_time": "2024-10-27T12:30:42.626600",
  "data_run_dir": "run_20241023_171347"
}