{
  "token_address": "FNLK4bSwHNrVCeCXCKjY5y6ZCbYM25saKLD6cHhBpump",
  "spike_time": "2024-09-28T17:11:00",
  "price_mean": 0.0019963133446816313,
  "price_std": 0.0005149480675373712,
  "price_min": 0.0013914523409072,
  "price_max": 0.0031315541324467,
  "price_last": 0.0031315541324467,
  "rsi_7": 84.33559475777066,
  "rsi_7_slope": 2.958015842151505,
  "rsi_14": 81.39676884091216,
  "rsi_14_slope": 1.6608935512580132,
  "macd": NaN,
  "macd_signal": NaN,
  "macd_divergence": NaN,
  "price_change_3m": 0.1427731485645011,
  "volatility_3m": 0.11937153980627255,
  "momentum_3m": 0.07233293842088118,
  "momentum_std_3m": 0.11937153980627255,
  "acceleration_3m": 0.16881685055539042,
  "trend_strength_3m": 1.010489606408041,
  "trend_consistency_3m": 0.6666666666666666,
  "price_change_5m": 0.2877122626243302,
  "volatility_5m": 0.14165955861852975,
  "momentum_5m": 0.07231183404263994,
  "momentum_std_5m": 0.14165955861852975,
  "acceleration_5m": 0.07867673097478989,
  "trend_strength_5m": 0.5104620877534006,
  "trend_consistency_5m": 0.5,
  "price_change_10m": 0.9179991627850019,
  "volatility_10m": 0.10465731873933602,
  "momentum_10m": 0.07961228966797168,
  "momentum_std_10m": 0.10465731873933602,
  "acceleration_10m": 0.021094391161619375,
  "trend_strength_10m": 0.760694910083235,
  "trend_consistency_10m": 0.6666666666666666,
  "price_change_15m": 1.0340703030641871,
  "volatility_15m": 0.11872348152173562,
  "momentum_15m": 0.05830899084137322,
  "momentum_std_15m": 0.11872348152173562,
  "acceleration_15m": -0.0036584025696535516,
  "trend_strength_15m": 0.4911327573450425,
  "trend_consistency_15m": 0.5714285714285714,
  "volume_total": 4486231.112659999,
  "volume_mean": 448623.1112659999,
  "volume_std": 888410.661755045,
  "volume_skew": 2.9202401087137146,
  "volume_kurtosis": 8.842072675374549,
  "avg_trade_interval": -4458.777777777777,
  "trade_interval_std": 6620.082264930282,
  "whale_trade_count": 1,
  "whale_volume_ratio": 0.6514421901876036,
  "volume_1m": 232446.042005,
  "trades_count_1m": 1,
  "avg_trade_size_1m": 232446.042005,
  "max_trade_size_1m": 232446.042005,
  "buy_sell_ratio_1m": Infinity,
  "buy_sell_imbalance_1m": 1.0,
  "large_trade_ratio_1m": 1.0,
  "volume_3m": 667088.803025,
  "trades_count_3m": 3,
  "avg_trade_size_3m": 222362.93434166667,
  "max_trade_size_3m": 422635.442739,
  "buy_sell_ratio_3m": 0.5347979141755544,
  "buy_sell_imbalance_3m": -0.30310315223117673,
  "large_trade_ratio_3m": 0.3333333333333333,
  "volume_momentum_3m": 8.693554024312544,
  "volume_momentum_std_3m": 13.668576940477902,
  "volume_acceleration_3m": 19.330286887563993,
  "volume_5m": 692181.933455,
  "trades_count_5m": 5,
  "avg_trade_size_5m": 138436.38669100002,
  "max_trade_size_5m": 422635.442739,
  "buy_sell_ratio_5m": 0.5478498542947228,
  "buy_sell_imbalance_5m": -0.29211499064377877,
  "large_trade_ratio_5m": 0.2,
  "volume_momentum_5m": 12.518114555472904,
  "volume_momentum_std_5m": 16.119399353763463,
  "volume_acceleration_5m": 6.11956582269818,
  "volume_10m": 4486231.112659999,
  "trades_count_10m": 10,
  "avg_trade_size_10m": 448623.1112659999,
  "max_trade_size_10m": 2922520.221719,
  "buy_sell_ratio_10m": 0.057764402286209944,
  "buy_sell_imbalance_10m": -0.8907802112429569,
  "large_trade_ratio_10m": 0.1,
  "volume_momentum_10m": 11.911826589866621,
  "volume_momentum_std_10m": 15.480087694397929,
  "volume_acceleration_10m": 2.3603433894519634,
  "volume_15m": 4486231.112659999,
  "trades_count_15m": 10,
  "avg_trade_size_15m": 448623.1112659999,
  "max_trade_size_15m": 2922520.221719,
  "buy_sell_ratio_15m": 0.057764402286209944,
  "buy_sell_imbalance_15m": -0.8907802112429569,
  "large_trade_ratio_15m": 0.1,
  "volume_momentum_15m": 11.911826589866621,
  "volume_momentum_std_15m": 15.480087694397929,
  "volume_acceleration_15m": 2.3603433894519634,
  "volume_trend_slope": -32205.034666351516,
  "volume_trend_r2": 0.012045683762564036,
  "volume_trend_strength": 0.0362501667896813,
  "volume_acceleration": 2.3603433894519634,
  "trade_interval_skew": -1.7890230605556265,
  "cluster_count": 1,
  "clustering_ratio": 0.1,
  "liquidity": 33823.94292303299,
  "market_count": 2,
  "holder_count": 1631,
  "unique_wallets_24h": 25,
  "active_ratio": 0.015328019619865114,
  "average_holding": 0.0,
  "trades_24h": 30,
  "trades_per_holder": 0.018393623543838136,
  "volume_per_holder": 0.0,
  "has_valid_liquidity": true,
  "has_valid_holders": true,
  "has_recent_trades": false,
  "has_price_data": true,
  "trend_strength_2m": 0.6059479381623956,
  "trend_consistency_2m": 0.5,
  "momentum_strength_2m": 0.6059479381623956,
  "pattern_type_2m": "choppy_up",
  "momentum_strength_3m": 1.010489606408041,
  "pattern_type_3m": "choppy_up",
  "volatility_acceleration_1m": NaN,
  "volatility_acceleration_3m": 0.7635672893463303,
  "volatility_regime_3m": "normal",
  "volatility_acceleration_5m": 1.033828134789518,
  "volatility_regime_5m": "normal",
  "volatility_acceleration_10m": 0.8367622556954621,
  "volatility_regime_10m": "low",
  "volatility_acceleration_15m": 1.0192046702092863,
  "volatility_regime_15m": "normal",
  "rsi_divergence_7": false,
  "rsi_divergence_14": false,
  "patterns_detected": true,
  "volatility_adjusted_momentum_3m": 1.010489606408041,
  "volatility_adjusted_momentum_5m": 0.7127395625420884,
  "volatility_adjusted_momentum_10m": 0.850673050856238,
  "volatility_adjusted_momentum_15m": 0.5345725197693422,
  "rsi_trend_strength_7": 4.90904475541964,
  "rsi_trend_strength_14": 11.730978292327848,
  "rsi_trend_strength_21": 0,
  "data_points_count": 16,
  "trades_count": 10,
  "feature_extraction_time": "2024-10-27T12:30:43.307045",
  "data_run_dir": "run_20241023_171347"
}