{
  "token_address": "GFhZ4RNnfvPt7MRaUosZtmp1TedwMUcHgu31AuFWgv5h",
  "spike_time": "2024-09-29T22:11:00",
  "price_mean": 4.923614288587764e-05,
  "price_std": 6.543150042817021e-06,
  "price_min": 3.748713133553969e-05,
  "price_max": 6.333032537161898e-05,
  "price_last": 6.333032537161898e-05,
  "rsi_7": 69.0925544768529,
  "rsi_7_slope": 3.787106338119512,
  "rsi_14": 64.05448519211771,
  "rsi_14_slope": 6.237077014319535,
  "macd": NaN,
  "macd_signal": NaN,
  "macd_divergence": NaN,
  "price_change_3m": 0.27966517909981187,
  "volatility_3m": 0.024996622974720696,
  "momentum_3m": 0.13136094800902598,
  "momentum_std_3m": 0.024996622974720696,
  "acceleration_3m": -0.03535056322437691,
  "trend_strength_3m": 0.3262936818671741,
  "trend_consistency_3m": 0.6666666666666666,
  "price_change_5m": 0.3414124843875959,
  "volatility_5m": 0.13909733470861646,
  "momentum_5m": 0.08345768126069864,
  "momentum_std_5m": 0.13909733470861646,
  "acceleration_5m": -0.02572522471655203,
  "trend_strength_5m": 0.5999948268996473,
  "trend_consistency_5m": 0.75,
  "price_change_10m": 0.5517680004754135,
  "volatility_10m": 0.12040973340508568,
  "momentum_10m": 0.05630864072249209,
  "momentum_std_10m": 0.12040973340508568,
  "acceleration_10m": 0.024393417975491855,
  "trend_strength_10m": 0.4676419350008611,
  "trend_consistency_10m": 0.5555555555555556,
  "price_change_15m": 0.1289562127802032,
  "volatility_15m": 0.12374844707081908,
  "momentum_15m": 0.015663892370082113,
  "momentum_std_15m": 0.12374844707081908,
  "acceleration_15m": 0.017974663371072844,
  "trend_strength_15m": 0.1265784964648319,
  "trend_consistency_15m": 0.42857142857142855,
  "volume_total": 157325744.48039597,
  "volume_mean": 15732574.448039597,
  "volume_std": 16987609.10925063,
  "volume_skew": 0.7706087219831119,
  "volume_kurtosis": -0.7279149563595753,
  "avg_trade_interval": -61078.0,
  "trade_interval_std": 91826.89657992369,
  "whale_trade_count": 0,
  "whale_volume_ratio": 0.0,
  "volume_1m": 337963.439364,
  "trades_count_1m": 1,
  "avg_trade_size_1m": 337963.439364,
  "max_trade_size_1m": 337963.439364,
  "buy_sell_ratio_1m": 0.0,
  "buy_sell_imbalance_1m": -1.0,
  "large_trade_ratio_1m": 1.0,
  "volume_3m": 43725871.757355,
  "trades_count_3m": 3,
  "avg_trade_size_3m": 14575290.585785,
  "max_trade_size_3m": 43215953.382956,
  "buy_sell_ratio_3m": 0.0,
  "buy_sell_imbalance_3m": -1.0,
  "large_trade_ratio_3m": 0.3333333333333333,
  "volume_momentum_3m": -0.015301181568511069,
  "volume_momentum_std_3m": 1.3869473120782496,
  "volume_acceleration_3m": 1.96143969903797,
  "volume_5m": 109722858.917588,
  "trades_count_5m": 5,
  "avg_trade_size_5m": 21944571.7835176,
  "max_trade_size_5m": 43215953.382956,
  "buy_sell_ratio_5m": 0.6497964840726539,
  "buy_sell_imbalance_5m": -0.21227073721410827,
  "large_trade_ratio_5m": 0.4,
  "volume_momentum_5m": 0.09838907475603884,
  "volume_momentum_std_5m": 0.9854943520350895,
  "volume_acceleration_5m": 0.47942486427073416,
  "volume_10m": 157325744.48039597,
  "trades_count_10m": 10,
  "avg_trade_size_10m": 15732574.448039597,
  "max_trade_size_10m": 43215953.382956,
  "buy_sell_ratio_10m": 0.9888747607608938,
  "buy_sell_imbalance_10m": -0.005593735442069745,
  "large_trade_ratio_10m": 0.2,
  "volume_momentum_10m": 6.162261257116819,
  "volume_momentum_std_10m": 17.007404961207488,
  "volume_acceleration_10m": 0.03280700260420208,
  "volume_15m": 157325744.48039597,
  "trades_count_15m": 10,
  "avg_trade_size_15m": 15732574.448039597,
  "max_trade_size_15m": 43215953.382956,
  "buy_sell_ratio_15m": 0.9888747607608938,
  "buy_sell_imbalance_15m": -0.005593735442069745,
  "large_trade_ratio_15m": 0.2,
  "volume_momentum_15m": 6.162261257116819,
  "volume_momentum_std_15m": 17.007404961207488,
  "volume_acceleration_15m": 0.03280700260420208,
  "volume_trend_slope": 1135279.8602736848,
  "volume_trend_r2": 0.04094046659368864,
  "volume_trend_strength": 0.06682987894132002,
  "volume_acceleration": 0.03280700260420208,
  "trade_interval_skew": -1.828652035445179,
  "cluster_count": 1,
  "clustering_ratio": 0.1,
  "liquidity": 2070.4585503663566,
  "market_count": 1,
  "holder_count": 134,
  "unique_wallets_24h": 1,
  "active_ratio": 0.007462686567164179,
  "average_holding": 0.0,
  "trades_24h": 0,
  "trades_per_holder": 0.0,
  "volume_per_holder": 0.0,
  "has_valid_liquidity": true,
  "has_valid_holders": true,
  "has_recent_trades": false,
  "has_price_data": true,
  "trend_strength_2m": 5.255147791038512,
  "trend_consistency_2m": 1.0,
  "momentum_strength_2m": 5.255147791038512,
  "pattern_type_2m": "uptrend",
  "momentum_strength_3m": 0.3262936818671741,
  "pattern_type_3m": "choppy_up",
  "volatility_acceleration_1m": NaN,
  "volatility_acceleration_3m": 0.8664728806343617,
  "volatility_regime_3m": "normal",
  "volatility_acceleration_5m": 1.018604462143899,
  "volatility_regime_5m": "normal",
  "volatility_acceleration_10m": 1.0108933907417825,
  "volatility_regime_10m": "high",
  "volatility_acceleration_15m": 1.019443763643457,
  "volatility_regime_15m": "normal",
  "rsi_divergence_7": false,
  "rsi_divergence_14": false,
  "patterns_detected": true,
  "volatility_adjusted_momentum_3m": 0.32629368186717417,
  "volatility_adjusted_momentum_5m": 0.41083717131297864,
  "volatility_adjusted_momentum_10m": 0.2948443969319089,
  "volatility_adjusted_momentum_15m": 0.19876044222879477,
  "rsi_trend_strength_7": 1.2295826690133436,
  "rsi_trend_strength_14": 1.305311853180051,
  "rsi_trend_strength_21": 0,
  "data_points_count": 16,
  "trades_count": 10,
  "feature_extraction_time": "2024-10-27T12:30:33.116731",
  "data_run_dir": "run_20241023_171347"
}