{
  "token_address": "iQuoGfqmXh6J3PShHDntayXGVixfp44wzGkVaH8r8RE",
  "spike_time": "2024-09-24T12:57:00",
  "price_mean": 0.0001993808950811083,
  "price_std": 8.737388335450309e-05,
  "price_min": 4.923566719307271e-05,
  "price_max": 0.00033634939142,
  "price_last": 0.00033634939142,
  "rsi_7": 93.081089837293,
  "rsi_7_slope": -0.0218529219056407,
  "rsi_14": 92.6364423654877,
  "macd": NaN,
  "macd_signal": NaN,
  "macd_divergence": NaN,
  "price_change_3m": 0.08083090438836832,
  "volatility_3m": 0.04951609270988025,
  "momentum_3m": 0.040219604750360016,
  "momentum_std_3m": 0.04951609270988025,
  "acceleration_3m": 0.07002632986603619,
  "trend_strength_3m": 1.0150939850787435,
  "trend_consistency_3m": 1.0,
  "price_change_5m": 0.6041559760671188,
  "volatility_5m": 0.11534112262649855,
  "momentum_5m": 0.12979605338620803,
  "momentum_std_5m": 0.11534112262649855,
  "acceleration_5m": -0.06530783732706029,
  "trend_strength_5m": 1.1253233056046967,
  "trend_consistency_5m": 1.0,
  "price_change_10m": 1.0366518530032893,
  "volatility_10m": 0.11817007337627973,
  "momentum_10m": 0.087922345667782,
  "momentum_std_10m": 0.11817007337627973,
  "acceleration_10m": -0.01922686203237614,
  "trend_strength_10m": 0.7440322507697675,
  "trend_consistency_10m": 0.7777777777777778,
  "volume_total": 4320288.599782,
  "volume_mean": 432028.85997820005,
  "volume_std": 793827.5346872855,
  "volume_skew": 2.0963903481984456,
  "volume_kurtosis": 3.693777717490229,
  "avg_trade_interval": -543.3333333333334,
  "trade_interval_std": 366.43109857106833,
  "whale_trade_count": 1,
  "whale_volume_ratio": 0.5447996951346644,
  "volume_1m": 40000.0,
  "trades_count_1m": 1,
  "avg_trade_size_1m": 40000.0,
  "max_trade_size_1m": 40000.0,
  "buy_sell_ratio_1m": 0.0,
  "buy_sell_imbalance_1m": -1.0,
  "large_trade_ratio_1m": 1.0,
  "volume_3m": 112408.89199999999,
  "trades_count_3m": 3,
  "avg_trade_size_3m": 37469.630666666664,
  "max_trade_size_3m": 45924.892,
  "buy_sell_ratio_3m": 0.3082226742862825,
  "buy_sell_imbalance_3m": -0.5287917258360664,
  "large_trade_ratio_3m": 0.3333333333333333,
  "volume_momentum_3m": 0.30252456176773224,
  "volume_momentum_std_3m": 0.6102857769998826,
  "volume_acceleration_3m": -0.8630744227566363,
  "volume_5m": 1546491.912279,
  "trades_count_5m": 5,
  "avg_trade_size_5m": 309298.3824558,
  "max_trade_size_5m": 1384083.020279,
  "buy_sell_ratio_5m": 0.01742359351293878,
  "buy_sell_imbalance_5m": -0.9657495783977665,
  "large_trade_ratio_5m": 0.2,
  "volume_momentum_5m": -0.2072864689549403,
  "volume_momentum_std_5m": 0.7150468857561426,
  "volume_acceleration_5m": 0.27828744991487997,
  "volume_10m": 4320288.599782,
  "trades_count_10m": 10,
  "avg_trade_size_10m": 432028.85997820005,
  "max_trade_size_10m": 2353691.912055,
  "buy_sell_ratio_10m": 0.09547469363477921,
  "buy_sell_imbalance_10m": -0.8256925619742165,
  "large_trade_ratio_10m": 0.1,
  "volume_momentum_10m": 2.545885729684082,
  "volume_momentum_std_10m": 7.563976071355431,
  "volume_acceleration_10m": 0.0988536995774848,
  "volume_15m": 4320288.599782,
  "trades_count_15m": 10,
  "avg_trade_size_15m": 432028.85997820005,
  "max_trade_size_15m": 2353691.912055,
  "buy_sell_ratio_15m": 0.09547469363477921,
  "buy_sell_imbalance_15m": -0.8256925619742165,
  "large_trade_ratio_15m": 0.1,
  "volume_momentum_15m": 2.545885729684082,
  "volume_momentum_std_15m": 7.563976071355431,
  "volume_acceleration_15m": 0.0988536995774848,
  "volume_trend_slope": -17865.29155203636,
  "volume_trend_r2": 0.004642793178622228,
  "volume_trend_strength": 0.022505255576797396,
  "volume_acceleration": 0.0988536995774848,
  "trade_interval_skew": -0.06831590265080296,
  "cluster_count": 2,
  "clustering_ratio": 0.2,
  "liquidity": 92381.65261817843,
  "market_count": 2,
  "holder_count": 2238,
  "unique_wallets_24h": 96,
  "active_ratio": 0.04289544235924933,
  "average_holding": 0.0,
  "trades_24h": 359,
  "trades_per_holder": 0.16041108132260948,
  "volume_per_holder": 0.0,
  "has_valid_liquidity": true,
  "has_valid_holders": true,
  "has_recent_trades": false,
  "has_price_data": true,
  "trend_strength_2m": 0.8122531999043364,
  "trend_consistency_2m": 1.0,
  "momentum_strength_2m": 0.8122531999043364,
  "pattern_type_2m": "uptrend",
  "momentum_strength_3m": 1.0150939850787435,
  "pattern_type_3m": "uptrend",
  "volatility_acceleration_1m": NaN,
  "volatility_acceleration_3m": 0.6075637694176993,
  "volatility_regime_3m": "normal",
  "volatility_acceleration_5m": 0.757390331796753,
  "volatility_regime_5m": "low",
  "volatility_acceleration_10m": 1.0031531625513797,
  "volatility_regime_10m": "normal",
  "rsi_divergence_7": false,
  "rsi_divergence_14": true,
  "patterns_detected": true,
  "volatility_adjusted_momentum_3m": 1.0150939850787484,
  "volatility_adjusted_momentum_5m": 1.0882059589178699,
  "volatility_adjusted_momentum_10m": 0.8466951048628516,
  "rsi_trend_strength_7": 8.886132110576495,
  "rsi_trend_strength_14": 0,
  "rsi_trend_strength_21": 0,
  "data_points_count": 14,
  "trades_count": 10,
  "feature_extraction_time": "2024-10-27T12:30:32.997510",
  "data_run_dir": "run_20241023_171347"
}