{
  "token_address": "JCmiuEvazeTRhmL57NjjFedQYbQLYeRDDua9dSohpump",
  "spike_time": "2024-09-26T16:16:00",
  "price_mean": 0.00023704018344295627,
  "price_std": 4.690877526597911e-05,
  "price_min": 0.0001602366914139,
  "price_max": 0.0003251913250873,
  "price_last": 0.0003251913250873,
  "rsi_7": 88.07805443672873,
  "rsi_7_slope": 2.58765758205818,
  "rsi_14": 81.34465244036303,
  "rsi_14_slope": 2.8841190109806334,
  "macd": NaN,
  "macd_signal": NaN,
  "macd_divergence": NaN,
  "price_change_3m": 0.1285736743013956,
  "volatility_3m": 0.044725708042304205,
  "momentum_3m": 0.06281412710846956,
  "momentum_std_3m": 0.044725708042304205,
  "acceleration_3m": 0.06325170290016602,
  "trend_strength_3m": 1.4272785590687564,
  "trend_consistency_3m": 1.0,
  "price_change_5m": 0.19098869884325376,
  "volatility_5m": 0.033115795132028926,
  "momentum_5m": 0.04505043049090213,
  "momentum_std_5m": 0.033115795132028926,
  "acceleration_5m": 0.023617816508276917,
  "trend_strength_5m": 1.3603910252280267,
  "trend_consistency_5m": 1.0,
  "price_change_10m": 0.4248024161248556,
  "volatility_10m": 0.04155029168770234,
  "momentum_10m": 0.04086498176354098,
  "momentum_std_10m": 0.04155029168770234,
  "acceleration_10m": 0.006193175089927616,
  "trend_strength_10m": 0.9835064954703028,
  "trend_consistency_10m": 0.8888888888888888,
  "price_change_15m": 0.5412204105460636,
  "volatility_15m": 0.1105229145033773,
  "momentum_15m": 0.037429550109170394,
  "momentum_std_15m": 0.1105229145033773,
  "acceleration_15m": 0.004760951611875926,
  "trend_strength_15m": 0.3386587322398799,
  "trend_consistency_15m": 0.8571428571428571,
  "volume_total": 12857346.752539001,
  "volume_mean": 1285734.6752539002,
  "volume_std": 1456331.5659868633,
  "volume_skew": 0.8200596109824019,
  "volume_kurtosis": -1.268962359848759,
  "avg_trade_interval": -4621.222222222223,
  "trade_interval_std": 7599.491311557928,
  "whale_trade_count": 1,
  "whale_volume_ratio": 0.27366155961665833,
  "volume_1m": 2961000.0,
  "trades_count_1m": 1,
  "avg_trade_size_1m": 2961000.0,
  "max_trade_size_1m": 2961000.0,
  "buy_sell_ratio_1m": 0.0,
  "buy_sell_imbalance_1m": -1.0,
  "large_trade_ratio_1m": 1.0,
  "volume_3m": 9922322.100084,
  "trades_count_3m": 3,
  "avg_trade_size_3m": 3307440.700028,
  "max_trade_size_3m": 3518561.564832,
  "buy_sell_ratio_3m": 0.5313261554512698,
  "buy_sell_imbalance_3m": -0.3060574932912419,
  "large_trade_ratio_3m": 0.3333333333333333,
  "volume_momentum_3m": -0.08073877973627319,
  "volume_momentum_std_3m": 0.0837152101535787,
  "volume_acceleration_3m": -0.11839118557610484,
  "volume_5m": 10379994.557006,
  "trades_count_5m": 5,
  "avg_trade_size_5m": 2075998.9114011999,
  "max_trade_size_5m": 3518561.564832,
  "buy_sell_ratio_5m": 0.49627279755246567,
  "buy_sell_imbalance_5m": -0.33665465500108543,
  "large_trade_ratio_5m": 0.2,
  "volume_momentum_5m": 2.91718907356117,
  "volume_momentum_std_5m": 4.028736620328687,
  "volume_acceleration_5m": -1.1772247859799057,
  "volume_10m": 12857346.752539001,
  "trades_count_10m": 10,
  "avg_trade_size_10m": 1285734.6752539002,
  "max_trade_size_10m": 3518561.564832,
  "buy_sell_ratio_10m": 0.5388406742129225,
  "buy_sell_imbalance_10m": -0.2996797092219756,
  "large_trade_ratio_10m": 0.1,
  "volume_momentum_10m": 3.3433218232682127,
  "volume_momentum_std_10m": 6.9864056207498315,
  "volume_acceleration_10m": 0.03606583994840326,
  "volume_15m": 12857346.752539001,
  "trades_count_15m": 10,
  "avg_trade_size_15m": 1285734.6752539002,
  "max_trade_size_15m": 3518561.564832,
  "buy_sell_ratio_15m": 0.5388406742129225,
  "buy_sell_imbalance_15m": -0.2996797092219756,
  "large_trade_ratio_15m": 0.1,
  "volume_momentum_15m": 3.3433218232682127,
  "volume_momentum_std_15m": 6.9864056207498315,
  "volume_acceleration_15m": 0.03606583994840326,
  "volume_trend_slope": 358354.46045212727,
  "volume_trend_r2": 0.5550301078498988,
  "volume_trend_strength": 0.24606653376306736,
  "volume_acceleration": 0.03606583994840326,
  "trade_interval_skew": -1.914316555541674,
  "cluster_count": 2,
  "clustering_ratio": 0.2,
  "liquidity": 33333.5352666343,
  "market_count": 1,
  "holder_count": 847,
  "unique_wallets_24h": 13,
  "active_ratio": 0.015348288075560802,
  "average_holding": 0.0,
  "trades_24h": 23,
  "trades_per_holder": 0.02715466351829988,
  "volume_per_holder": 0.0,
  "has_valid_liquidity": true,
  "has_valid_holders": true,
  "has_recent_trades": false,
  "has_price_data": true,
  "trend_strength_2m": 1.4044300215226615,
  "trend_consistency_2m": 1.0,
  "momentum_strength_2m": 1.4044300215226615,
  "pattern_type_2m": "uptrend",
  "momentum_strength_3m": 1.4272785590687564,
  "pattern_type_3m": "uptrend",
  "volatility_acceleration_1m": NaN,
  "volatility_acceleration_3m": 8.443519883699757,
  "volatility_regime_3m": "normal",
  "volatility_acceleration_5m": 1.123783804173129,
  "volatility_regime_5m": "low",
  "volatility_acceleration_10m": 0.6560691111976457,
  "volatility_regime_10m": "low",
  "volatility_acceleration_15m": 1.0070910554154548,
  "volatility_regime_15m": "normal",
  "rsi_divergence_7": false,
  "rsi_divergence_14": false,
  "patterns_detected": true,
  "volatility_adjusted_momentum_3m": 1.4272785590687573,
  "volatility_adjusted_momentum_5m": 1.5619785386512224,
  "volatility_adjusted_momentum_10m": 1.0004167471946876,
  "volatility_adjusted_momentum_15m": 0.36166786921122834,
  "rsi_trend_strength_7": 8.11146923949304,
  "rsi_trend_strength_14": 9.422825651218345,
  "rsi_trend_strength_21": 0,
  "data_points_count": 16,
  "trades_count": 10,
  "feature_extraction_time": "2024-10-27T12:30:39.509302",
  "data_run_dir": "run_20241023_171347"
}