{
  "token_address": "JCmiuEvazeTRhmL57NjjFedQYbQLYeRDDua9dSohpump",
  "spike_time": "2024-09-26T16:12:00",
  "price_mean": 0.00019524560618543752,
  "price_std": 4.9363377196013405e-05,
  "price_min": 0.0001033728732053,
  "price_max": 0.0002730431660713,
  "price_last": 0.0002730431660713,
  "rsi_7": 80.81302715108325,
  "rsi_7_slope": -4.027607867565141,
  "rsi_14": 78.62560738546264,
  "rsi_14_slope": 2.9542041806892243,
  "macd": NaN,
  "macd_signal": NaN,
  "macd_divergence": NaN,
  "price_change_3m": 0.17432010821785743,
  "volatility_3m": 0.004021869687819266,
  "momentum_3m": 0.08366424502045389,
  "momentum_std_3m": 0.004021869687819266,
  "acceleration_3m": 0.005687782658611251,
  "trend_strength_3m": 1.4167213287885143,
  "trend_consistency_3m": 1.0,
  "price_change_5m": 0.14491837853993753,
  "volatility_5m": 0.05867217970325303,
  "momentum_5m": 0.03567213401728217,
  "momentum_std_5m": 0.05867217970325303,
  "acceleration_5m": 0.04075340829543095,
  "trend_strength_5m": 0.6079906047074021,
  "trend_consistency_5m": 0.75,
  "price_change_10m": 0.25327687550911404,
  "volatility_10m": 0.1392749758291864,
  "momentum_10m": 0.03458493021784573,
  "momentum_std_10m": 0.1392749758291864,
  "acceleration_10m": 0.04387707396831894,
  "trend_strength_10m": 0.24832120782603737,
  "trend_consistency_10m": 0.7777777777777778,
  "price_change_15m": 1.2814582964754784,
  "volatility_15m": 0.1297469643197161,
  "momentum_15m": 0.06875843986979858,
  "momentum_std_15m": 0.1297469643197161,
  "acceleration_15m": -0.006199672171229187,
  "trend_strength_15m": 0.529942571144612,
  "trend_consistency_15m": 0.8571428571428571,
  "volume_total": 12857346.752539001,
  "volume_mean": 1285734.6752539002,
  "volume_std": 1456331.5659868633,
  "volume_skew": 0.8200596109824019,
  "volume_kurtosis": -1.268962359848759,
  "avg_trade_interval": -4621.222222222223,
  "trade_interval_std": 7599.491311557928,
  "whale_trade_count": 1,
  "whale_volume_ratio": 0.27366155961665833,
  "volume_1m": 2961000.0,
  "trades_count_1m": 1,
  "avg_trade_size_1m": 2961000.0,
  "max_trade_size_1m": 2961000.0,
  "buy_sell_ratio_1m": 0.0,
  "buy_sell_imbalance_1m": -1.0,
  "large_trade_ratio_1m": 1.0,
  "volume_3m": 9922322.100084,
  "trades_count_3m": 3,
  "avg_trade_size_3m": 3307440.700028,
  "max_trade_size_3m": 3518561.564832,
  "buy_sell_ratio_3m": 0.5313261554512698,
  "buy_sell_imbalance_3m": -0.3060574932912419,
  "large_trade_ratio_3m": 0.3333333333333333,
  "volume_momentum_3m": -0.08073877973627319,
  "volume_momentum_std_3m": 0.0837152101535787,
  "volume_acceleration_3m": -0.11839118557610484,
  "volume_5m": 10379994.557006,
  "trades_count_5m": 5,
  "avg_trade_size_5m": 2075998.9114011999,
  "max_trade_size_5m": 3518561.564832,
  "buy_sell_ratio_5m": 0.49627279755246567,
  "buy_sell_imbalance_5m": -0.33665465500108543,
  "large_trade_ratio_5m": 0.2,
  "volume_momentum_5m": 2.91718907356117,
  "volume_momentum_std_5m": 4.028736620328687,
  "volume_acceleration_5m": -1.1772247859799057,
  "volume_10m": 12857346.752539001,
  "trades_count_10m": 10,
  "avg_trade_size_10m": 1285734.6752539002,
  "max_trade_size_10m": 3518561.564832,
  "buy_sell_ratio_10m": 0.5388406742129225,
  "buy_sell_imbalance_10m": -0.2996797092219756,
  "large_trade_ratio_10m": 0.1,
  "volume_momentum_10m": 3.3433218232682127,
  "volume_momentum_std_10m": 6.9864056207498315,
  "volume_acceleration_10m": 0.03606583994840326,
  "volume_15m": 12857346.752539001,
  "trades_count_15m": 10,
  "avg_trade_size_15m": 1285734.6752539002,
  "max_trade_size_15m": 3518561.564832,
  "buy_sell_ratio_15m": 0.5388406742129225,
  "buy_sell_imbalance_15m": -0.2996797092219756,
  "large_trade_ratio_15m": 0.1,
  "volume_momentum_15m": 3.3433218232682127,
  "volume_momentum_std_15m": 6.9864056207498315,
  "volume_acceleration_15m": 0.03606583994840326,
  "volume_trend_slope": 358354.46045212727,
  "volume_trend_r2": 0.5550301078498988,
  "volume_trend_strength": 0.24606653376306736,
  "volume_acceleration": 0.03606583994840326,
  "trade_interval_skew": -1.914316555541674,
  "cluster_count": 2,
  "clustering_ratio": 0.2,
  "liquidity": 33333.5352666343,
  "market_count": 1,
  "holder_count": 847,
  "unique_wallets_24h": 13,
  "active_ratio": 0.015348288075560802,
  "average_holding": 0.0,
  "trades_24h": 23,
  "trades_per_holder": 0.02715466351829988,
  "volume_per_holder": 0.0,
  "has_valid_liquidity": true,
  "has_valid_holders": true,
  "has_recent_trades": false,
  "has_price_data": true,
  "trend_strength_2m": 20.802326160353104,
  "trend_consistency_2m": 1.0,
  "momentum_strength_2m": 20.802326160353104,
  "pattern_type_2m": "uptrend",
  "momentum_strength_3m": 1.4167213287885143,
  "pattern_type_3m": "uptrend",
  "volatility_acceleration_1m": NaN,
  "volatility_acceleration_3m": 0.7157480415330906,
  "volatility_regime_3m": "normal",
  "volatility_acceleration_5m": 0.7394238953687239,
  "volatility_regime_5m": "low",
  "volatility_acceleration_10m": 1.0079119173035047,
  "volatility_regime_10m": "low",
  "volatility_acceleration_15m": 0.9892574862728365,
  "volatility_regime_15m": "normal",
  "rsi_divergence_7": false,
  "rsi_divergence_14": false,
  "patterns_detected": true,
  "volatility_adjusted_momentum_3m": 1.4167213287885154,
  "volatility_adjusted_momentum_5m": 0.7359272222139438,
  "volatility_adjusted_momentum_10m": 0.26182972349051575,
  "volatility_adjusted_momentum_15m": 0.5875570187997025,
  "rsi_trend_strength_7": 6.113175585041731,
  "rsi_trend_strength_14": 8.693611106039322,
  "rsi_trend_strength_21": 0,
  "data_points_count": 16,
  "trades_count": 10,
  "feature_extraction_time": "2024-10-27T12:30:39.398599",
  "data_run_dir": "run_20241023_171347"
}