{
  "token_address": "mTEAro5WhhxUvAXmyK5yr1VQhkTRBZHhRQXS1ZTpump",
  "spike_time": "2024-09-24T05:42:00",
  "price_mean": 2.9362679480132568e-05,
  "price_std": 6.492857406783047e-06,
  "price_min": 2.2591855588144188e-05,
  "price_max": 4.345930242085399e-05,
  "price_last": 4.345930242085399e-05,
  "rsi_7": 75.28023130228115,
  "rsi_7_slope": 3.2911256336686003,
  "rsi_14": 71.5742889086816,
  "rsi_14_slope": -2.149046324023992,
  "macd": NaN,
  "macd_signal": NaN,
  "macd_divergence": NaN,
  "price_change_3m": 0.02445318832316425,
  "volatility_3m": 0.15245264894905913,
  "momentum_3m": 0.017877248694044,
  "momentum_std_3m": 0.15245264894905913,
  "acceleration_3m": 0.2156006037634638,
  "trend_strength_3m": 0.5949370852621434,
  "trend_consistency_3m": 0.6666666666666666,
  "price_change_5m": 0.7049708160454754,
  "volatility_5m": 0.21669176894916614,
  "momentum_5m": 0.1577730449855028,
  "momentum_std_5m": 0.21669176894916614,
  "acceleration_5m": -0.010580015654885866,
  "trend_strength_5m": 0.7280989294176414,
  "trend_consistency_5m": 0.75,
  "price_change_10m": 0.689119984585861,
  "volatility_10m": 0.17429195191563965,
  "momentum_10m": 0.07165449886098668,
  "momentum_std_10m": 0.17429195191563965,
  "acceleration_10m": 0.016507991363270066,
  "trend_strength_10m": 0.41111765674452205,
  "trend_consistency_10m": 0.4444444444444444,
  "price_change_15m": 0.9178134430880732,
  "volatility_15m": 0.15720354685522275,
  "momentum_15m": 0.05771249362439006,
  "momentum_std_15m": 0.15720354685522275,
  "acceleration_15m": -0.007039769699350547,
  "trend_strength_15m": 0.3671195388329286,
  "trend_consistency_15m": 0.42857142857142855,
  "volume_total": 17540871.840693,
  "volume_mean": 1754087.1840693,
  "volume_std": 3221844.7569499854,
  "volume_skew": 2.457142353260289,
  "volume_kurtosis": 6.064314470392376,
  "avg_trade_interval": -2681.8888888888887,
  "trade_interval_std": 1898.7554110814567,
  "whale_trade_count": 1,
  "whale_volume_ratio": 0.5807835273750291,
  "volume_1m": 758627.319623,
  "trades_count_1m": 1,
  "avg_trade_size_1m": 758627.319623,
  "max_trade_size_1m": 758627.319623,
  "buy_sell_ratio_1m": 0.0,
  "buy_sell_imbalance_1m": -1.0,
  "large_trade_ratio_1m": 1.0,
  "volume_3m": 1067361.86467,
  "trades_count_3m": 3,
  "avg_trade_size_3m": 355787.28822333337,
  "max_trade_size_3m": 758627.319623,
  "buy_sell_ratio_3m": 0.23565313630044624,
  "buy_sell_imbalance_3m": -0.6185772052406335,
  "large_trade_ratio_3m": 0.3333333333333333,
  "volume_momentum_3m": 1.831115182523643,
  "volume_momentum_std_3m": 1.2667389032712806,
  "volume_acceleration_3m": 1.7914393369918653,
  "volume_5m": 1438895.712806,
  "trades_count_5m": 5,
  "avg_trade_size_5m": 287779.14256119996,
  "max_trade_size_5m": 758627.319623,
  "buy_sell_ratio_5m": 0.16477930090998746,
  "buy_sell_imbalance_5m": -0.7170634801266589,
  "large_trade_ratio_5m": 0.2,
  "volume_momentum_5m": 1.0483959405957215,
  "volume_momentum_std_5m": 1.3534915589961156,
  "volume_acceleration_5m": 0.5374850958914438,
  "volume_10m": 17540871.840693,
  "trades_count_10m": 10,
  "avg_trade_size_10m": 1754087.1840693,
  "max_trade_size_10m": 10187449.420871,
  "buy_sell_ratio_10m": 1.6537738433791678,
  "buy_sell_imbalance_10m": 0.2463562767453795,
  "large_trade_ratio_10m": 0.1,
  "volume_momentum_10m": 31.986244499899833,
  "volume_momentum_std_10m": 95.58161792265714,
  "volume_acceleration_10m": 0.4347416462700453,
  "volume_15m": 17540871.840693,
  "trades_count_15m": 10,
  "avg_trade_size_15m": 1754087.1840693,
  "max_trade_size_15m": 10187449.420871,
  "buy_sell_ratio_15m": 1.6537738433791678,
  "buy_sell_imbalance_15m": 0.2463562767453795,
  "large_trade_ratio_15m": 0.1,
  "volume_momentum_15m": 31.986244499899833,
  "volume_momentum_std_15m": 95.58161792265714,
  "volume_acceleration_15m": 0.4347416462700453,
  "volume_trend_slope": -298563.42577554553,
  "volume_trend_r2": 0.07871824970661466,
  "volume_trend_strength": 0.09266847048775427,
  "volume_acceleration": 0.4347416462700453,
  "trade_interval_skew": -1.1947149795550946,
  "cluster_count": 1,
  "clustering_ratio": 0.1,
  "liquidity": 33013.22655667777,
  "market_count": 1,
  "holder_count": 1109,
  "unique_wallets_24h": 30,
  "active_ratio": 0.027051397655545536,
  "average_holding": 0.0,
  "trades_24h": 72,
  "trades_per_holder": 0.06492335437330929,
  "volume_per_holder": 0.0,
  "has_valid_liquidity": true,
  "has_valid_holders": true,
  "has_recent_trades": false,
  "has_price_data": true,
  "trend_strength_2m": 0.11726427069179719,
  "trend_consistency_2m": 0.5,
  "momentum_strength_2m": 0.11726427069179719,
  "pattern_type_2m": "choppy_up",
  "momentum_strength_3m": 0.5949370852621434,
  "pattern_type_3m": "choppy_up",
  "volatility_acceleration_1m": NaN,
  "volatility_acceleration_3m": 1.0049105239778227,
  "volatility_regime_3m": "high",
  "volatility_acceleration_5m": 0.952564947213413,
  "volatility_regime_5m": "high",
  "volatility_acceleration_10m": 0.968771849153501,
  "volatility_regime_10m": "normal",
  "volatility_acceleration_15m": 1.0076982676271984,
  "volatility_regime_15m": "normal",
  "rsi_divergence_7": false,
  "rsi_divergence_14": false,
  "patterns_detected": true,
  "volatility_adjusted_momentum_3m": 0.5949370852621434,
  "volatility_adjusted_momentum_5m": 0.5955686634500398,
  "volatility_adjusted_momentum_10m": 0.36328299286518684,
  "volatility_adjusted_momentum_15m": 0.28885526288117575,
  "rsi_trend_strength_7": 1.3075629510959723,
  "rsi_trend_strength_14": 4.868952088356715,
  "rsi_trend_strength_21": 0,
  "data_points_count": 16,
  "trades_count": 10,
  "feature_extraction_time": "2024-10-27T12:30:36.916327",
  "data_run_dir": "run_20241023_171347"
}