{
  "token_address": "mTEAro5WhhxUvAXmyK5yr1VQhkTRBZHhRQXS1ZTpump",
  "spike_time": "2024-09-24T11:28:00",
  "price_mean": 0.0001727197858569875,
  "price_std": 2.01232437777392e-05,
  "price_min": 0.0001356456676918,
  "price_max": 0.0002108917274614,
  "price_last": 0.0002108917274614,
  "rsi_7": 85.4398351830615,
  "rsi_7_slope": 0.8895889603617764,
  "rsi_14": 80.58061189564181,
  "rsi_14_slope": 2.502798000154634,
  "macd": NaN,
  "macd_signal": NaN,
  "macd_divergence": NaN,
  "price_change_3m": 0.08745128376253271,
  "volatility_3m": 0.00016613374910826934,
  "momentum_3m": 0.04280932943791027,
  "momentum_std_3m": 0.00016613374910826934,
  "acceleration_3m": 0.0002349486011568036,
  "trend_strength_3m": 2.149538176999957,
  "trend_consistency_3m": 1.0,
  "price_change_5m": 0.17706868906955275,
  "volatility_5m": 0.020508844377070463,
  "momentum_5m": 0.04175050264816843,
  "momentum_std_5m": 0.020508844377070463,
  "acceleration_5m": -0.007612675150391472,
  "trend_strength_5m": 2.0357316034269983,
  "trend_consistency_5m": 1.0,
  "price_change_10m": 0.2355152627509837,
  "volatility_10m": 0.04516474159544568,
  "momentum_10m": 0.02468016390842065,
  "momentum_std_10m": 0.04516474159544568,
  "acceleration_10m": 0.01392321097600191,
  "trend_strength_10m": 0.5464475835927144,
  "trend_consistency_10m": 0.7777777777777778,
  "price_change_15m": 0.39388549257941763,
  "volatility_15m": 0.06828114139137041,
  "momentum_15m": 0.026047476851791627,
  "momentum_std_15m": 0.06828114139137041,
  "acceleration_15m": 0.004371368293240602,
  "trend_strength_15m": 0.3814739519729761,
  "trend_consistency_15m": 0.6428571428571429,
  "volume_total": 17540871.840693,
  "volume_mean": 1754087.1840693,
  "volume_std": 3221844.7569499854,
  "volume_skew": 2.457142353260289,
  "volume_kurtosis": 6.064314470392376,
  "avg_trade_interval": -2681.8888888888887,
  "trade_interval_std": 1898.7554110814567,
  "whale_trade_count": 1,
  "whale_volume_ratio": 0.5807835273750291,
  "volume_1m": 758627.319623,
  "trades_count_1m": 1,
  "avg_trade_size_1m": 758627.319623,
  "max_trade_size_1m": 758627.319623,
  "buy_sell_ratio_1m": 0.0,
  "buy_sell_imbalance_1m": -1.0,
  "large_trade_ratio_1m": 1.0,
  "volume_3m": 1067361.86467,
  "trades_count_3m": 3,
  "avg_trade_size_3m": 355787.28822333337,
  "max_trade_size_3m": 758627.319623,
  "buy_sell_ratio_3m": 0.23565313630044624,
  "buy_sell_imbalance_3m": -0.6185772052406335,
  "large_trade_ratio_3m": 0.3333333333333333,
  "volume_momentum_3m": 1.831115182523643,
  "volume_momentum_std_3m": 1.2667389032712806,
  "volume_acceleration_3m": 1.7914393369918653,
  "volume_5m": 1438895.712806,
  "trades_count_5m": 5,
  "avg_trade_size_5m": 287779.14256119996,
  "max_trade_size_5m": 758627.319623,
  "buy_sell_ratio_5m": 0.16477930090998746,
  "buy_sell_imbalance_5m": -0.7170634801266589,
  "large_trade_ratio_5m": 0.2,
  "volume_momentum_5m": 1.0483959405957215,
  "volume_momentum_std_5m": 1.3534915589961156,
  "volume_acceleration_5m": 0.5374850958914438,
  "volume_10m": 17540871.840693,
  "trades_count_10m": 10,
  "avg_trade_size_10m": 1754087.1840693,
  "max_trade_size_10m": 10187449.420871,
  "buy_sell_ratio_10m": 1.6537738433791678,
  "buy_sell_imbalance_10m": 0.2463562767453795,
  "large_trade_ratio_10m": 0.1,
  "volume_momentum_10m": 31.986244499899833,
  "volume_momentum_std_10m": 95.58161792265714,
  "volume_acceleration_10m": 0.4347416462700453,
  "volume_15m": 17540871.840693,
  "trades_count_15m": 10,
  "avg_trade_size_15m": 1754087.1840693,
  "max_trade_size_15m": 10187449.420871,
  "buy_sell_ratio_15m": 1.6537738433791678,
  "buy_sell_imbalance_15m": 0.2463562767453795,
  "large_trade_ratio_15m": 0.1,
  "volume_momentum_15m": 31.986244499899833,
  "volume_momentum_std_15m": 95.58161792265714,
  "volume_acceleration_15m": 0.4347416462700453,
  "volume_trend_slope": -298563.42577554553,
  "volume_trend_r2": 0.07871824970661466,
  "volume_trend_strength": 0.09266847048775427,
  "volume_acceleration": 0.4347416462700453,
  "trade_interval_skew": -1.1947149795550946,
  "cluster_count": 1,
  "clustering_ratio": 0.1,
  "liquidity": 33013.22655667777,
  "market_count": 1,
  "holder_count": 1109,
  "unique_wallets_24h": 30,
  "active_ratio": 0.027051397655545536,
  "average_holding": 0.0,
  "trades_24h": 70,
  "trades_per_holder": 0.06311992786293959,
  "volume_per_holder": 0.0,
  "has_valid_liquidity": true,
  "has_valid_holders": true,
  "has_recent_trades": false,
  "has_price_data": true,
  "trend_strength_2m": 257.67990951682816,
  "trend_consistency_2m": 1.0,
  "momentum_strength_2m": 257.67990951682816,
  "pattern_type_2m": "uptrend",
  "momentum_strength_3m": 2.149538176999957,
  "pattern_type_3m": "uptrend",
  "volatility_acceleration_1m": NaN,
  "volatility_acceleration_3m": 0.6254671831672567,
  "volatility_regime_3m": "low",
  "volatility_acceleration_5m": 0.7681974775338066,
  "volatility_regime_5m": "low",
  "volatility_acceleration_10m": 0.9159874347993343,
  "volatility_regime_10m": "low",
  "volatility_acceleration_15m": 0.9943036155368072,
  "volatility_regime_15m": "normal",
  "rsi_divergence_7": false,
  "rsi_divergence_14": false,
  "patterns_detected": true,
  "volatility_adjusted_momentum_3m": 2.1495381769999744,
  "volatility_adjusted_momentum_5m": 1.846216164809534,
  "volatility_adjusted_momentum_10m": 0.6392585965789425,
  "volatility_adjusted_momentum_15m": 0.4590047371790135,
  "rsi_trend_strength_7": 5.074453649935269,
  "rsi_trend_strength_14": 11.231101441563439,
  "rsi_trend_strength_21": 0,
  "data_points_count": 16,
  "trades_count": 10,
  "feature_extraction_time": "2024-10-27T12:30:37.787740",
  "data_run_dir": "run_20241023_171347"
}