{
  "token_address": "mTEAro5WhhxUvAXmyK5yr1VQhkTRBZHhRQXS1ZTpump",
  "spike_time": "2024-09-24T05:44:00",
  "price_mean": 3.250967197521426e-05,
  "price_std": 9.024414985521336e-06,
  "price_min": 2.2591855588144188e-05,
  "price_max": 5.037041600128701e-05,
  "price_last": 5.037041600128701e-05,
  "rsi_7": 81.79970792470952,
  "rsi_7_slope": 7.6754282268028415,
  "rsi_14": 77.64639385134257,
  "rsi_14_slope": 2.630549317980929,
  "macd": NaN,
  "macd_signal": NaN,
  "macd_divergence": NaN,
  "price_change_3m": 0.1590249542780676,
  "volatility_3m": 0.052897136728509986,
  "momentum_3m": 0.07722978412922876,
  "momentum_std_3m": 0.052897136728509986,
  "acceleration_3m": -0.0748078481721628,
  "trend_strength_3m": 1.9992950069592432,
  "trend_consistency_3m": 1.0,
  "price_change_5m": 0.187366809756276,
  "volatility_5m": 0.09926839159276667,
  "momentum_5m": 0.04755351641163638,
  "momentum_std_5m": 0.09926839159276667,
  "acceleration_5m": 0.043249637743611756,
  "trend_strength_5m": 0.4790398600061677,
  "trend_consistency_5m": 0.75,
  "price_change_10m": 1.2295829488092391,
  "volatility_10m": 0.15649940564458856,
  "momentum_10m": 0.10244685136006253,
  "momentum_std_10m": 0.15649940564458856,
  "acceleration_10m": -0.018094852716282556,
  "trend_strength_10m": 0.6546149548498617,
  "trend_consistency_10m": 0.6666666666666666,
  "price_change_15m": 0.6122274095732623,
  "volatility_15m": 0.14962606484374888,
  "momentum_15m": 0.04375323484863042,
  "momentum_std_15m": 0.14962606484374888,
  "acceleration_15m": 0.007025562862290972,
  "trend_strength_15m": 0.2924171994653534,
  "trend_consistency_15m": 0.42857142857142855,
  "volume_total": 17540871.840693,
  "volume_mean": 1754087.1840693,
  "volume_std": 3221844.7569499854,
  "volume_skew": 2.457142353260289,
  "volume_kurtosis": 6.064314470392376,
  "avg_trade_interval": -2681.8888888888887,
  "trade_interval_std": 1898.7554110814567,
  "whale_trade_count": 1,
  "whale_volume_ratio": 0.5807835273750291,
  "volume_1m": 758627.319623,
  "trades_count_1m": 1,
  "avg_trade_size_1m": 758627.319623,
  "max_trade_size_1m": 758627.319623,
  "buy_sell_ratio_1m": 0.0,
  "buy_sell_imbalance_1m": -1.0,
  "large_trade_ratio_1m": 1.0,
  "volume_3m": 1067361.86467,
  "trades_count_3m": 3,
  "avg_trade_size_3m": 355787.28822333337,
  "max_trade_size_3m": 758627.319623,
  "buy_sell_ratio_3m": 0.23565313630044624,
  "buy_sell_imbalance_3m": -0.6185772052406335,
  "large_trade_ratio_3m": 0.3333333333333333,
  "volume_momentum_3m": 1.831115182523643,
  "volume_momentum_std_3m": 1.2667389032712806,
  "volume_acceleration_3m": 1.7914393369918653,
  "volume_5m": 1438895.712806,
  "trades_count_5m": 5,
  "avg_trade_size_5m": 287779.14256119996,
  "max_trade_size_5m": 758627.319623,
  "buy_sell_ratio_5m": 0.16477930090998746,
  "buy_sell_imbalance_5m": -0.7170634801266589,
  "large_trade_ratio_5m": 0.2,
  "volume_momentum_5m": 1.0483959405957215,
  "volume_momentum_std_5m": 1.3534915589961156,
  "volume_acceleration_5m": 0.5374850958914438,
  "volume_10m": 17540871.840693,
  "trades_count_10m": 10,
  "avg_trade_size_10m": 1754087.1840693,
  "max_trade_size_10m": 10187449.420871,
  "buy_sell_ratio_10m": 1.6537738433791678,
  "buy_sell_imbalance_10m": 0.2463562767453795,
  "large_trade_ratio_10m": 0.1,
  "volume_momentum_10m": 31.986244499899833,
  "volume_momentum_std_10m": 95.58161792265714,
  "volume_acceleration_10m": 0.4347416462700453,
  "volume_15m": 17540871.840693,
  "trades_count_15m": 10,
  "avg_trade_size_15m": 1754087.1840693,
  "max_trade_size_15m": 10187449.420871,
  "buy_sell_ratio_15m": 1.6537738433791678,
  "buy_sell_imbalance_15m": 0.2463562767453795,
  "large_trade_ratio_15m": 0.1,
  "volume_momentum_15m": 31.986244499899833,
  "volume_momentum_std_15m": 95.58161792265714,
  "volume_acceleration_15m": 0.4347416462700453,
  "volume_trend_slope": -298563.42577554553,
  "volume_trend_r2": 0.07871824970661466,
  "volume_trend_strength": 0.09266847048775427,
  "volume_acceleration": 0.4347416462700453,
  "trade_interval_skew": -1.1947149795550946,
  "cluster_count": 1,
  "clustering_ratio": 0.1,
  "liquidity": 33013.22655667777,
  "market_count": 1,
  "holder_count": 1109,
  "unique_wallets_24h": 30,
  "active_ratio": 0.027051397655545536,
  "average_holding": 0.0,
  "trades_24h": 72,
  "trades_per_holder": 0.06492335437330929,
  "volume_per_holder": 0.0,
  "has_valid_liquidity": true,
  "has_valid_holders": true,
  "has_recent_trades": false,
  "has_price_data": true,
  "trend_strength_2m": 1.4599993289921154,
  "trend_consistency_2m": 1.0,
  "momentum_strength_2m": 1.4599993289921154,
  "pattern_type_2m": "uptrend",
  "momentum_strength_3m": 1.9992950069592432,
  "pattern_type_3m": "uptrend",
  "volatility_acceleration_1m": NaN,
  "volatility_acceleration_3m": 0.3846817181373109,
  "volatility_regime_3m": "low",
  "volatility_acceleration_5m": 1.0315242265472426,
  "volatility_regime_5m": "normal",
  "volatility_acceleration_10m": 0.9883082772428454,
  "volatility_regime_10m": "normal",
  "volatility_acceleration_15m": 0.9962257849016112,
  "volatility_regime_15m": "normal",
  "rsi_divergence_7": false,
  "rsi_divergence_14": false,
  "patterns_detected": true,
  "volatility_adjusted_momentum_3m": 1.999295006959252,
  "volatility_adjusted_momentum_5m": 0.6455753699671183,
  "volatility_adjusted_momentum_10m": 0.49444622995002324,
  "volatility_adjusted_momentum_15m": 0.34029067871774255,
  "rsi_trend_strength_7": 5.196876311084309,
  "rsi_trend_strength_14": 9.30205274470597,
  "rsi_trend_strength_21": 0,
  "data_points_count": 16,
  "trades_count": 10,
  "feature_extraction_time": "2024-10-27T12:30:36.961867",
  "data_run_dir": "run_20241023_171347"
}