{
  "token_address": "mTEAro5WhhxUvAXmyK5yr1VQhkTRBZHhRQXS1ZTpump",
  "spike_time": "2024-09-24T05:43:00",
  "price_mean": 3.077782474080653e-05,
  "price_std": 7.964944800767544e-06,
  "price_min": 2.2591855588144188e-05,
  "price_max": 4.844120341380709e-05,
  "price_last": 4.844120341380709e-05,
  "rsi_7": 80.6731192193283,
  "rsi_7_slope": 2.4927495805417603,
  "rsi_14": 77.44329112870345,
  "rsi_14_slope": 3.929093397348403,
  "macd": NaN,
  "macd_signal": NaN,
  "macd_divergence": NaN,
  "price_change_3m": 0.25471814245300456,
  "volatility_3m": 0.007809175823440572,
  "momentum_3m": 0.12015562939554303,
  "momentum_std_3m": 0.007809175823440572,
  "acceleration_3m": -0.011043842360465739,
  "trend_strength_3m": 0.4128778155099094,
  "trend_consistency_3m": 0.6666666666666666,
  "price_change_5m": 0.6419466466780261,
  "volatility_5m": 0.2177684006221565,
  "momentum_5m": 0.14707707265422196,
  "momentum_std_5m": 0.2177684006221565,
  "acceleration_5m": -0.10776212559939317,
  "trend_strength_5m": 0.6753829859338087,
  "trend_consistency_5m": 0.75,
  "price_change_10m": 0.8948513131951187,
  "volatility_10m": 0.1721739642233183,
  "momentum_10m": 0.08510117536606387,
  "momentum_std_10m": 0.1721739642233183,
  "acceleration_10m": 0.028864866514768828,
  "trend_strength_10m": 0.4942743564624171,
  "trend_consistency_10m": 0.5555555555555556,
  "price_change_15m": 0.7562184270584663,
  "volatility_15m": 0.15148561125376603,
  "momentum_15m": 0.050386718734959854,
  "momentum_std_15m": 0.15148561125376603,
  "acceleration_15m": -0.0013893020181884063,
  "trend_strength_15m": 0.3326171926028863,
  "trend_consistency_15m": 0.42857142857142855,
  "volume_total": 17540871.840693,
  "volume_mean": 1754087.1840693,
  "volume_std": 3221844.7569499854,
  "volume_skew": 2.457142353260289,
  "volume_kurtosis": 6.064314470392376,
  "avg_trade_interval": -2681.8888888888887,
  "trade_interval_std": 1898.7554110814567,
  "whale_trade_count": 1,
  "whale_volume_ratio": 0.5807835273750291,
  "volume_1m": 758627.319623,
  "trades_count_1m": 1,
  "avg_trade_size_1m": 758627.319623,
  "max_trade_size_1m": 758627.319623,
  "buy_sell_ratio_1m": 0.0,
  "buy_sell_imbalance_1m": -1.0,
  "large_trade_ratio_1m": 1.0,
  "volume_3m": 1067361.86467,
  "trades_count_3m": 3,
  "avg_trade_size_3m": 355787.28822333337,
  "max_trade_size_3m": 758627.319623,
  "buy_sell_ratio_3m": 0.23565313630044624,
  "buy_sell_imbalance_3m": -0.6185772052406335,
  "large_trade_ratio_3m": 0.3333333333333333,
  "volume_momentum_3m": 1.831115182523643,
  "volume_momentum_std_3m": 1.2667389032712806,
  "volume_acceleration_3m": 1.7914393369918653,
  "volume_5m": 1438895.712806,
  "trades_count_5m": 5,
  "avg_trade_size_5m": 287779.14256119996,
  "max_trade_size_5m": 758627.319623,
  "buy_sell_ratio_5m": 0.16477930090998746,
  "buy_sell_imbalance_5m": -0.7170634801266589,
  "large_trade_ratio_5m": 0.2,
  "volume_momentum_5m": 1.0483959405957215,
  "volume_momentum_std_5m": 1.3534915589961156,
  "volume_acceleration_5m": 0.5374850958914438,
  "volume_10m": 17540871.840693,
  "trades_count_10m": 10,
  "avg_trade_size_10m": 1754087.1840693,
  "max_trade_size_10m": 10187449.420871,
  "buy_sell_ratio_10m": 1.6537738433791678,
  "buy_sell_imbalance_10m": 0.2463562767453795,
  "large_trade_ratio_10m": 0.1,
  "volume_momentum_10m": 31.986244499899833,
  "volume_momentum_std_10m": 95.58161792265714,
  "volume_acceleration_10m": 0.4347416462700453,
  "volume_15m": 17540871.840693,
  "trades_count_15m": 10,
  "avg_trade_size_15m": 1754087.1840693,
  "max_trade_size_15m": 10187449.420871,
  "buy_sell_ratio_15m": 1.6537738433791678,
  "buy_sell_imbalance_15m": 0.2463562767453795,
  "large_trade_ratio_15m": 0.1,
  "volume_momentum_15m": 31.986244499899833,
  "volume_momentum_std_15m": 95.58161792265714,
  "volume_acceleration_15m": 0.4347416462700453,
  "volume_trend_slope": -298563.42577554553,
  "volume_trend_r2": 0.07871824970661466,
  "volume_trend_strength": 0.09266847048775427,
  "volume_acceleration": 0.4347416462700453,
  "trade_interval_skew": -1.1947149795550946,
  "cluster_count": 1,
  "clustering_ratio": 0.1,
  "liquidity": 33013.22655667777,
  "market_count": 1,
  "holder_count": 1109,
  "unique_wallets_24h": 30,
  "active_ratio": 0.027051397655545536,
  "average_holding": 0.0,
  "trades_24h": 72,
  "trades_per_holder": 0.06492335437330929,
  "volume_per_holder": 0.0,
  "has_valid_liquidity": true,
  "has_valid_holders": true,
  "has_recent_trades": false,
  "has_price_data": true,
  "trend_strength_2m": 15.386467421424351,
  "trend_consistency_2m": 1.0,
  "momentum_strength_2m": 15.386467421424351,
  "pattern_type_2m": "uptrend",
  "momentum_strength_3m": 0.4128778155099094,
  "pattern_type_3m": "choppy_up",
  "volatility_acceleration_1m": NaN,
  "volatility_acceleration_3m": 0.457491668792967,
  "volatility_regime_3m": "normal",
  "volatility_acceleration_5m": 0.9234426643646918,
  "volatility_regime_5m": "normal",
  "volatility_acceleration_10m": 0.9827776094653787,
  "volatility_regime_10m": "normal",
  "volatility_acceleration_15m": 0.9998694950653232,
  "volatility_regime_15m": "normal",
  "rsi_divergence_7": false,
  "rsi_divergence_14": false,
  "patterns_detected": true,
  "volatility_adjusted_momentum_3m": 0.41287781550990926,
  "volatility_adjusted_momentum_5m": 0.7905934269011229,
  "volatility_adjusted_momentum_10m": 0.46063837217140374,
  "volatility_adjusted_momentum_15m": 0.40413071023550295,
  "rsi_trend_strength_7": 3.4313134069155455,
  "rsi_trend_strength_14": 6.0078133763257835,
  "rsi_trend_strength_21": 0,
  "data_points_count": 16,
  "trades_count": 10,
  "feature_extraction_time": "2024-10-27T12:30:36.939344",
  "data_run_dir": "run_20241023_171347"
}