{
  "token_address": "mTEAro5WhhxUvAXmyK5yr1VQhkTRBZHhRQXS1ZTpump",
  "spike_time": "2024-09-24T05:56:00",
  "price_mean": 4.968938939935233e-05,
  "price_std": 6.5730979480882434e-06,
  "price_min": 3.541506278513095e-05,
  "price_max": 5.855416077529679e-05,
  "price_last": 5.855416077529679e-05,
  "rsi_7": 61.94866718378151,
  "rsi_7_slope": -3.9608388405453967,
  "rsi_14": 61.11784148547012,
  "rsi_14_slope": 5.670657202498276,
  "macd": NaN,
  "macd_signal": NaN,
  "macd_divergence": NaN,
  "price_change_3m": 0.2936414335785191,
  "volatility_3m": 0.009767217531950284,
  "momentum_3m": 0.13740455988521394,
  "momentum_std_3m": 0.009767217531950284,
  "acceleration_3m": -0.01381293150033236,
  "trend_strength_3m": 0.13918823510946082,
  "trend_consistency_3m": 0.6666666666666666,
  "price_change_5m": 0.05344552499847478,
  "volatility_5m": 0.15684617088069355,
  "momentum_5m": 0.02282890519805339,
  "momentum_std_5m": 0.15684617088069355,
  "acceleration_5m": 0.039765726713469896,
  "trend_strength_5m": 0.14554964950606541,
  "trend_consistency_5m": 0.75,
  "price_change_10m": 0.05357918563514538,
  "volatility_10m": 0.19211360599817706,
  "momentum_10m": 0.02287433633060006,
  "momentum_std_10m": 0.19211360599817706,
  "acceleration_10m": 0.018748193908293548,
  "trend_strength_10m": 0.11906671686136125,
  "trend_consistency_10m": 0.5555555555555556,
  "price_change_15m": 0.34733319481905717,
  "volatility_15m": 0.15271821218792792,
  "momentum_15m": 0.032889957690892306,
  "momentum_std_15m": 0.15271821218792792,
  "acceleration_15m": 0.001220337378441354,
  "trend_strength_15m": 0.2153636898945586,
  "trend_consistency_15m": 0.7142857142857143,
  "volume_total": 17540871.840693,
  "volume_mean": 1754087.1840693,
  "volume_std": 3221844.7569499854,
  "volume_skew": 2.457142353260289,
  "volume_kurtosis": 6.064314470392376,
  "avg_trade_interval": -2681.8888888888887,
  "trade_interval_std": 1898.7554110814567,
  "whale_trade_count": 1,
  "whale_volume_ratio": 0.5807835273750291,
  "volume_1m": 758627.319623,
  "trades_count_1m": 1,
  "avg_trade_size_1m": 758627.319623,
  "max_trade_size_1m": 758627.319623,
  "buy_sell_ratio_1m": 0.0,
  "buy_sell_imbalance_1m": -1.0,
  "large_trade_ratio_1m": 1.0,
  "volume_3m": 1067361.86467,
  "trades_count_3m": 3,
  "avg_trade_size_3m": 355787.28822333337,
  "max_trade_size_3m": 758627.319623,
  "buy_sell_ratio_3m": 0.23565313630044624,
  "buy_sell_imbalance_3m": -0.6185772052406335,
  "large_trade_ratio_3m": 0.3333333333333333,
  "volume_momentum_3m": 1.831115182523643,
  "volume_momentum_std_3m": 1.2667389032712806,
  "volume_acceleration_3m": 1.7914393369918653,
  "volume_5m": 1438895.712806,
  "trades_count_5m": 5,
  "avg_trade_size_5m": 287779.14256119996,
  "max_trade_size_5m": 758627.319623,
  "buy_sell_ratio_5m": 0.16477930090998746,
  "buy_sell_imbalance_5m": -0.7170634801266589,
  "large_trade_ratio_5m": 0.2,
  "volume_momentum_5m": 1.0483959405957215,
  "volume_momentum_std_5m": 1.3534915589961156,
  "volume_acceleration_5m": 0.5374850958914438,
  "volume_10m": 17540871.840693,
  "trades_count_10m": 10,
  "avg_trade_size_10m": 1754087.1840693,
  "max_trade_size_10m": 10187449.420871,
  "buy_sell_ratio_10m": 1.6537738433791678,
  "buy_sell_imbalance_10m": 0.2463562767453795,
  "large_trade_ratio_10m": 0.1,
  "volume_momentum_10m": 31.986244499899833,
  "volume_momentum_std_10m": 95.58161792265714,
  "volume_acceleration_10m": 0.4347416462700453,
  "volume_15m": 17540871.840693,
  "trades_count_15m": 10,
  "avg_trade_size_15m": 1754087.1840693,
  "max_trade_size_15m": 10187449.420871,
  "buy_sell_ratio_15m": 1.6537738433791678,
  "buy_sell_imbalance_15m": 0.2463562767453795,
  "large_trade_ratio_15m": 0.1,
  "volume_momentum_15m": 31.986244499899833,
  "volume_momentum_std_15m": 95.58161792265714,
  "volume_acceleration_15m": 0.4347416462700453,
  "volume_trend_slope": -298563.42577554553,
  "volume_trend_r2": 0.07871824970661466,
  "volume_trend_strength": 0.09266847048775427,
  "volume_acceleration": 0.4347416462700453,
  "trade_interval_skew": -1.1947149795550946,
  "cluster_count": 1,
  "clustering_ratio": 0.1,
  "liquidity": 33013.22655667777,
  "market_count": 1,
  "holder_count": 1109,
  "unique_wallets_24h": 30,
  "active_ratio": 0.027051397655545536,
  "average_holding": 0.0,
  "trades_24h": 70,
  "trades_per_holder": 0.06311992786293959,
  "volume_per_holder": 0.0,
  "has_valid_liquidity": true,
  "has_valid_holders": true,
  "has_recent_trades": false,
  "has_price_data": true,
  "trend_strength_2m": 14.067932800282117,
  "trend_consistency_2m": 1.0,
  "momentum_strength_2m": 14.067932800282117,
  "pattern_type_2m": "uptrend",
  "momentum_strength_3m": 0.13918823510946082,
  "pattern_type_3m": "choppy_up",
  "volatility_acceleration_1m": NaN,
  "volatility_acceleration_3m": 1.1233124056414674,
  "volatility_regime_3m": "normal",
  "volatility_acceleration_5m": 0.8657878377208971,
  "volatility_regime_5m": "normal",
  "volatility_acceleration_10m": 1.0202014808284505,
  "volatility_regime_10m": "high",
  "volatility_acceleration_15m": 1.0130492515597058,
  "volatility_regime_15m": "normal",
  "rsi_divergence_7": false,
  "rsi_divergence_14": false,
  "patterns_detected": true,
  "volatility_adjusted_momentum_3m": 0.13918823510946082,
  "volatility_adjusted_momentum_5m": 0.3909424918016103,
  "volatility_adjusted_momentum_10m": 0.12971872668714332,
  "volatility_adjusted_momentum_15m": 0.2620772305136634,
  "rsi_trend_strength_7": 1.0060779471694632,
  "rsi_trend_strength_14": 0.9842644362610208,
  "rsi_trend_strength_21": 0,
  "data_points_count": 16,
  "trades_count": 10,
  "feature_extraction_time": "2024-10-27T12:30:37.265256",
  "data_run_dir": "run_20241023_171347"
}