{
  "token_address": "mTEAro5WhhxUvAXmyK5yr1VQhkTRBZHhRQXS1ZTpump",
  "spike_time": "2024-09-24T05:53:00",
  "price_mean": 4.60520012649489e-05,
  "price_std": 9.590761654588786e-06,
  "price_min": 2.5489763233398848e-05,
  "price_max": 5.620605858499881e-05,
  "price_last": 5.620605858499881e-05,
  "rsi_7": 64.48010246900637,
  "rsi_7_slope": -2.3408234376015202,
  "rsi_14": 65.98820123231928,
  "rsi_14_slope": 4.2877644834584245,
  "macd": NaN,
  "macd_signal": NaN,
  "macd_divergence": NaN,
  "price_change_3m": 0.24393984700808904,
  "volatility_3m": 0.15482810529531227,
  "momentum_3m": 0.12068091716721818,
  "momentum_std_3m": 0.15482810529531227,
  "acceleration_3m": -0.21896000634516022,
  "trend_strength_3m": 1.2187330412963726,
  "trend_consistency_3m": 1.0,
  "price_change_5m": 0.11281918572911995,
  "volatility_5m": 0.2623975136024959,
  "momentum_5m": 0.05459509489122141,
  "momentum_std_5m": 0.2623975136024959,
  "acceleration_5m": 0.10334032143373817,
  "trend_strength_5m": 0.20806254656028153,
  "trend_consistency_5m": 0.75,
  "price_change_10m": 0.115854563987772,
  "volatility_10m": 0.16665229587834524,
  "momentum_10m": 0.025098348068495473,
  "momentum_std_10m": 0.16665229587834524,
  "acceleration_10m": -0.0015739302993911797,
  "trend_strength_10m": 0.15060307412036528,
  "trend_consistency_10m": 0.6666666666666666,
  "price_change_15m": 0.9051415512588816,
  "volatility_15m": 0.17675251758118127,
  "momentum_15m": 0.061001377376892464,
  "momentum_std_15m": 0.17675251758118127,
  "acceleration_15m": -0.032824551616834736,
  "trend_strength_15m": 0.3451231032614567,
  "trend_consistency_15m": 0.7142857142857143,
  "volume_total": 17540871.840693,
  "volume_mean": 1754087.1840693,
  "volume_std": 3221844.7569499854,
  "volume_skew": 2.457142353260289,
  "volume_kurtosis": 6.064314470392376,
  "avg_trade_interval": -2681.8888888888887,
  "trade_interval_std": 1898.7554110814567,
  "whale_trade_count": 1,
  "whale_volume_ratio": 0.5807835273750291,
  "volume_1m": 758627.319623,
  "trades_count_1m": 1,
  "avg_trade_size_1m": 758627.319623,
  "max_trade_size_1m": 758627.319623,
  "buy_sell_ratio_1m": 0.0,
  "buy_sell_imbalance_1m": -1.0,
  "large_trade_ratio_1m": 1.0,
  "volume_3m": 1067361.86467,
  "trades_count_3m": 3,
  "avg_trade_size_3m": 355787.28822333337,
  "max_trade_size_3m": 758627.319623,
  "buy_sell_ratio_3m": 0.23565313630044624,
  "buy_sell_imbalance_3m": -0.6185772052406335,
  "large_trade_ratio_3m": 0.3333333333333333,
  "volume_momentum_3m": 1.831115182523643,
  "volume_momentum_std_3m": 1.2667389032712806,
  "volume_acceleration_3m": 1.7914393369918653,
  "volume_5m": 1438895.712806,
  "trades_count_5m": 5,
  "avg_trade_size_5m": 287779.14256119996,
  "max_trade_size_5m": 758627.319623,
  "buy_sell_ratio_5m": 0.16477930090998746,
  "buy_sell_imbalance_5m": -0.7170634801266589,
  "large_trade_ratio_5m": 0.2,
  "volume_momentum_5m": 1.0483959405957215,
  "volume_momentum_std_5m": 1.3534915589961156,
  "volume_acceleration_5m": 0.5374850958914438,
  "volume_10m": 17540871.840693,
  "trades_count_10m": 10,
  "avg_trade_size_10m": 1754087.1840693,
  "max_trade_size_10m": 10187449.420871,
  "buy_sell_ratio_10m": 1.6537738433791678,
  "buy_sell_imbalance_10m": 0.2463562767453795,
  "large_trade_ratio_10m": 0.1,
  "volume_momentum_10m": 31.986244499899833,
  "volume_momentum_std_10m": 95.58161792265714,
  "volume_acceleration_10m": 0.4347416462700453,
  "volume_15m": 17540871.840693,
  "trades_count_15m": 10,
  "avg_trade_size_15m": 1754087.1840693,
  "max_trade_size_15m": 10187449.420871,
  "buy_sell_ratio_15m": 1.6537738433791678,
  "buy_sell_imbalance_15m": 0.2463562767453795,
  "large_trade_ratio_15m": 0.1,
  "volume_momentum_15m": 31.986244499899833,
  "volume_momentum_std_15m": 95.58161792265714,
  "volume_acceleration_15m": 0.4347416462700453,
  "volume_trend_slope": -298563.42577554553,
  "volume_trend_r2": 0.07871824970661466,
  "volume_trend_strength": 0.09266847048775427,
  "volume_acceleration": 0.4347416462700453,
  "trade_interval_skew": -1.1947149795550946,
  "cluster_count": 1,
  "clustering_ratio": 0.1,
  "liquidity": 33013.22655667777,
  "market_count": 1,
  "holder_count": 1109,
  "unique_wallets_24h": 30,
  "active_ratio": 0.027051397655545536,
  "average_holding": 0.0,
  "trades_24h": 70,
  "trades_per_holder": 0.06311992786293959,
  "volume_per_holder": 0.0,
  "has_valid_liquidity": true,
  "has_valid_holders": true,
  "has_recent_trades": false,
  "has_price_data": true,
  "trend_strength_2m": 0.7794509720120695,
  "trend_consistency_2m": 1.0,
  "momentum_strength_2m": 0.7794509720120695,
  "pattern_type_2m": "uptrend",
  "momentum_strength_3m": 1.2187330412963726,
  "pattern_type_3m": "uptrend",
  "volatility_acceleration_1m": NaN,
  "volatility_acceleration_3m": 0.44287312463497486,
  "volatility_regime_3m": "normal",
  "volatility_acceleration_5m": 0.9958170264228419,
  "volatility_regime_5m": "high",
  "volatility_acceleration_10m": 0.9858080453620671,
  "volatility_regime_10m": "normal",
  "volatility_acceleration_15m": 0.998344692185437,
  "volatility_regime_15m": "normal",
  "rsi_divergence_7": false,
  "rsi_divergence_14": false,
  "patterns_detected": true,
  "volatility_adjusted_momentum_3m": 1.2187330412963737,
  "volatility_adjusted_momentum_5m": 0.12397251383514174,
  "volatility_adjusted_momentum_10m": 0.16903778034497474,
  "volatility_adjusted_momentum_15m": 0.3917276232538488,
  "rsi_trend_strength_7": 0.4336100894184041,
  "rsi_trend_strength_14": 2.686921616650476,
  "rsi_trend_strength_21": 0,
  "data_points_count": 16,
  "trades_count": 10,
  "feature_extraction_time": "2024-10-27T12:30:37.220078",
  "data_run_dir": "run_20241023_171347"
}