{
  "token_address": "nrq7aErKK5bHyVFMCKaoTXFHbq4oC9N6vsn1cLG3wHi",
  "spike_time": "2024-09-29T20:55:00",
  "price_mean": 0.07920285058425448,
  "price_std": 0.06855731942060837,
  "price_min": 0.035360236462943,
  "price_max": 0.2154419750258555,
  "price_last": 0.2154419750258555,
  "rsi_7": 98.01536060299223,
  "rsi_7_slope": 9.46071938990499,
  "rsi_14": 96.53488906758085,
  "rsi_14_slope": 0.0611911399480789,
  "macd": NaN,
  "macd_signal": NaN,
  "macd_divergence": NaN,
  "price_change_3m": 0.02563640840676551,
  "volatility_3m": 0.006999483401477554,
  "momentum_3m": 0.012749181579876256,
  "momentum_std_3m": 0.006999483401477554,
  "acceleration_3m": 0.00989876435597492,
  "trend_strength_3m": 0.6028688623340155,
  "trend_consistency_3m": 1.0,
  "price_change_5m": 2.4778013373541246,
  "volatility_5m": 0.479520383782281,
  "momentum_5m": 0.4272598432718747,
  "momentum_std_5m": 0.479520383782281,
  "acceleration_5m": -0.2629195714195365,
  "trend_strength_5m": 0.8910149760512904,
  "trend_consistency_5m": 1.0,
  "price_change_10m": 4.740296941663984,
  "volatility_10m": 0.3638604242999947,
  "momentum_10m": 0.25587592046937857,
  "momentum_std_10m": 0.3638604242999947,
  "acceleration_10m": 0.0024316543756989634,
  "trend_strength_10m": 0.703225477081329,
  "trend_consistency_10m": 0.6666666666666666,
  "price_change_15m": 3.61699954266315,
  "volatility_15m": 0.3220169922578697,
  "momentum_15m": 0.1493872804235645,
  "momentum_std_15m": 0.3220169922578697,
  "acceleration_15m": 0.004410019220429802,
  "trend_strength_15m": 0.46391117243880053,
  "trend_consistency_15m": 0.42857142857142855,
  "volume_total": 55998796.69476279,
  "volume_mean": 5599879.669476279,
  "volume_std": 9089316.586858502,
  "volume_skew": 1.6400306395792044,
  "volume_kurtosis": 1.0958201653058124,
  "avg_trade_interval": -100457.11111111111,
  "trade_interval_std": 167475.8054813026,
  "whale_trade_count": 1,
  "whale_volume_ratio": 0.40700219420125544,
  "volume_1m": 282265.836430327,
  "trades_count_1m": 1,
  "avg_trade_size_1m": 282265.836430327,
  "max_trade_size_1m": 282265.836430327,
  "buy_sell_ratio_1m": 0.0,
  "buy_sell_imbalance_1m": -1.0,
  "large_trade_ratio_1m": 1.0,
  "volume_3m": 45383740.33467269,
  "trades_count_3m": 3,
  "avg_trade_size_3m": 15127913.444890896,
  "max_trade_size_3m": 22791633.127398465,
  "buy_sell_ratio_3m": 1.0088316648948974,
  "buy_sell_imbalance_3m": 0.004396418599544301,
  "large_trade_ratio_3m": 0.3333333333333333,
  "volume_momentum_3m": -0.4830099468211724,
  "volume_momentum_std_3m": 0.7136198397426176,
  "volume_acceleration_3m": -1.0092108557425243,
  "volume_5m": 46901227.70146161,
  "trades_count_5m": 5,
  "avg_trade_size_5m": 9380245.540292323,
  "max_trade_size_5m": 22791633.127398465,
  "buy_sell_ratio_5m": 0.9880050259775197,
  "buy_sell_imbalance_5m": -0.006033673892037713,
  "large_trade_ratio_5m": 0.2,
  "volume_momentum_5m": 10.165831125307548,
  "volume_momentum_std_5m": 21.301335493461483,
  "volume_acceleration_5m": -0.16836758049378897,
  "volume_10m": 55998796.69476279,
  "trades_count_10m": 10,
  "avg_trade_size_10m": 5599879.669476279,
  "max_trade_size_10m": 22791633.127398465,
  "buy_sell_ratio_10m": 0.9886931418727596,
  "buy_sell_imbalance_10m": -0.005685572041844855,
  "large_trade_ratio_10m": 0.1,
  "volume_momentum_10m": 13.367438797211298,
  "volume_momentum_std_10m": 20.860335266935774,
  "volume_acceleration_10m": -5.274118845990075,
  "volume_15m": 55998796.69476279,
  "trades_count_15m": 10,
  "avg_trade_size_15m": 5599879.669476279,
  "max_trade_size_15m": 22791633.127398465,
  "buy_sell_ratio_15m": 0.9886931418727596,
  "buy_sell_imbalance_15m": -0.005685572041844855,
  "large_trade_ratio_15m": 0.1,
  "volume_momentum_15m": 13.367438797211298,
  "volume_momentum_std_15m": 20.860335266935774,
  "volume_acceleration_15m": -5.274118845990075,
  "volume_trend_slope": 1455429.2164366702,
  "volume_trend_r2": 0.2350342510469764,
  "volume_trend_strength": 0.16012526382247,
  "volume_acceleration": -5.274118845990075,
  "trade_interval_skew": -1.5295164156447902,
  "cluster_count": 1,
  "clustering_ratio": 0.1,
  "liquidity": 0,
  "market_count": 1,
  "holder_count": 201,
  "unique_wallets_24h": 3,
  "active_ratio": 0.014925373134328358,
  "average_holding": 0.0,
  "trades_24h": 3,
  "trades_per_holder": 0.014925373134328358,
  "volume_per_holder": 0.0,
  "has_valid_liquidity": false,
  "has_valid_holders": true,
  "has_recent_trades": false,
  "has_price_data": true,
  "trend_strength_2m": 1.8214460766040206,
  "trend_consistency_2m": 1.0,
  "momentum_strength_2m": 1.8214460766040206,
  "pattern_type_2m": "uptrend",
  "momentum_strength_3m": 0.6028688623340155,
  "pattern_type_3m": "uptrend",
  "volatility_acceleration_1m": NaN,
  "volatility_acceleration_3m": 1.033683422814238,
  "volatility_regime_3m": "high",
  "volatility_acceleration_5m": 1.1442415559983703,
  "volatility_regime_5m": "high",
  "volatility_acceleration_10m": 0.9842395896642508,
  "volatility_regime_10m": "normal",
  "volatility_acceleration_15m": 0.9983106432971497,
  "volatility_regime_15m": "normal",
  "rsi_divergence_7": false,
  "rsi_divergence_14": false,
  "patterns_detected": true,
  "volatility_adjusted_momentum_3m": 0.6028688623340156,
  "volatility_adjusted_momentum_5m": 0.9230995499078345,
  "volatility_adjusted_momentum_10m": 0.6507203753103449,
  "volatility_adjusted_momentum_15m": 0.44869047977951815,
  "rsi_trend_strength_7": 7.552786716456646,
  "rsi_trend_strength_14": 739.1134424096169,
  "rsi_trend_strength_21": 0,
  "data_points_count": 16,
  "trades_count": 10,
  "feature_extraction_time": "2024-10-27T12:30:35.008474",
  "data_run_dir": "run_20241023_171347"
}