{
  "token_address": "nrq7aErKK5bHyVFMCKaoTXFHbq4oC9N6vsn1cLG3wHi",
  "spike_time": "2024-09-29T13:58:00",
  "price_mean": 0.17906234092292297,
  "price_std": 0.016101260972270152,
  "price_min": 0.1646614216659427,
  "price_max": 0.217513717506731,
  "price_last": 0.217513717506731,
  "rsi_7": 71.35816812105892,
  "rsi_7_slope": 4.113597140061005,
  "rsi_14": 69.14619350640824,
  "rsi_14_slope": -0.8565488564085584,
  "macd": NaN,
  "macd_signal": NaN,
  "macd_divergence": NaN,
  "price_change_3m": 0.03425881115085659,
  "volatility_3m": 0.10176136011980014,
  "momentum_3m": 0.019527585873757747,
  "momentum_std_3m": 0.10176136011980014,
  "acceleration_3m": 0.14391229560695395,
  "trend_strength_3m": 0.6379117752981112,
  "trend_consistency_3m": 0.6666666666666666,
  "price_change_5m": 0.2201560195044952,
  "volatility_5m": 0.16268522224808873,
  "momentum_5m": 0.05998817046545374,
  "momentum_std_5m": 0.16268522224808873,
  "acceleration_5m": 0.05593526100756485,
  "trend_strength_5m": 0.3687376741199891,
  "trend_consistency_5m": 0.5,
  "price_change_10m": 0.31550065304444413,
  "volatility_10m": 0.10707686821678455,
  "momentum_10m": 0.035520569107481276,
  "momentum_std_10m": 0.10707686821678455,
  "acceleration_10m": 0.010270194618254985,
  "trend_strength_10m": 0.3317296228310247,
  "trend_consistency_10m": 0.5555555555555556,
  "price_change_15m": 0.2504409279242419,
  "volatility_15m": 0.08925370304451753,
  "momentum_15m": 0.01942315862717599,
  "momentum_std_15m": 0.08925370304451753,
  "acceleration_15m": 0.004315385179051697,
  "trend_strength_15m": 0.21761739809818537,
  "trend_consistency_15m": 0.5,
  "volume_total": 55998796.69476279,
  "volume_mean": 5599879.669476279,
  "volume_std": 9089316.586858502,
  "volume_skew": 1.6400306395792044,
  "volume_kurtosis": 1.0958201653058124,
  "avg_trade_interval": -100457.11111111111,
  "trade_interval_std": 167475.8054813026,
  "whale_trade_count": 1,
  "whale_volume_ratio": 0.40700219420125544,
  "volume_1m": 282265.836430327,
  "trades_count_1m": 1,
  "avg_trade_size_1m": 282265.836430327,
  "max_trade_size_1m": 282265.836430327,
  "buy_sell_ratio_1m": 0.0,
  "buy_sell_imbalance_1m": -1.0,
  "large_trade_ratio_1m": 1.0,
  "volume_3m": 45383740.33467269,
  "trades_count_3m": 3,
  "avg_trade_size_3m": 15127913.444890896,
  "max_trade_size_3m": 22791633.127398465,
  "buy_sell_ratio_3m": 1.0088316648948974,
  "buy_sell_imbalance_3m": 0.004396418599544301,
  "large_trade_ratio_3m": 0.3333333333333333,
  "volume_momentum_3m": -0.4830099468211724,
  "volume_momentum_std_3m": 0.7136198397426176,
  "volume_acceleration_3m": -1.0092108557425243,
  "volume_5m": 46901227.70146161,
  "trades_count_5m": 5,
  "avg_trade_size_5m": 9380245.540292323,
  "max_trade_size_5m": 22791633.127398465,
  "buy_sell_ratio_5m": 0.9880050259775197,
  "buy_sell_imbalance_5m": -0.006033673892037713,
  "large_trade_ratio_5m": 0.2,
  "volume_momentum_5m": 10.165831125307548,
  "volume_momentum_std_5m": 21.301335493461483,
  "volume_acceleration_5m": -0.16836758049378897,
  "volume_10m": 55998796.69476279,
  "trades_count_10m": 10,
  "avg_trade_size_10m": 5599879.669476279,
  "max_trade_size_10m": 22791633.127398465,
  "buy_sell_ratio_10m": 0.9886931418727596,
  "buy_sell_imbalance_10m": -0.005685572041844855,
  "large_trade_ratio_10m": 0.1,
  "volume_momentum_10m": 13.367438797211298,
  "volume_momentum_std_10m": 20.860335266935774,
  "volume_acceleration_10m": -5.274118845990075,
  "volume_15m": 55998796.69476279,
  "trades_count_15m": 10,
  "avg_trade_size_15m": 5599879.669476279,
  "max_trade_size_15m": 22791633.127398465,
  "buy_sell_ratio_15m": 0.9886931418727596,
  "buy_sell_imbalance_15m": -0.005685572041844855,
  "large_trade_ratio_15m": 0.1,
  "volume_momentum_15m": 13.367438797211298,
  "volume_momentum_std_15m": 20.860335266935774,
  "volume_acceleration_15m": -5.274118845990075,
  "volume_trend_slope": 1455429.2164366702,
  "volume_trend_r2": 0.2350342510469764,
  "volume_trend_strength": 0.16012526382247,
  "volume_acceleration": -5.274118845990075,
  "trade_interval_skew": -1.5295164156447902,
  "cluster_count": 1,
  "clustering_ratio": 0.1,
  "liquidity": 0,
  "market_count": 1,
  "holder_count": 201,
  "unique_wallets_24h": 3,
  "active_ratio": 0.014925373134328358,
  "average_holding": 0.0,
  "trades_24h": 3,
  "trades_per_holder": 0.014925373134328358,
  "volume_per_holder": 0.0,
  "has_valid_liquidity": false,
  "has_valid_holders": true,
  "has_recent_trades": false,
  "has_price_data": true,
  "trend_strength_2m": 0.19189588121432924,
  "trend_consistency_2m": 0.5,
  "momentum_strength_2m": 0.19189588121432924,
  "pattern_type_2m": "choppy_up",
  "momentum_strength_3m": 0.6379117752981112,
  "pattern_type_3m": "choppy_up",
  "volatility_acceleration_1m": NaN,
  "volatility_acceleration_3m": 0.8364434194329852,
  "volatility_regime_3m": "high",
  "volatility_acceleration_5m": 0.9752096313653598,
  "volatility_regime_5m": "high",
  "volatility_acceleration_10m": 1.0217646651256282,
  "volatility_regime_10m": "high",
  "volatility_acceleration_15m": 1.0246048547371498,
  "volatility_regime_15m": "normal",
  "rsi_divergence_7": false,
  "rsi_divergence_14": false,
  "patterns_detected": true,
  "volatility_adjusted_momentum_3m": 0.6379117752981112,
  "volatility_adjusted_momentum_5m": 0.44250777542779435,
  "volatility_adjusted_momentum_10m": 0.24213755845549412,
  "volatility_adjusted_momentum_15m": 0.2505806930466904,
  "rsi_trend_strength_7": 1.0156325868277007,
  "rsi_trend_strength_14": 4.436172525296521,
  "rsi_trend_strength_21": 0,
  "data_points_count": 16,
  "trades_count": 10,
  "feature_extraction_time": "2024-10-27T12:30:34.870854",
  "data_run_dir": "run_20241023_171347"
}