{
  "token_address": "ohyRE8Gj46Y9JeVe6CuRgateGewCJgPi2pNAu5Npump",
  "spike_time": "2024-09-27T13:47:00",
  "price_mean": 0.0011756333835518313,
  "price_std": 0.00025026566037509825,
  "price_min": 0.0007847333795968,
  "price_max": 0.0016102077215022,
  "price_last": 0.0016102077215022,
  "rsi_7": 75.615033390604,
  "rsi_7_slope": -2.222168295434013,
  "rsi_14": 74.90069042796283,
  "rsi_14_slope": 2.987038376994903,
  "macd": NaN,
  "macd_signal": NaN,
  "macd_divergence": NaN,
  "price_change_3m": 0.15590889075917835,
  "volatility_3m": 0.005668689434349051,
  "momentum_3m": 0.0751395061940241,
  "momentum_std_3m": 0.005668689434349051,
  "acceleration_3m": 0.008016737478937497,
  "trend_strength_3m": 2.4355652708030133,
  "trend_consistency_3m": 1.0,
  "price_change_5m": 0.4927985198630146,
  "volatility_5m": 0.036184901975456624,
  "momentum_5m": 0.10579472054868894,
  "momentum_std_5m": 0.036184901975456624,
  "acceleration_5m": -0.016342479867022346,
  "trend_strength_5m": 2.923725498011492,
  "trend_consistency_5m": 1.0,
  "price_change_10m": 0.392385969441165,
  "volatility_10m": 0.12207184435064139,
  "momentum_10m": 0.04407570160077818,
  "momentum_std_10m": 0.12207184435064139,
  "acceleration_10m": 0.007230255863407059,
  "trend_strength_10m": 0.36106361655497177,
  "trend_consistency_10m": 0.7777777777777778,
  "price_change_15m": 0.884907462529589,
  "volatility_15m": 0.0981144701469527,
  "momentum_15m": 0.050800737521985835,
  "momentum_std_15m": 0.0981144701469527,
  "acceleration_15m": 7.781969867352109e-05,
  "trend_strength_15m": 0.5177700847377367,
  "trend_consistency_15m": 0.8571428571428571,
  "volume_total": 27470566.844779,
  "volume_mean": 2747056.6844779,
  "volume_std": 4549515.3105899235,
  "volume_skew": 1.8964033510922549,
  "volume_kurtosis": 2.867603266972508,
  "avg_trade_interval": -7969.222222222223,
  "trade_interval_std": 7013.156453726414,
  "whale_trade_count": 1,
  "whale_volume_ratio": 0.4878025543358534,
  "volume_1m": 8381503.51988,
  "trades_count_1m": 1,
  "avg_trade_size_1m": 8381503.51988,
  "max_trade_size_1m": 8381503.51988,
  "buy_sell_ratio_1m": 0.0,
  "buy_sell_imbalance_1m": -1.0,
  "large_trade_ratio_1m": 1.0,
  "volume_3m": 8680243.344525,
  "trades_count_3m": 3,
  "avg_trade_size_3m": 2893414.448175,
  "max_trade_size_3m": 8381503.51988,
  "buy_sell_ratio_3m": 0.0,
  "buy_sell_imbalance_3m": -1.0,
  "large_trade_ratio_3m": 0.3333333333333333,
  "volume_momentum_3m": 33.15663456849302,
  "volume_momentum_std_3m": 47.301493452646845,
  "volume_acceleration_3m": 66.89441356123533,
  "volume_5m": 11865110.624787,
  "trades_count_5m": 5,
  "avg_trade_size_5m": 2373022.1249574,
  "max_trade_size_5m": 8381503.51988,
  "buy_sell_ratio_5m": 0.0,
  "buy_sell_imbalance_5m": -1.0,
  "large_trade_ratio_5m": 0.2,
  "volume_momentum_5m": 16.978135183680997,
  "volume_momentum_std_5m": 33.11984591205955,
  "volume_acceleration_5m": 22.529430599734038,
  "volume_10m": 27470566.844779,
  "trades_count_10m": 10,
  "avg_trade_size_10m": 2747056.6844779,
  "max_trade_size_10m": 13400212.675937,
  "buy_sell_ratio_10m": 0.0,
  "buy_sell_imbalance_10m": -1.0,
  "large_trade_ratio_10m": 0.1,
  "volume_momentum_10m": 15.526544153477964,
  "volume_momentum_std_10m": 31.10230703370758,
  "volume_acceleration_10m": 8.400553012181923,
  "volume_15m": 27470566.844779,
  "trades_count_15m": 10,
  "avg_trade_size_15m": 2747056.6844779,
  "max_trade_size_15m": 13400212.675937,
  "buy_sell_ratio_15m": 0.0,
  "buy_sell_imbalance_15m": -1.0,
  "large_trade_ratio_15m": 0.1,
  "volume_momentum_15m": 15.526544153477964,
  "volume_momentum_std_15m": 31.10230703370758,
  "volume_acceleration_15m": 8.400553012181923,
  "volume_trend_slope": 303790.4078051454,
  "volume_trend_r2": 0.04087232010843322,
  "volume_trend_strength": 0.06677423572968562,
  "volume_acceleration": 8.400553012181923,
  "trade_interval_skew": -0.8380304284181319,
  "cluster_count": 1,
  "clustering_ratio": 0.1,
  "liquidity": 17387.0268690327,
  "market_count": 1,
  "holder_count": 1506,
  "unique_wallets_24h": 11,
  "active_ratio": 0.0073041168658698535,
  "average_holding": 0.0,
  "trades_24h": 7,
  "trades_per_holder": 0.004648074369189907,
  "volume_per_holder": 0.0,
  "has_valid_liquidity": true,
  "has_valid_holders": true,
  "has_recent_trades": false,
  "has_price_data": true,
  "trend_strength_2m": 13.255181301470001,
  "trend_consistency_2m": 1.0,
  "momentum_strength_2m": 13.255181301470001,
  "pattern_type_2m": "uptrend",
  "momentum_strength_3m": 2.4355652708030133,
  "pattern_type_3m": "uptrend",
  "volatility_acceleration_1m": NaN,
  "volatility_acceleration_3m": 1.0457267968167716,
  "volatility_regime_3m": "normal",
  "volatility_acceleration_5m": 0.7999493164762318,
  "volatility_regime_5m": "normal",
  "volatility_acceleration_10m": 1.0010095189356754,
  "volatility_regime_10m": "normal",
  "volatility_acceleration_15m": 0.9931199789801219,
  "volatility_regime_15m": "normal",
  "rsi_divergence_7": false,
  "rsi_divergence_14": false,
  "patterns_detected": true,
  "volatility_adjusted_momentum_3m": 2.4355652708030187,
  "volatility_adjusted_momentum_5m": 0.4961819167302656,
  "volatility_adjusted_momentum_10m": 0.4215536164144879,
  "volatility_adjusted_momentum_15m": 0.5609896442173312,
  "rsi_trend_strength_7": 1.2264715900222187,
  "rsi_trend_strength_14": 7.329832445945198,
  "rsi_trend_strength_21": 0,
  "data_points_count": 16,
  "trades_count": 10,
  "feature_extraction_time": "2024-10-27T12:30:32.529070",
  "data_run_dir": "run_20241023_171347"
}