{
  "trade_id": "TRADE_20241231_222032_19",
  "token_address": "4LxTacta61KmqBjjLWFJGrxHAgSHzoE17hYirCPWpump",
  "token_symbol": "RUNNER",
  "entry_time": "2024-12-31T23:21:32.348997",
  "market_price": 1.2684169075378478e-05,
  "entry_price_with_slippage": 1.4586794436685248e-05,
  "slippage_percent": 15,
  "position_size": 100,
  "confidence_score": 0.8,
  "features": {
    "momentum_5m": 0.13339132070660709,
    "momentum_7m": 0.24307693283591503,
    "trend_acceleration": 0.00614830133631688
  }
}