{
  "trade_id": "TRADE_20241231_222032_45",
  "token_address": "FNGVkbLCbZ96RBHxiqxA5ByUkykQ8vmsDyvSpMCpump",
  "token_symbol": "POPEYE",
  "entry_time": "2025-01-01T00:15:40.055373",
  "market_price": 0.001730467770016548,
  "entry_price_with_slippage": 0.00199003793551903,
  "slippage_percent": 15,
  "position_size": 100,
  "confidence_score": 0.6170558638372914,
  "features": {
    "momentum_5m": 0.48331018847048113,
    "momentum_7m": 0.5072502519792614,
    "trend_acceleration": 2.545259006629835
  }
}