{
  "trade_id": "TRADE_20241231_222032_82",
  "token_address": "A2qbtyGNY8SbAeaVKoo9XrjtzM8eDB8YKJgyFo45pump",
  "token_symbol": "GIGATRUMP",
  "entry_time": "2025-01-01T00:48:45.843961",
  "market_price": 6.466539405736597e-06,
  "entry_price_with_slippage": 7.4365203165970865e-06,
  "slippage_percent": 15,
  "position_size": 100,
  "confidence_score": 0.8,
  "features": {
    "momentum_5m": 0.15900581827025362,
    "momentum_7m": 0.21512086844941836,
    "trend_acceleration": 0.013031928217242916
  }
}