{
  "trade_id": "TRADE_20241231_222032_9",
  "token_address": "C76CtDRHtQgxmqYR9ycHF8H7768rEwgkb28PHwfRpump",
  "token_symbol": "2025",
  "entry_time": "2024-12-31T23:00:10.191441",
  "market_price": 1.0028113798616801e-07,
  "entry_price_with_slippage": 1.153233086840932e-07,
  "slippage_percent": 15,
  "position_size": 100,
  "confidence_score": 0.6781845897476968,
  "features": {
    "momentum_5m": 0.8776405979956832,
    "momentum_7m": 0.3324907973060265,
    "trend_acceleration": 0.06908368261921127
  }
}