{
  "trade_id": "TRADE_20241231_222032_10",
  "token_address": "BP6ksxJn7CQTZk1Q7YRRJWhzFyoSa4MEoT9sz6HRpump",
  "token_symbol": "NYC",
  "entry_time": "2024-12-31T23:00:46.286436",
  "market_price": 6.9783947279802805e-06,
  "entry_price_with_slippage": 8.025153937177321e-06,
  "slippage_percent": 15,
  "position_size": 100,
  "confidence_score": 0.8,
  "features": {
    "momentum_5m": 0.08625329014954586,
    "momentum_7m": 0.28078195023735475,
    "trend_acceleration": 0.009583698905505096
  }
}