{
  "trade_id": "TRADE_20241231_222032_69",
  "token_address": "BzehoPZm18JVwQP9wsJBzW88FjUwNWJBpj5WG6Hcpump",
  "token_symbol": "HNY",
  "entry_time": "2025-01-01T00:43:16.717002",
  "market_price": 1.740349848094295e-05,
  "entry_price_with_slippage": 2.0014023253084393e-05,
  "slippage_percent": 15,
  "position_size": 100,
  "confidence_score": 0.8,
  "features": {
    "momentum_5m": 0.11441866637039855,
    "momentum_7m": 0.10627062184403457,
    "trend_acceleration": 0.01399009110665908
  }
}