{
  "trade_id": "TRADE_20241231_222032_35",
  "token_address": "6nRAQZD7rheC4vbTMB6iYiDPTuCszisS3QQXzg3gpump",
  "token_symbol": "POPNU",
  "entry_time": "2024-12-31T23:54:10.164522",
  "market_price": 0.004280693624070612,
  "entry_price_with_slippage": 0.004922797667681204,
  "slippage_percent": 15,
  "position_size": 100,
  "confidence_score": 0.8,
  "features": {
    "momentum_5m": 0.3725534340177479,
    "momentum_7m": 0.2539532053347562,
    "trend_acceleration": 0.03755492250490809
  }
}