{
  "trade_id": "TRADE_20241231_222032_64",
  "token_address": "SdXvFMdnLLJPoPBdnsMgRG1QoCQfYfWu6oSd2eLpump",
  "token_symbol": "HNY",
  "entry_time": "2025-01-01T00:41:10.971382",
  "market_price": 5.868341119823495e-06,
  "entry_price_with_slippage": 6.748592287797019e-06,
  "slippage_percent": 15,
  "position_size": 100,
  "confidence_score": 0.8,
  "features": {
    "momentum_5m": 0.2587923891163859,
    "momentum_7m": 0.2554163314124769,
    "trend_acceleration": 0.025643744647706884,
    "price_change_15m": 0.2802368027297302
  }
}