{
  "trade_id": "TRADE_20241231_222032_39",
  "token_address": "aFByMGLdnFtoV3ne1gx7GPCPQCv6P68VABxVRd4pump",
  "token_symbol": "NY",
  "entry_time": "2025-01-01T00:02:53.870491",
  "market_price": 6.8611996269066266e-06,
  "entry_price_with_slippage": 7.89037957094262e-06,
  "slippage_percent": 15,
  "position_size": 100,
  "confidence_score": 0.8,
  "features": {
    "momentum_5m": 0.2891259454512314,
    "momentum_7m": 0.28658395874262466,
    "trend_acceleration": 0.02054467826600248
  }
}