{
  "trade_id": "TRADE_20241231_222032_21",
  "token_address": "GzWZFapCxMSQsuxSBudE53CRMz2NpaXCou3BKpYDpump",
  "token_symbol": "ANUS",
  "entry_time": "2024-12-31T23:26:59.564972",
  "market_price": 1.8190078101522195e-05,
  "entry_price_with_slippage": 2.0918589816750523e-05,
  "slippage_percent": 15,
  "position_size": 100,
  "confidence_score": 0.6,
  "features": {
    "momentum_5m": 0.37344801310897613,
    "momentum_7m": 0.2761652866735622,
    "trend_acceleration": 0.0011060956647971631
  }
}