{
  "trade_id": "TRADE_20241231_222032_6",
  "token_address": "42MTpZGFBAis5kW31hy5ojp7yio56eXBBxQ6Fd16pump",
  "token_symbol": "FOXY",
  "entry_time": "2024-12-31T22:40:03.977743",
  "market_price": 0.0052581650778923215,
  "entry_price_with_slippage": 0.00604688983957617,
  "slippage_percent": 15,
  "position_size": 100,
  "confidence_score": 0.6969720152900418,
  "features": {
    "momentum_5m": 0.663595061550472,
    "momentum_7m": 0.5344475636150539,
    "trend_acceleration": 0.028070185113140952,
    "price_change_15m": 3.9662313797840296
  }
}