{
  "trade_id": "TRADE_20241231_222032_5",
  "token_address": "C76CtDRHtQgxmqYR9ycHF8H7768rEwgkb28PHwfRpump",
  "token_symbol": "2025",
  "entry_time": "2024-12-31T22:37:59.868126",
  "market_price": 0.4888913252265184,
  "entry_price_with_slippage": 0.5622250240104961,
  "slippage_percent": 15,
  "position_size": 100,
  "confidence_score": 0.8,
  "features": {
    "momentum_5m": 0.13982869759003824,
    "momentum_7m": 0.44689330877529465,
    "trend_acceleration": 0.08686800940542529,
    "price_change_15m": 0.06064901918770382
  }
}