{
  "trade_id": "TRADE_20241231_222032_37",
  "token_address": "DiWGB8ECgtMK3NnrpA7wJiqHcEiZfUueCciyxzV2pump",
  "token_symbol": "ENTRO",
  "entry_time": "2025-01-01T00:01:12.837030",
  "market_price": 4.8854437175183814e-05,
  "entry_price_with_slippage": 5.6182602751461385e-05,
  "slippage_percent": 15,
  "position_size": 100,
  "confidence_score": 0.6559376977386917,
  "features": {
    "momentum_5m": 1.0619449204710403,
    "momentum_7m": 0.3788800154094216,
    "trend_acceleration": 0.1723877492683776
  }
}