{
  "trade_id": "TRADE_20241231_222032_83",
  "token_address": "6cuyaAKE28npmQnRCRvNvNHqkSmX2QEcRzFWjbbQpump",
  "token_symbol": "BWOULD",
  "entry_time": "2025-01-01T00:48:45.899383",
  "market_price": 8.675993934822371e-06,
  "entry_price_with_slippage": 9.977393025045727e-06,
  "slippage_percent": 15,
  "position_size": 100,
  "confidence_score": 0.6556090036931423,
  "features": {
    "momentum_5m": 0.6310235260267911,
    "momentum_7m": 0.6310235260267911,
    "trend_acceleration": 0.06117758178090674,
    "price_change_15m": 0.5053116864075955
  }
}