{
  "trade_id": "TRADE_20241231_222032_16",
  "token_address": "7NcP4onhhdEk2PhzrCBRBL69Qq5ytdrqNheHs6wgpump",
  "token_symbol": "RUNNER25",
  "entry_time": "2024-12-31T23:13:54.375441",
  "market_price": 6.2631025331101016e-06,
  "entry_price_with_slippage": 7.202567913076616e-06,
  "slippage_percent": 15,
  "position_size": 100,
  "confidence_score": 0.6,
  "features": {
    "momentum_5m": 0.16752326509645643,
    "momentum_7m": 0.15535484907804453,
    "trend_acceleration": -0.03780669464073247
  }
}