{
  "trade_id": "TRADE_20241231_222032_42",
  "token_address": "3G6ASwF6EPkk9iz5n3UFwFBEjUp83oD1jbafjGBHpump",
  "token_symbol": "TRUMPIUS",
  "entry_time": "2025-01-01T00:08:48.481606",
  "market_price": 6.474548167506214e-06,
  "entry_price_with_slippage": 7.445730392632146e-06,
  "slippage_percent": 15,
  "position_size": 100,
  "confidence_score": 0.8,
  "features": {
    "momentum_5m": 0.16126219835956412,
    "momentum_7m": 0.2108733925970876,
    "trend_acceleration": 0.014219226305114352
  }
}