{
  "trade_id": "TRADE_20241231_222032_43",
  "token_address": "9xGBTL2z7UrmiYAr6hkZApuF3AaRbmxSxXqZ8vtSpump",
  "token_symbol": "2025AI",
  "entry_time": "2025-01-01T00:08:55.764792",
  "market_price": 1.0586803631200451e-05,
  "entry_price_with_slippage": 1.2174824175880518e-05,
  "slippage_percent": 15,
  "position_size": 100,
  "confidence_score": 0.8,
  "features": {
    "momentum_5m": 0.12407390879046787,
    "momentum_7m": 0.10439892239189308,
    "trend_acceleration": 0.012180986251970519,
    "price_change_15m": -0.35089728164116596
  }
}