{
  "trade_id": "TRADE_20241231_222032_60",
  "token_address": "Asm72H1hh122bnGb6yUN2ERLgNhPdZGnbXaZWuKDpump",
  "token_symbol": "BWOULD",
  "entry_time": "2025-01-01T00:38:11.612459",
  "market_price": 6.731805040080023e-06,
  "entry_price_with_slippage": 7.741575796092025e-06,
  "slippage_percent": 15,
  "position_size": 100,
  "confidence_score": 0.8,
  "features": {
    "momentum_5m": 0.2614165151443435,
    "momentum_7m": 0.2607875988111834,
    "trend_acceleration": 0.03332152273605529
  }
}