{
  "trade_id": "TRADE_20241231_222032_31",
  "token_address": "9xtnjGaE5ycFCrkyTdYiZ14MKXzyZgoFf3mwk52apump",
  "token_symbol": "TM",
  "entry_time": "2024-12-31T23:46:51.303685",
  "market_price": 5.225878263626681e-06,
  "entry_price_with_slippage": 6.009760003170683e-06,
  "slippage_percent": 15,
  "position_size": 100,
  "confidence_score": 0.6,
  "features": {
    "momentum_5m": 0.11270109281440877,
    "momentum_7m": 0.11270109281440877,
    "trend_acceleration": 0.0022597415506410146,
    "price_change_15m": 0.0668973885327564
  }
}