{
  "trade_id": "TRADE_20241231_222032_8",
  "token_address": "7my2QnAV9e73b7jy9tTCHm2YUUEDxKuG6AVCX9x7pump",
  "token_symbol": "COLBAIR",
  "entry_time": "2024-12-31T22:59:22.260381",
  "market_price": 5.598425860211709e-05,
  "entry_price_with_slippage": 6.438189739243465e-05,
  "slippage_percent": 15,
  "position_size": 100,
  "confidence_score": 0.6,
  "features": {
    "momentum_5m": 0.13044026667338127,
    "momentum_7m": 0.1143995467052592,
    "trend_acceleration": 0.000971700260535141,
    "price_change_15m": -0.23287817540060485
  }
}