{
  "trade_id": "TRADE_20241231_222032_56",
  "token_address": "Xj6qp3Kc5JX5BtxQ3Rtpgb11nG8ZeA6eDLEpgujpump",
  "token_symbol": "HNY",
  "entry_time": "2025-01-01T00:35:22.547664",
  "market_price": 7.4631252282236084e-06,
  "entry_price_with_slippage": 8.58259401245715e-06,
  "slippage_percent": 15,
  "position_size": 100,
  "confidence_score": 0.8,
  "features": {
    "momentum_5m": 0.3149543691762231,
    "momentum_7m": 0.3149543691762231,
    "trend_acceleration": 0.0444244398792919,
    "price_change_15m": 0.3149543691762231
  }
}