{
  "trade_id": "TRADE_20241230_193759_11",
  "token_address": "CaQrXojnUTmAGSabY3V2xbfg7LV37T28z2cEi37vpump",
  "token_symbol": "ping",
  "entry_time": "2024-12-30T20:24:29.583305",
  "market_price": 9.349881554562802e-06,
  "entry_price_with_slippage": 1.0752363787747222e-05,
  "slippage_percent": 15,
  "position_size": 100,
  "confidence_score": 1.0,
  "features": {
    "momentum_5m": 0.7630420294241009,
    "volume_change_5m": 0,
    "volatility_5m": 0.19145486473453946,
    "momentum_7m": 0.7630420294241009,
    "trend_acceleration": 0.03657981953478531,
    "price_change_15m": 0.5849644841969821,
    "volume_change_15m": 0,
    "relative_volume": 0.0
  }
}