{
  "trade_id": "TRADE_20241230_193759_3",
  "token_address": "3fDmZ2DXRemJwXcYnhVw9h3a9AjKcS7jTAsRuu8Lpump",
  "token_symbol": "DOOKIECOIN",
  "entry_time": "2024-12-30T19:59:12.347496",
  "market_price": 2.0768730098814168e-05,
  "entry_price_with_slippage": 2.3884039613636292e-05,
  "slippage_percent": 15,
  "position_size": 100,
  "confidence_score": 1.0,
  "features": {
    "momentum_5m": 0.524189719255538,
    "volume_change_5m": 0,
    "volatility_5m": 0.10796118505811168,
    "momentum_7m": 0.47833196688017354,
    "trend_acceleration": 0.03651760654132885,
    "price_change_15m": 0.5115121136673331,
    "volume_change_15m": 0,
    "relative_volume": 5.666666666666668
  }
}