{
  "trade_id": "TRADE_20241230_193759_16",
  "token_address": "DeUYXsuiiUk5fLcRDVkeMiphTapnqDoELCmZ2282pump",
  "token_symbol": "AERODOGE",
  "entry_time": "2024-12-30T20:43:32.955202",
  "market_price": 1.2369969333252945e-05,
  "entry_price_with_slippage": 1.4225464733240885e-05,
  "slippage_percent": 15,
  "position_size": 100,
  "confidence_score": 1.0,
  "features": {
    "momentum_5m": 0.6662592484729515,
    "volume_change_5m": 3.439750286782228e-05,
    "volatility_5m": 0.11494382836129999,
    "momentum_7m": 0.6662592484729515,
    "trend_acceleration": 0.021572555630474055,
    "price_change_15m": 0.6612981601855394,
    "volume_change_15m": 0.0004703597445694374,
    "relative_volume": 1.1895479807749638
  }
}