{
  "trade_id": "TRADE_20241230_193759_1",
  "token_address": "GhT7jFPTwdeHgh6vYq1as8DFU1riT3d4qNQdHeUBpump",
  "token_symbol": "SIGH",
  "entry_time": "2024-12-30T19:56:04.360457",
  "market_price": 1.204646242177751e-05,
  "entry_price_with_slippage": 1.3853431785044135e-05,
  "slippage_percent": 15,
  "position_size": 100,
  "confidence_score": 1.0,
  "features": {
    "momentum_5m": 0.35977106370199374,
    "volume_change_5m": 0.0,
    "volatility_5m": 0.07066952556045719,
    "momentum_7m": 0.35943919065398156,
    "trend_acceleration": 0.034438392398414994,
    "price_change_15m": 0.7246871079327586,
    "volume_change_15m": 0,
    "relative_volume": 2.4285714285714284
  }
}