{
  "trade_id": "TRADE_20250123_141945_826",
  "token_address": "8YNcHKAFoxQ6DgTh1VAznituFJYF94BBtYKbyQ6qpump",
  "token_symbol": "JFKFILES",
  "entry_time": "2025-01-23T17:51:36.035218",
  "entry_price": 8.318718062543794e-06,
  "market_price": 7.233667880472865e-06,
  "position_size": 100,
  "confidence_score": 1.0,
  "features": {
    "momentum_5m": 0.0,
    "momentum_7m": 0.0,
    "trend_acceleration": 0.0,
    "price_volatility": 0.0,
    "price_change_15m": 0.0,
    "volume_momentum": 0.0
  },
  "token_age_minutes": 194.00280778333334
}