{
  "trade_id": "TRADE_20250123_141945_270",
  "token_address": "BdDE2ujB9GyQ6GgnsRVYyenS1j8hJYh3rgRtQG44pump",
  "token_symbol": "USPS",
  "entry_time": "2025-01-23T17:32:38.849674",
  "entry_price": 8.27470098222347e-06,
  "market_price": 7.1953921584551924e-06,
  "position_size": 100,
  "confidence_score": 1.0,
  "features": {
    "momentum_5m": 0.0,
    "momentum_7m": 0.0,
    "trend_acceleration": 0.0,
    "price_volatility": 0.0,
    "price_change_15m": 0.0,
    "volume_momentum": 0.0
  },
  "token_age_minutes": 180.28068178333334
}