{
  "trade_id": "TRADE_20250123_141945_926",
  "token_address": "DHjtiT3GGfvZG8Rwn8GCWM5Yz4G2X5xM3ZNxW2depump",
  "token_symbol": "NMA",
  "entry_time": "2025-01-23T17:57:34.097552",
  "entry_price": 8.071900867029286e-06,
  "market_price": 7.019044232199379e-06,
  "position_size": 100,
  "confidence_score": 1.0,
  "features": {
    "momentum_5m": 0.0,
    "momentum_7m": 0.0,
    "trend_acceleration": 0.0,
    "price_volatility": 0.0,
    "price_change_15m": 0.0,
    "volume_momentum": 0.0
  },
  "token_age_minutes": 197.90857771666666
}