{
  "trade_id": "TRADE_20250123_141945_1027",
  "token_address": "9rzBUipSuR7ynssFDesAJsxCXGTzMfX6ynVXv3HBpump",
  "token_symbol": "RG",
  "entry_time": "2025-01-23T18:04:31.231643",
  "entry_price": 7.935859201324665e-06,
  "market_price": 6.900747131586667e-06,
  "position_size": 100,
  "confidence_score": 1.0,
  "features": {
    "momentum_5m": 0.0,
    "momentum_7m": 0.0,
    "trend_acceleration": 0.0,
    "price_volatility": 0.0,
    "price_change_15m": 0.0,
    "volume_momentum": 0.0
  },
  "token_age_minutes": 201.13467523333333
}