{
  "trade_id": "TRADE_20250123_141945_391",
  "token_address": "7dw4ziiD9hZJSxQ4dBQJZiJ8QeZUf5oy7br4sy8Mpump",
  "token_symbol": "CCWG",
  "entry_time": "2025-01-23T17:37:25.693502",
  "entry_price": 8.240280149647071e-06,
  "market_price": 7.165460999693106e-06,
  "position_size": 100,
  "confidence_score": 1.0,
  "features": {
    "momentum_5m": 0.0,
    "momentum_7m": 0.0,
    "trend_acceleration": 0.0,
    "price_volatility": 0.0,
    "price_change_15m": 0.0,
    "volume_momentum": 0.0
  },
  "token_age_minutes": 192.48557818333333
}