{
  "trade_id": "TRADE_20250123_141945_331",
  "token_address": "EZiRHouWVBWx3cjk173FatUuHVdri2c51SS9v9YVpump",
  "token_symbol": "ABRA",
  "entry_time": "2025-01-23T17:35:27.665000",
  "entry_price": 8.087560847033314e-06,
  "market_price": 7.032661606115925e-06,
  "position_size": 100,
  "confidence_score": 1.0,
  "features": {
    "momentum_5m": 0.0,
    "momentum_7m": 0.0,
    "trend_acceleration": 0.0,
    "price_volatility": 0.0,
    "price_change_15m": 0.0,
    "volume_momentum": 0.0
  },
  "token_age_minutes": 187.89296503333335
}