{
  "trade_id": "TRADE_20250123_141945_687",
  "token_address": "59gg7TLBKozEHG4yFiu5ejFGyU1g57UXi6qNKK1tpump",
  "token_symbol": "MY BAGS",
  "entry_time": "2025-01-23T17:46:26.654004",
  "entry_price": 8.367058404633861e-06,
  "market_price": 7.275702960551184e-06,
  "position_size": 100,
  "confidence_score": 1.0,
  "features": {
    "momentum_5m": 0.0,
    "momentum_7m": 0.0,
    "trend_acceleration": 0.0,
    "price_volatility": 0.0,
    "price_change_15m": 0.0,
    "volume_momentum": 0.0
  },
  "token_age_minutes": 191.45028743333333
}