{
  "trade_id": "TRADE_20250123_141945_134",
  "token_address": "G4H51TJYwbK3tAUE1gA5nCM6Uy3FZvumyMMN3f3cpump",
  "token_symbol": "WHEEEEE",
  "entry_time": "2025-01-23T17:28:36.080086",
  "entry_price": 9.420091195448638e-06,
  "market_price": 8.191383648216208e-06,
  "position_size": 100,
  "confidence_score": 1.0,
  "features": {
    "momentum_5m": 0.0,
    "momentum_7m": 0.0,
    "trend_acceleration": 0.0,
    "price_volatility": 0.0,
    "price_change_15m": 0.0,
    "volume_momentum": 0.0
  },
  "token_age_minutes": 180.67272281666666
}