{
  "trade_id": "TRADE_20250123_141945_840",
  "token_address": "AQFRQ5qou8z63m587fZyhdUfN5UmKpAFUqhwAQYmpump",
  "token_symbol": "Jim",
  "entry_time": "2025-01-23T17:51:42.099367",
  "entry_price": 9.61597496302578e-06,
  "market_price": 8.361717359152852e-06,
  "position_size": 100,
  "confidence_score": 1.0,
  "features": {
    "momentum_5m": 0.0,
    "momentum_7m": 0.0,
    "trend_acceleration": 0.0,
    "price_volatility": 0.0,
    "price_change_15m": 0.0,
    "volume_momentum": 0.0
  },
  "token_age_minutes": 190.39167088333335
}