{
  "trade_id": "TRADE_20250123_141945_520",
  "token_address": "22R8oYexewwqDWM4dRMqhhEnWXmDw22pc5XharrWpump",
  "token_symbol": "RAB",
  "entry_time": "2025-01-23T17:40:28.856317",
  "entry_price": 7.994576254834718e-06,
  "market_price": 6.951805438986713e-06,
  "position_size": 100,
  "confidence_score": 1.0,
  "features": {
    "momentum_5m": 0.0,
    "momentum_7m": 0.0,
    "trend_acceleration": 0.0,
    "price_volatility": 0.0,
    "price_change_15m": 0.0,
    "volume_momentum": 0.0
  },
  "token_age_minutes": 180.54165354999998
}