{
  "trade_id": "TRADE_20250123_141945_1249",
  "token_address": "HKA7b7eLzfGFkppEhhmFZnoxH8fPr7zyuSj2vh5Dpump",
  "token_symbol": "Fuckface",
  "entry_time": "2025-01-23T18:21:30.606333",
  "entry_price": 7.91207705318821e-06,
  "market_price": 6.880067002772357e-06,
  "position_size": 100,
  "confidence_score": 1.0,
  "features": {
    "momentum_5m": 0.0,
    "momentum_7m": 0.0,
    "trend_acceleration": 0.0,
    "price_volatility": 0.0,
    "price_change_15m": 0.0,
    "volume_momentum": 0.0
  },
  "token_age_minutes": 188.32863326666666
}