{
  "trade_id": "TRADE_20250123_141945_777",
  "token_address": "H79cKKwtRhRDVpy2rcLNtdbd5vuPtUQRh462cu5Apump",
  "token_symbol": "36TRILLION",
  "entry_time": "2025-01-23T17:50:26.595743",
  "entry_price": 8.14055293492572e-06,
  "market_price": 7.078741682544105e-06,
  "position_size": 100,
  "confidence_score": 1.0,
  "features": {
    "momentum_5m": 0.0,
    "momentum_7m": 0.0,
    "trend_acceleration": 0.0,
    "price_volatility": 0.0,
    "price_change_15m": 0.0,
    "volume_momentum": 0.0
  },
  "token_age_minutes": 181.41878773333335
}