{
  "trade_id": "TRADE_20250123_141945_1042",
  "token_address": "CrA3CAAGYjpe6t8SfDgsj6VNa1qXq8d9vM4JgAYFpump",
  "token_symbol": "CALDERA",
  "entry_time": "2025-01-23T18:04:37.279497",
  "entry_price": 7.979409431752305e-06,
  "market_price": 6.9386168971759175e-06,
  "position_size": 100,
  "confidence_score": 1.0,
  "features": {
    "momentum_5m": 0.0,
    "momentum_7m": 0.0,
    "trend_acceleration": 0.0,
    "price_volatility": 0.0,
    "price_change_15m": 0.0,
    "volume_momentum": 0.0
  },
  "token_age_minutes": 209.66379658333332
}