{
  "trade_id": "TRADE_20250123_141945_1153",
  "token_address": "12NtYB3QqcgLjKjwBf2pDAdbdF6onHCWRQ4irFZkpump",
  "token_symbol": "DFT",
  "entry_time": "2025-01-23T18:13:45.575192",
  "entry_price": 8.188383739128498e-06,
  "market_price": 7.120333686198694e-06,
  "position_size": 100,
  "confidence_score": 1.0,
  "features": {
    "momentum_5m": 0.0,
    "momentum_7m": 0.0,
    "trend_acceleration": 0.0,
    "price_volatility": 0.0,
    "price_change_15m": 0.0,
    "volume_momentum": 0.0
  },
  "token_age_minutes": 203.56145141666667
}