{
  "trade_id": "TRADE_20250123_141945_650",
  "token_address": "9dPHmcVWBgW8deUXR7ut5oxS9TamrJWduyd8BMD7pump",
  "token_symbol": "NSS",
  "entry_time": "2025-01-23T17:44:38.008781",
  "entry_price": 8.31715137264108e-06,
  "market_price": 7.2323055414270264e-06,
  "position_size": 100,
  "confidence_score": 1.0,
  "features": {
    "momentum_5m": 0.0,
    "momentum_7m": 0.0,
    "trend_acceleration": 0.0,
    "price_volatility": 0.0,
    "price_change_15m": 0.0,
    "volume_momentum": 0.0
  },
  "token_age_minutes": 180.18126859999998
}