{
  "trade_id": "TRADE_20250123_141945_546",
  "token_address": "7ppzrPSXdmJqmhN3s6uqKY2WMkUGiVEJV5M2XfZpump",
  "token_symbol": "IBA",
  "entry_time": "2025-01-23T17:41:29.403955",
  "entry_price": 8.166422168593215e-06,
  "market_price": 7.101236668341926e-06,
  "position_size": 100,
  "confidence_score": 1.0,
  "features": {
    "momentum_5m": 0.0,
    "momentum_7m": 0.0,
    "trend_acceleration": 0.0,
    "price_volatility": 0.0,
    "price_change_15m": 0.0,
    "volume_momentum": 0.0
  },
  "token_age_minutes": 185.70939098333335
}