{
  "trade_id": "TRADE_20250123_141945_436",
  "token_address": "FZHzLXbt2RauZXwVzLE7fS7fwW75UynomiCkYctBpump",
  "token_symbol": "NDAS",
  "entry_time": "2025-01-23T17:38:27.552981",
  "entry_price": 8.274757892028072e-06,
  "market_price": 7.1954416452418024e-06,
  "position_size": 100,
  "confidence_score": 1.0,
  "features": {
    "momentum_5m": 0.0,
    "momentum_7m": 0.0,
    "trend_acceleration": 0.0,
    "price_volatility": 0.0,
    "price_change_15m": 0.0,
    "volume_momentum": 0.0
  },
  "token_age_minutes": 184.73118298333333
}