{
  "trade_id": "TRADE_20250123_141945_1105",
  "token_address": "2SNgsektoez4mdmnigdY5jJwVx2ZPQ1dYnu5WEzApump",
  "token_symbol": "ROSSPEPE ",
  "entry_time": "2025-01-23T18:07:36.439821",
  "entry_price": 8.262581754717097e-06,
  "market_price": 7.1848536997539985e-06,
  "position_size": 100,
  "confidence_score": 1.0,
  "features": {
    "momentum_5m": 0.0,
    "momentum_7m": 0.0,
    "trend_acceleration": 0.0,
    "price_volatility": 0.0,
    "price_change_15m": 0.0,
    "volume_momentum": 0.0
  },
  "token_age_minutes": 218.70228226666669
}