{
  "trade_id": "TRADE_20250123_141945_1119",
  "token_address": "J2pYX3TrhjGPCWC7Cmp3P6Ad3City3eYBizTTSLkpump",
  "token_symbol": "0000",
  "entry_time": "2025-01-23T18:09:39.334509",
  "entry_price": 8.172711840286114e-06,
  "market_price": 7.106705948074882e-06,
  "position_size": 100,
  "confidence_score": 1.0,
  "features": {
    "momentum_5m": 0.0,
    "momentum_7m": 0.0,
    "trend_acceleration": 0.0,
    "price_volatility": 0.0,
    "price_change_15m": 0.0,
    "volume_momentum": 0.0
  },
  "token_age_minutes": 201.5107086
}