{
  "trade_id": "TRADE_20250123_141945_680",
  "token_address": "9u2gcy5Ay3gs9SG94dEBSWzFSP1aH3nUmfbfeLaJpump",
  "token_symbol": "DOGEAI",
  "entry_time": "2025-01-23T17:46:25.724003",
  "entry_price": 1.3687146058960592e-05,
  "market_price": 1.1901866138226603e-05,
  "position_size": 100,
  "confidence_score": 1.0,
  "features": {
    "momentum_5m": 0.0,
    "momentum_7m": 0.0,
    "trend_acceleration": 0.0,
    "price_volatility": 0.0,
    "price_change_15m": 0.0,
    "volume_momentum": 0.0
  },
  "token_age_minutes": 180.43173693333335
}