{
  "trade_id": "TRADE_20250123_141945_863",
  "token_address": "HNhNfMY9GJ4Z2cbX3qhH5LecaZ2CaY5gP9c14qRspump",
  "token_symbol": "WCAIC",
  "entry_time": "2025-01-23T17:53:25.725922",
  "entry_price": 8.238751095684371e-06,
  "market_price": 7.164131387551627e-06,
  "position_size": 100,
  "confidence_score": 1.0,
  "features": {
    "momentum_5m": 0.0,
    "momentum_7m": 0.0,
    "trend_acceleration": 0.0,
    "price_volatility": 0.0,
    "price_change_15m": 0.0,
    "volume_momentum": 0.0
  },
  "token_age_minutes": 182.29660701666666
}