{
  "trade_id": "TRADE_20250123_141945_557",
  "token_address": "J2g7RvwSuPGHjUCtGSW3XNc1jQ5Mvi9KVt1nBhrppump",
  "token_symbol": "ABSA",
  "entry_time": "2025-01-23T17:41:35.952251",
  "entry_price": 8.261919655167843e-06,
  "market_price": 7.184277961015517e-06,
  "position_size": 100,
  "confidence_score": 1.0,
  "features": {
    "momentum_5m": 0.0,
    "momentum_7m": 0.0,
    "trend_acceleration": 0.0,
    "price_volatility": 0.0,
    "price_change_15m": 0.0,
    "volume_momentum": 0.0
  },
  "token_age_minutes": 190.43533856666667
}