{
  "trade_id": "TRADE_20250123_141945_479",
  "token_address": "EmDSQcS7fjc7TDJpPVYnEfTYsP4GC82N5ggZDZH4pump",
  "token_symbol": "DeGov",
  "entry_time": "2025-01-23T17:39:34.241732",
  "entry_price": 8.737129128032517e-06,
  "market_price": 7.597503589593494e-06,
  "position_size": 100,
  "confidence_score": 1.0,
  "features": {
    "momentum_5m": 0.0,
    "momentum_7m": 0.0,
    "trend_acceleration": 0.0,
    "price_volatility": 0.0,
    "price_change_15m": 0.0,
    "volume_momentum": 0.0
  },
  "token_age_minutes": 182.76905846666665
}