{
  "trade_id": "TRADE_20250123_141945_365",
  "token_address": "59xoenAa3XxKHmpp3qtEeaBEZNB8ocUhzkiKWDoRpump",
  "token_symbol": "luce",
  "entry_time": "2025-01-23T17:36:26.993414",
  "entry_price": 8.237103176586643e-06,
  "market_price": 7.162698414423169e-06,
  "position_size": 100,
  "confidence_score": 1.0,
  "features": {
    "momentum_5m": 0.0,
    "momentum_7m": 0.0,
    "trend_acceleration": 0.0,
    "price_volatility": 0.0,
    "price_change_15m": 0.0,
    "volume_momentum": 0.0
  },
  "token_age_minutes": 185.28039126666667
}