{
  "trade_id": "TRADE_20250123_141945_600",
  "token_address": "3dt3ut1nZ1wvkwZeSnphXYQ1p1dwuDzv69ZXFm4opump",
  "token_symbol": "FLDRA",
  "entry_time": "2025-01-23T17:43:30.434663",
  "entry_price": 8.101505932045425e-06,
  "market_price": 7.044787766996022e-06,
  "position_size": 100,
  "confidence_score": 1.0,
  "features": {
    "momentum_5m": 0.0,
    "momentum_7m": 0.0,
    "trend_acceleration": 0.0,
    "price_volatility": 0.0,
    "price_change_15m": 0.0,
    "volume_momentum": 0.0
  },
  "token_age_minutes": 180.49404756666667
}