{
  "trade_id": "TRADE_20250123_141945_190",
  "token_address": "4EG2uxRFNzvru2xaDWQaukUJDQoYtyAzj9RHGPk7pump",
  "token_symbol": "SBR",
  "entry_time": "2025-01-23T17:30:33.850780",
  "entry_price": 7.876304558542938e-06,
  "market_price": 6.8489604856895125e-06,
  "position_size": 100,
  "confidence_score": 1.0,
  "features": {
    "momentum_5m": 0.0,
    "momentum_7m": 0.0,
    "trend_acceleration": 0.0,
    "price_volatility": 0.0,
    "price_change_15m": 0.0,
    "volume_momentum": 0.0
  },
  "token_age_minutes": 190.61217001666668
}