{
  "trade_id": "TRADE_20250123_141945_410",
  "token_address": "8f44HQsBj3sKZeHSVcbKBzuzSZzzLov4MZyZnW5ypump",
  "token_symbol": "ANRC",
  "entry_time": "2025-01-23T17:37:40.846230",
  "entry_price": 8.290466600581059e-06,
  "market_price": 7.209101391809617e-06,
  "position_size": 100,
  "confidence_score": 1.0,
  "features": {
    "momentum_5m": 0.0,
    "momentum_7m": 0.0,
    "trend_acceleration": 0.0,
    "price_volatility": 0.0,
    "price_change_15m": 0.0,
    "volume_momentum": 0.0
  },
  "token_age_minutes": 186.09159903333332
}