{
  "trade_id": "TRADE_20250123_141945_795",
  "token_address": "J4M7oDJNMDqKqfD58mfjYbLEM5igbRuEu1mWKrvjpump",
  "token_symbol": "Bull",
  "entry_time": "2025-01-23T17:50:35.548381",
  "entry_price": 8.234687650464348e-06,
  "market_price": 7.160597956925521e-06,
  "position_size": 100,
  "confidence_score": 1.0,
  "features": {
    "momentum_5m": 0.0,
    "momentum_7m": 0.0,
    "trend_acceleration": 0.0,
    "price_volatility": 0.0,
    "price_change_15m": 0.0,
    "volume_momentum": 0.0
  },
  "token_age_minutes": 189.14743598333334
}