{
  "trade_id": "TRADE_20250123_141945_700",
  "token_address": "Aq7foAf1nGabS76a2shS9jJtoTWi6QJC6j4gdiBpump",
  "token_symbol": "HEXCOIN",
  "entry_time": "2025-01-23T17:47:25.052712",
  "entry_price": 8.24566750995371e-06,
  "market_price": 7.170145660829314e-06,
  "position_size": 100,
  "confidence_score": 1.0,
  "features": {
    "momentum_5m": 0.0,
    "momentum_7m": 0.0,
    "trend_acceleration": 0.0,
    "price_volatility": 0.0,
    "price_change_15m": 0.0,
    "volume_momentum": 0.0
  },
  "token_age_minutes": 180.13502723333335
}