{
  "trade_id": "TRADE_20250123_141945_4",
  "token_address": "CoLFJ1sDWmaQPyJ6mG5BqZqiEU7UDCXo6t31yo9Rpump",
  "token_symbol": "TRACE",
  "entry_time": "2025-01-23T17:20:25.347685",
  "entry_price": 8.111923073435452e-06,
  "market_price": 7.053846150813437e-06,
  "position_size": 100,
  "confidence_score": 1.0,
  "features": {
    "momentum_5m": 0.0,
    "momentum_7m": 0.0,
    "trend_acceleration": 0.0,
    "price_volatility": 0.0,
    "price_change_15m": 0.0,
    "volume_momentum": 0.0
  },
  "token_age_minutes": 180.40440646666667
}