{
  "trade_id": "TRADE_20250123_141945_981",
  "token_address": "wW9CL2nAo36Y3mL1ftynvaiEUsK9KE8LjLP9vp1pump",
  "token_symbol": "LEIa",
  "entry_time": "2025-01-23T17:59:39.489681",
  "entry_price": 8.236972064023722e-06,
  "market_price": 7.162584403498889e-06,
  "position_size": 100,
  "confidence_score": 1.0,
  "features": {
    "momentum_5m": 0.0,
    "momentum_7m": 0.0,
    "trend_acceleration": 0.0,
    "price_volatility": 0.0,
    "price_change_15m": 0.0,
    "volume_momentum": 0.0
  },
  "token_age_minutes": 193.67966493333333
}