{
  "trade_id": "TRADE_20250123_141945_1108",
  "token_address": "CT7i2dFH3mmXYmsGxZnowpm7LHBC9vJ8yD5vBxZFpump",
  "token_symbol": "TEST",
  "entry_time": "2025-01-23T18:07:43.480538",
  "entry_price": 1.0226521637628583e-05,
  "market_price": 8.892627510981378e-06,
  "position_size": 100,
  "confidence_score": 1.0,
  "features": {
    "momentum_5m": 0.0,
    "momentum_7m": 0.0,
    "trend_acceleration": 0.0,
    "price_volatility": 0.0,
    "price_change_15m": 0.0,
    "volume_momentum": 0.0
  },
  "token_age_minutes": 210.52426366666666
}