{
  "trade_id": "TRADE_20250123_141945_271",
  "token_address": "4H1A8xVdvWybs6si5jEU4xNQJBqCaL5FU5K4BykXpump",
  "token_symbol": "MySpace",
  "entry_time": "2025-01-23T17:33:23.371024",
  "entry_price": 7.999090059035491e-06,
  "market_price": 6.95573048611782e-06,
  "position_size": 100,
  "confidence_score": 1.0,
  "features": {
    "momentum_5m": 0.0,
    "momentum_7m": 0.0,
    "trend_acceleration": 0.0,
    "price_volatility": 0.0,
    "price_change_15m": 0.0,
    "volume_momentum": 0.0
  },
  "token_age_minutes": 189.3989164666667
}