{
  "trade_id": "TRADE_20250123_141945_1024",
  "token_address": "9Ze7oUB6s569PggLxM8q964ipmchJgCVwhjdUYykpump",
  "token_symbol": "SNDA",
  "entry_time": "2025-01-23T18:04:31.201644",
  "entry_price": 8.145213991525662e-06,
  "market_price": 7.0827947752397065e-06,
  "position_size": 100,
  "confidence_score": 1.0,
  "features": {
    "momentum_5m": 0.0,
    "momentum_7m": 0.0,
    "trend_acceleration": 0.0,
    "price_volatility": 0.0,
    "price_change_15m": 0.0,
    "volume_momentum": 0.0
  },
  "token_age_minutes": 198.52804761666667
}