{
  "trade_id": "TRADE_20250123_141945_832",
  "token_address": "2NTJQodVfHgn7opMd7iU4kLnVMF2d3VLZGhxGzA6pump",
  "token_symbol": "BSR",
  "entry_time": "2025-01-23T17:51:38.342984",
  "entry_price": 8.456854203527576e-06,
  "market_price": 7.353786263937023e-06,
  "position_size": 100,
  "confidence_score": 1.0,
  "features": {
    "momentum_5m": 0.0,
    "momentum_7m": 0.0,
    "trend_acceleration": 0.0,
    "price_volatility": 0.0,
    "price_change_15m": 0.0,
    "volume_momentum": 0.0
  },
  "token_age_minutes": 182.37774483333334
}