{
  "trade_id": "TRADE_20250123_141945_583",
  "token_address": "3Mqj1ayiMiJqYYXV8gyjv8LvKt5WAf1wyMSPRKywpump",
  "token_symbol": "ITWT",
  "entry_time": "2025-01-23T17:42:37.437422",
  "entry_price": 8.804669345428722e-06,
  "market_price": 7.656234213416281e-06,
  "position_size": 100,
  "confidence_score": 1.0,
  "features": {
    "momentum_5m": 0.0,
    "momentum_7m": 0.0,
    "trend_acceleration": 0.0,
    "price_volatility": 0.0,
    "price_change_15m": 0.0,
    "volume_momentum": 0.0
  },
  "token_age_minutes": 187.87172909999998
}