{
  "trade_id": "TRADE_20250123_141945_1176",
  "token_address": "3mkaDwKzK6GJR5LrLoGcWLCPvW65ccwiHmMBZTfcpump",
  "token_symbol": "WCAIC",
  "entry_time": "2025-01-23T18:15:34.722629",
  "entry_price": 8.224922831225994e-06,
  "market_price": 7.152106809761734e-06,
  "position_size": 100,
  "confidence_score": 1.0,
  "features": {
    "momentum_5m": 0.0,
    "momentum_7m": 0.0,
    "trend_acceleration": 0.0,
    "price_volatility": 0.0,
    "price_change_15m": 0.0,
    "volume_momentum": 0.0
  },
  "token_age_minutes": 208.55606176666666
}