{
  "trade_id": "TRADE_20250123_141945_1065",
  "token_address": "9ckt1iDza7SA5TPkdG5nTSRzxBu7c6JuXpsr1qUcpump",
  "token_symbol": "EB",
  "entry_time": "2025-01-23T18:05:40.403169",
  "entry_price": 8.554801128783856e-06,
  "market_price": 7.43895750329031e-06,
  "position_size": 100,
  "confidence_score": 1.0,
  "features": {
    "momentum_5m": 0.0,
    "momentum_7m": 0.0,
    "trend_acceleration": 0.0,
    "price_volatility": 0.0,
    "price_change_15m": 0.0,
    "volume_momentum": 0.0
  },
  "token_age_minutes": 194.61998293333332
}