{
  "trade_id": "TRADE_20250123_141945_1169",
  "token_address": "FTXAdw3ihFx6q1GTF3Tx6UgLU3jHks8sHyFYGqdepump",
  "token_symbol": "DAI ",
  "entry_time": "2025-01-23T18:15:28.549974",
  "entry_price": 8.078728528680836e-06,
  "market_price": 7.024981329287685e-06,
  "position_size": 100,
  "confidence_score": 1.0,
  "features": {
    "momentum_5m": 0.0,
    "momentum_7m": 0.0,
    "trend_acceleration": 0.0,
    "price_volatility": 0.0,
    "price_change_15m": 0.0,
    "volume_momentum": 0.0
  },
  "token_age_minutes": 206.36027528333335
}