{
  "trade_id": "TRADE_20250123_141945_445",
  "token_address": "G2JygfgHGaxh5hB5hBHFnPJz9Hy965mG73Z526b9pump",
  "token_symbol": "USPS",
  "entry_time": "2025-01-23T17:38:33.488222",
  "entry_price": 8.261753792949129e-06,
  "market_price": 7.184133732999243e-06,
  "position_size": 100,
  "confidence_score": 1.0,
  "features": {
    "momentum_5m": 0.0,
    "momentum_7m": 0.0,
    "trend_acceleration": 0.0,
    "price_volatility": 0.0,
    "price_change_15m": 0.0,
    "volume_momentum": 0.0
  },
  "token_age_minutes": 180.94027451666668
}