{
  "trade_id": "TRADE_20250123_141945_972",
  "token_address": "E1SRzBbR2DuUniNurxXBSSV537bGBy8j1h9B7sgKpump",
  "token_symbol": "Baron",
  "entry_time": "2025-01-23T17:59:35.662124",
  "entry_price": 7.991146929462478e-06,
  "market_price": 6.948823416923894e-06,
  "position_size": 100,
  "confidence_score": 1.0,
  "features": {
    "momentum_5m": 0.0,
    "momentum_7m": 0.0,
    "trend_acceleration": 0.0,
    "price_volatility": 0.0,
    "price_change_15m": 0.0,
    "volume_momentum": 0.0
  },
  "token_age_minutes": 190.48420976666665
}