{
  "trade_id": "TRADE_20250123_141945_1297",
  "token_address": "6aBDDCM4Vd65rT7DaTMD8eqooJ6JhFEDX4zjrAWRpump",
  "token_symbol": "NDA",
  "entry_time": "2025-01-23T18:24:42.278496",
  "entry_price": 8.287578629050948e-06,
  "market_price": 7.2065901122182155e-06,
  "position_size": 100,
  "confidence_score": 1.0,
  "features": {
    "momentum_5m": 0.0,
    "momentum_7m": 0.0,
    "trend_acceleration": 0.0,
    "price_volatility": 0.0,
    "price_change_15m": 0.0,
    "volume_momentum": 0.0
  },
  "token_age_minutes": 236.37755321666666
}