{
  "trade_id": "TRADE_20250123_141945_389",
  "token_address": "9wgV2r7ayFde9UoT4HPKLonUa3jND3XRHEMNr4tJpump",
  "token_symbol": "INSIGHT",
  "entry_time": "2025-01-23T17:37:24.633606",
  "entry_price": 8.24153602720231e-06,
  "market_price": 7.166553067132443e-06,
  "position_size": 100,
  "confidence_score": 1.0,
  "features": {
    "momentum_5m": 0.0,
    "momentum_7m": 0.0,
    "trend_acceleration": 0.0,
    "price_volatility": 0.0,
    "price_change_15m": 0.0,
    "volume_momentum": 0.0
  },
  "token_age_minutes": 189.3108639333333
}