{
  "trade_id": "TRADE_20250123_141945_111",
  "token_address": "33WBWoVb4joZonnQ7US3zpuHua4nVpyTtihVCbdypump",
  "token_symbol": "CykaBLYAT",
  "entry_time": "2025-01-23T17:26:38.305947",
  "entry_price": 8.241950917690398e-06,
  "market_price": 7.1669138414699115e-06,
  "position_size": 100,
  "confidence_score": 1.0,
  "features": {
    "momentum_5m": 0.0,
    "momentum_7m": 0.0,
    "trend_acceleration": 0.0,
    "price_volatility": 0.0,
    "price_change_15m": 0.0,
    "volume_momentum": 0.0
  },
  "token_age_minutes": 180.13678006666666
}