{
  "trade_id": "TRADE_20250123_141945_540",
  "token_address": "yBzb3mB34Gjj7NR8e7n25reZ4sXByRFH5p7Cj9Lpump",
  "token_symbol": "FOX",
  "entry_time": "2025-01-23T17:41:25.952275",
  "entry_price": 8.049814816338401e-06,
  "market_price": 6.999838970729045e-06,
  "position_size": 100,
  "confidence_score": 1.0,
  "features": {
    "momentum_5m": 0.0,
    "momentum_7m": 0.0,
    "trend_acceleration": 0.0,
    "price_volatility": 0.0,
    "price_change_15m": 0.0,
    "volume_momentum": 0.0
  },
  "token_age_minutes": 180.2863294166667
}