{
  "trade_id": "TRADE_20250123_141945_518",
  "token_address": "iC8E3BMvi6HrXB4AgstbqLpqc2KBCitAXud1ZUepump",
  "token_symbol": "JRAM",
  "entry_time": "2025-01-23T17:40:26.950129",
  "entry_price": 8.383376584494619e-06,
  "market_price": 7.289892682169234e-06,
  "position_size": 100,
  "confidence_score": 1.0,
  "features": {
    "momentum_5m": 0.0,
    "momentum_7m": 0.0,
    "trend_acceleration": 0.0,
    "price_volatility": 0.0,
    "price_change_15m": 0.0,
    "volume_momentum": 0.0
  },
  "token_age_minutes": 199.03520523333333
}