{
  "trade_id": "TRADE_20250123_141945_362",
  "token_address": "84ja6ZTAG54CpYgjvmPtSV82ic7NsfU35hUDkou2pump",
  "token_symbol": "Model-U2X",
  "entry_time": "2025-01-23T17:36:26.826659",
  "entry_price": 8.249738517835771e-06,
  "market_price": 7.1736856676832805e-06,
  "position_size": 100,
  "confidence_score": 1.0,
  "features": {
    "momentum_5m": 0.0,
    "momentum_7m": 0.0,
    "trend_acceleration": 0.0,
    "price_volatility": 0.0,
    "price_change_15m": 0.0,
    "volume_momentum": 0.0
  },
  "token_age_minutes": 182.35023518333335
}