{
  "trade_id": "TRADE_20250123_141945_258",
  "token_address": "HwF9b9UHQRxq3sm8Dnvr1xG4LgwMPWAj3VVVoQSDpump",
  "token_symbol": "SICK AI",
  "entry_time": "2025-01-23T17:32:35.053856",
  "entry_price": 5.567222845213552e-06,
  "market_price": 4.8410633436639584e-06,
  "position_size": 100,
  "confidence_score": 1.0,
  "features": {
    "momentum_5m": 0.0,
    "momentum_7m": 0.0,
    "trend_acceleration": 0.0,
    "price_volatility": 0.0,
    "price_change_15m": 0.03423836011215187,
    "volume_momentum": 0.0
  },
  "token_age_minutes": 185.74722406666666
}