{
  "trade_id": "TRADE_20250123_141945_461",
  "token_address": "9hA3odrNak64AQddAZP45Miwn2LsPzbY5n6MGM1gpump",
  "token_symbol": "CWG TRUMP",
  "entry_time": "2025-01-23T17:39:24.184320",
  "entry_price": 8.300372433518965e-06,
  "market_price": 7.217715159581709e-06,
  "position_size": 100,
  "confidence_score": 1.0,
  "features": {
    "momentum_5m": 0.0,
    "momentum_7m": 0.0,
    "trend_acceleration": 0.0,
    "price_volatility": 0.0,
    "price_change_15m": 0.0,
    "volume_momentum": 0.0
  },
  "token_age_minutes": 194.34743498333333
}