{
  "trade_id": "TRADE_20250123_141945_843",
  "token_address": "7xdtbELf3rmeYMFVnf9F45xPzzgopWvxZXv4r8PSpump",
  "token_symbol": "WCAIC",
  "entry_time": "2025-01-23T17:51:42.197398",
  "entry_price": 8.047339877458801e-06,
  "market_price": 6.997686849964176e-06,
  "position_size": 100,
  "confidence_score": 1.0,
  "features": {
    "momentum_5m": 0.0,
    "momentum_7m": 0.0,
    "trend_acceleration": 0.0,
    "price_volatility": 0.0,
    "price_change_15m": 0.0,
    "volume_momentum": 0.0
  },
  "token_age_minutes": 184.53534036666667
}