{
  "trade_id": "TRADE_20250123_141945_759",
  "token_address": "Db9FYXgnFFdme5x2p69q9h3NLc61y7KQ4Qokx11Upump",
  "token_symbol": null,
  "entry_time": "2025-01-23T17:49:29.921442",
  "entry_price": 8.2090293577402e-06,
  "market_price": 7.138286398034957e-06,
  "position_size": 100,
  "confidence_score": 1.0,
  "features": {
    "momentum_5m": -0.003429438653797967,
    "momentum_7m": -0.003429438653797967,
    "trend_acceleration": 0.003429438653797967,
    "price_volatility": 0.0024249793277638073,
    "price_change_15m": 0.019080903049800924,
    "volume_momentum": 0.0005477819838433096
  },
  "token_age_minutes": 185.20346488333334
}