{
  "trade_id": "TRADE_20250123_141945_1078",
  "token_address": "4w13XVDVkX2BYUzJ6hCPvjJgQ3w6iwecSWDJdFsqpump",
  "token_symbol": "Splenium",
  "entry_time": "2025-01-23T18:06:31.016234",
  "entry_price": 8.408639055290375e-06,
  "market_price": 7.311860048078588e-06,
  "position_size": 100,
  "confidence_score": 1.0,
  "features": {
    "momentum_5m": 0.0,
    "momentum_7m": 0.0,
    "trend_acceleration": 0.0,
    "price_volatility": 0.0,
    "price_change_15m": 0.0,
    "volume_momentum": 0.0
  },
  "token_age_minutes": 208.83459013333334
}