{
  "trade_id": "TRADE_20250123_141945_715",
  "token_address": "6PFZ9rGYAKvAnpH8revuccH9Fq8dAqz8pwBPuJcSpump",
  "token_symbol": "FSIA",
  "entry_time": "2025-01-23T17:47:34.147822",
  "entry_price": 8.019398484741942e-06,
  "market_price": 6.973389986732124e-06,
  "position_size": 100,
  "confidence_score": 1.0,
  "features": {
    "momentum_5m": 0.0,
    "momentum_7m": 0.0,
    "trend_acceleration": 0.0,
    "price_volatility": 0.0,
    "price_change_15m": 0.0,
    "volume_momentum": 0.0
  },
  "token_age_minutes": 180.52568966666666
}