{
  "trade_id": "TRADE_20250123_141945_98",
  "token_address": "DeA6BJjV3Xc7pswJuGqJTXqNWDs8V8DZmr26kKE7pump",
  "token_symbol": "ALP",
  "entry_time": "2025-01-23T17:26:26.932410",
  "entry_price": 8.259473781401693e-06,
  "market_price": 7.182151114262342e-06,
  "position_size": 100,
  "confidence_score": 1.0,
  "features": {
    "momentum_5m": 0.0,
    "momentum_7m": 0.0,
    "trend_acceleration": 0.0,
    "price_volatility": 0.0,
    "price_change_15m": 0.0,
    "volume_momentum": 0.0
  },
  "token_age_minutes": 180.38617658333334
}