{
  "trade_id": "TRADE_20250123_141945_1122",
  "token_address": "HNuvAi8X49E76Xr4vWBR4bn1HK7YCixU4tbPnhoppump",
  "token_symbol": "cheemsi",
  "entry_time": "2025-01-23T18:10:30.686831",
  "entry_price": 8.115402935245187e-06,
  "market_price": 7.05687211760451e-06,
  "position_size": 100,
  "confidence_score": 1.0,
  "features": {
    "momentum_5m": 0.0,
    "momentum_7m": 0.0,
    "trend_acceleration": 0.0,
    "price_volatility": 0.0,
    "price_change_15m": 0.0,
    "volume_momentum": 0.0
  },
  "token_age_minutes": 207.47358369999998
}