{
  "trade_id": "TRADE_20250123_141945_1168",
  "token_address": "CVCF1ZxKL1PPPkgG4jh9GMuqLtVA7x4qL3TjLwH4pump",
  "token_symbol": "SNS",
  "entry_time": "2025-01-23T18:15:28.545974",
  "entry_price": 8.121843439564284e-06,
  "market_price": 7.062472556142856e-06,
  "position_size": 100,
  "confidence_score": 1.0,
  "features": {
    "momentum_5m": 0.0,
    "momentum_7m": 0.0,
    "trend_acceleration": 0.0,
    "price_volatility": 0.0,
    "price_change_15m": 0.0,
    "volume_momentum": 0.0
  },
  "token_age_minutes": 214.86320216666667
}