{
  "trade_id": "TRADE_20250123_141945_1071",
  "token_address": "ahAjaJW9y9G1PfyDK4awEpxFG2L1XBvBSbFP4Bjpump",
  "token_symbol": "PIGEON",
  "entry_time": "2025-01-23T18:05:43.606266",
  "entry_price": 8.102836725038273e-06,
  "market_price": 7.045944978294152e-06,
  "position_size": 100,
  "confidence_score": 1.0,
  "features": {
    "momentum_5m": 0.0,
    "momentum_7m": 0.0,
    "trend_acceleration": 0.0,
    "price_volatility": 0.0,
    "price_change_15m": 0.0,
    "volume_momentum": 0.0
  },
  "token_age_minutes": 192.75096211666667
}