{
  "trade_id": "TRADE_20250123_141945_1302",
  "token_address": "34ENf37Y74NLi4WBU2ZxMsMF7FYzzUiAqjzhjRaQpump",
  "token_symbol": "DFT",
  "entry_time": "2025-01-23T18:24:45.478495",
  "entry_price": 8.191168985959283e-06,
  "market_price": 7.122755639964595e-06,
  "position_size": 100,
  "confidence_score": 1.0,
  "features": {
    "momentum_5m": 0.0,
    "momentum_7m": 0.0,
    "trend_acceleration": 0.0,
    "price_volatility": 0.0,
    "price_change_15m": 0.0,
    "volume_momentum": 0.0
  },
  "token_age_minutes": 183.53138236666666
}