{
  "trade_id": "TRADE_20250123_141945_153",
  "token_address": "43trDusbVHMqatEehJvy89BT37ERAsqDhj9oLs4Jpump",
  "token_symbol": "MONEY",
  "entry_time": "2025-01-23T17:29:37.315519",
  "entry_price": 8.281340422418654e-06,
  "market_price": 7.201165584711874e-06,
  "position_size": 100,
  "confidence_score": 1.0,
  "features": {
    "momentum_5m": 0.0,
    "momentum_7m": 0.0,
    "trend_acceleration": 0.0,
    "price_volatility": 0.0,
    "price_change_15m": 0.0,
    "volume_momentum": 0.0
  },
  "token_age_minutes": 182.12655358333333
}