{
  "trade_id": "TRADE_20250123_141945_14",
  "token_address": "DBH5QTmQJ8kSQxtFAWaNs3ZC5qUiZ3ue95y7pLDZpump",
  "token_symbol": "CNN",
  "entry_time": "2025-01-23T17:21:20.209692",
  "entry_price": 8.25898675685934e-06,
  "market_price": 7.181727614660295e-06,
  "position_size": 100,
  "confidence_score": 1.0,
  "features": {
    "momentum_5m": 0.0,
    "momentum_7m": 0.0,
    "trend_acceleration": 0.0,
    "price_volatility": 0.0,
    "price_change_15m": 0.0,
    "volume_momentum": 0.0
  },
  "token_age_minutes": 180.67359966666666
}