{
  "trade_id": "TRADE_20250123_141945_181",
  "token_address": "Cxv3M2x7LwUs2t1rotFbiCYBMLpXZuz1r8oXdXCWpump",
  "token_symbol": "NDAS",
  "entry_time": "2025-01-23T17:30:30.562138",
  "entry_price": 8.256662193839098e-06,
  "market_price": 7.17970625551226e-06,
  "position_size": 100,
  "confidence_score": 1.0,
  "features": {
    "momentum_5m": 0.0,
    "momentum_7m": 0.0,
    "trend_acceleration": 0.0,
    "price_volatility": 0.0,
    "price_change_15m": 0.0,
    "volume_momentum": 0.0
  },
  "token_age_minutes": 180.28752144999999
}