{
  "trade_id": "TRADE_20250123_141945_368",
  "token_address": "22a3z7vXwxaT4HxmMBwvU9sdoTHEuLsUgjS6754Mpump",
  "token_symbol": "Nexo Agent",
  "entry_time": "2025-01-23T17:36:29.257415",
  "entry_price": 7.903860653446404e-06,
  "market_price": 6.8729223073447e-06,
  "position_size": 100,
  "confidence_score": 1.0,
  "features": {
    "momentum_5m": 0.0,
    "momentum_7m": 0.0,
    "trend_acceleration": 0.0,
    "price_volatility": 0.0,
    "price_change_15m": 0.0,
    "volume_momentum": 0.0
  },
  "token_age_minutes": 180.76659563333334
}