{
  "trade_id": "TRADE_20250123_141945_317",
  "token_address": "99MCacJRVq5hsSwnZrQiNCmar4bWys6rmGG2NNtwpump",
  "token_symbol": "OFFORD",
  "entry_time": "2025-01-23T17:34:35.586468",
  "entry_price": 8.250655147694844e-06,
  "market_price": 7.174482737125951e-06,
  "position_size": 100,
  "confidence_score": 1.0,
  "features": {
    "momentum_5m": 0.0,
    "momentum_7m": 0.0,
    "trend_acceleration": 0.0,
    "price_volatility": 0.0,
    "price_change_15m": 0.0,
    "volume_momentum": 0.0
  },
  "token_age_minutes": 180.40897826666665
}