{
  "trade_id": "TRADE_20250123_141945_65",
  "token_address": "G742Uu9d925GBwKMrAozqhEH7fENi2iKp2CBSRQnpump",
  "token_symbol": "ELONMEME",
  "entry_time": "2025-01-23T17:24:36.543041",
  "entry_price": 8.028808788454097e-06,
  "market_price": 6.981572859525302e-06,
  "position_size": 100,
  "confidence_score": 1.0,
  "features": {
    "momentum_5m": 0.0,
    "momentum_7m": 0.0,
    "trend_acceleration": 0.0,
    "price_volatility": 0.0,
    "price_change_15m": 0.0,
    "volume_momentum": 0.0
  },
  "token_age_minutes": 180.24017221666665
}