{
  "trade_id": "TRADE_20250123_141945_330",
  "token_address": "3JZvv8caHP3fr3DGdEEKL6LZwFHyV57FEXAQ8zxgpump",
  "token_symbol": "BZAEO",
  "entry_time": "2025-01-23T17:35:26.768757",
  "entry_price": 8.329130232217513e-06,
  "market_price": 7.242721941058708e-06,
  "position_size": 100,
  "confidence_score": 1.0,
  "features": {
    "momentum_5m": 0.0,
    "momentum_7m": 0.0,
    "trend_acceleration": 0.0,
    "price_volatility": 0.0,
    "price_change_15m": 0.0,
    "volume_momentum": 0.0
  },
  "token_age_minutes": 187.28049633333333
}