{
  "trade_id": "TRADE_20250123_141945_1256",
  "token_address": "2VPPf5buqKQoiUav6CYUkv2hobRV4xVkZXAZSmk9pump",
  "token_symbol": "1000000000",
  "entry_time": "2025-01-23T18:21:44.785721",
  "entry_price": 8.330398297500506e-06,
  "market_price": 7.24382460652218e-06,
  "position_size": 100,
  "confidence_score": 1.0,
  "features": {
    "momentum_5m": 0.0,
    "momentum_7m": 0.0,
    "trend_acceleration": 0.0,
    "price_volatility": 0.0,
    "price_change_15m": 0.0,
    "volume_momentum": 0.0
  },
  "token_age_minutes": 228.94860868333333
}