{
  "trade_id": "TRADE_20250123_141945_51",
  "token_address": "9Bn49VFDHyGiPUdamgr44XMS164tt2caGigtV3Xcpump",
  "token_symbol": "NDAS",
  "entry_time": "2025-01-23T17:24:24.043856",
  "entry_price": 9.226233483098574e-06,
  "market_price": 8.022811724433543e-06,
  "position_size": 100,
  "confidence_score": 1.0,
  "features": {
    "momentum_5m": 0.0,
    "momentum_7m": 0.0,
    "trend_acceleration": 0.0,
    "price_volatility": 0.0,
    "price_change_15m": 0.03969659182408303,
    "volume_momentum": 0.0
  },
  "token_age_minutes": 180.04240198333335
}