{
  "trade_id": "TRADE_20250123_141945_787",
  "token_address": "DormsgS1dBdKBa11wb1c6Xj5xCE96cKyY2B9DdVzpump",
  "token_symbol": "KEWRE",
  "entry_time": "2025-01-23T17:50:31.259175",
  "entry_price": 7.890128345912746e-06,
  "market_price": 6.860981170358909e-06,
  "position_size": 100,
  "confidence_score": 1.0,
  "features": {
    "momentum_5m": 0.0,
    "momentum_7m": 0.0,
    "trend_acceleration": 0.0,
    "price_volatility": 0.0,
    "price_change_15m": 0.0,
    "volume_momentum": 0.0
  },
  "token_age_minutes": 199.99875751666664
}