{
  "trade_id": "TRADE_20250123_141945_907",
  "token_address": "851gCwQmBfykbxkMiNkktLxjRzgDbbi48u3t8BPUpump",
  "token_symbol": "CBDC",
  "entry_time": "2025-01-23T17:57:25.959106",
  "entry_price": 8.011220927710755e-06,
  "market_price": 6.9662790675745705e-06,
  "position_size": 100,
  "confidence_score": 1.0,
  "features": {
    "momentum_5m": 0.0,
    "momentum_7m": 0.0,
    "trend_acceleration": 0.0,
    "price_volatility": 0.0,
    "price_change_15m": 0.0,
    "volume_momentum": 0.0
  },
  "token_age_minutes": 185.18793968333333
}