{
  "trade_id": "TRADE_20250123_141945_661",
  "token_address": "GH65LgPwjDp9CM87rXPeWhmpni3j1czVDjQFw2qQpump",
  "token_symbol": "WLFI",
  "entry_time": "2025-01-23T17:45:29.052374",
  "entry_price": 8.077721764945515e-06,
  "market_price": 7.024105882561318e-06,
  "position_size": 100,
  "confidence_score": 1.0,
  "features": {
    "momentum_5m": 0.0,
    "momentum_7m": 0.0,
    "trend_acceleration": 0.0,
    "price_volatility": 0.0,
    "price_change_15m": 0.0,
    "volume_momentum": 0.0
  },
  "token_age_minutes": 191.51965196666666
}