{
  "trade_id": "TRADE_20250123_141945_122",
  "token_address": "8pTVuYcvtLH7esPPPSs3WQFSN4AVHTN33oaAsKgpump",
  "token_symbol": "RDT",
  "entry_time": "2025-01-23T17:27:32.336551",
  "entry_price": 8.555546334380571e-06,
  "market_price": 7.439605508157019e-06,
  "position_size": 100,
  "confidence_score": 1.0,
  "features": {
    "momentum_5m": 0.0,
    "momentum_7m": 0.0,
    "trend_acceleration": 0.0,
    "price_volatility": 0.0,
    "price_change_15m": 0.0,
    "volume_momentum": 0.0
  },
  "token_age_minutes": 180.08673445000002
}