{
  "trade_id": "TRADE_20250123_141945_719",
  "token_address": "3THvhxvET37WiAPeVgKFyHk481LxkD2SMLkF5cjKpump",
  "token_symbol": "SEAL<3",
  "entry_time": "2025-01-23T17:47:36.129002",
  "entry_price": 8.266980217986295e-06,
  "market_price": 7.188678450422865e-06,
  "position_size": 100,
  "confidence_score": 1.0,
  "features": {
    "momentum_5m": 0.0,
    "momentum_7m": 0.0,
    "trend_acceleration": 0.0,
    "price_volatility": 0.0,
    "price_change_15m": 0.0,
    "volume_momentum": 0.0
  },
  "token_age_minutes": 188.97588338333335
}