{
  "trade_id": "TRADE_20250123_141945_643",
  "token_address": "AJVo5eUX3CXZ5GmA8NH6oS7HK5MgBSitmzQaMkdhpump",
  "token_symbol": "GIBBY",
  "entry_time": "2025-01-23T17:44:35.358493",
  "entry_price": 8.306949056647916e-06,
  "market_price": 7.223433962302537e-06,
  "position_size": 100,
  "confidence_score": 1.0,
  "features": {
    "momentum_5m": 0.0,
    "momentum_7m": 0.0,
    "trend_acceleration": 0.0,
    "price_volatility": 0.0,
    "price_change_15m": 0.0,
    "volume_momentum": 0.0
  },
  "token_age_minutes": 180.05772521666668
}