{
  "trade_id": "TRADE_20250123_141945_352",
  "token_address": "7WyNZR6xcWpR9jRBw7rLzAgJQq37yedLMW7rCGupump",
  "token_symbol": "ORYX",
  "entry_time": "2025-01-23T17:36:24.481031",
  "entry_price": 8.147039039201434e-06,
  "market_price": 7.084381773218638e-06,
  "position_size": 100,
  "confidence_score": 1.0,
  "features": {
    "momentum_5m": 0.0,
    "momentum_7m": 0.0,
    "trend_acceleration": 0.0,
    "price_volatility": 0.0,
    "price_change_15m": 0.0,
    "volume_momentum": 0.0
  },
  "token_age_minutes": 182.11183901666666
}