{
  "trade_id": "TRADE_20250123_141945_683",
  "token_address": "DRJ26SNs7GV4gz3LcufvHbEcQ3UEgXXN99zzMq4Kpump",
  "token_symbol": "JFKFILES",
  "entry_time": "2025-01-23T17:46:25.867003",
  "entry_price": 8.28686142316523e-06,
  "market_price": 7.205966454926287e-06,
  "position_size": 100,
  "confidence_score": 1.0,
  "features": {
    "momentum_5m": 0.0,
    "momentum_7m": 0.0,
    "trend_acceleration": 0.0,
    "price_volatility": 0.0,
    "price_change_15m": 0.0,
    "volume_momentum": 0.0
  },
  "token_age_minutes": 182.11089091666665
}