{
  "trade_id": "TRADE_20250123_141945_652",
  "token_address": "2nLPr9hcd1YcU349W5pq4bDP4TcUTuame5JD3Sdvpump",
  "token_symbol": "0.001",
  "entry_time": "2025-01-23T17:45:24.955719",
  "entry_price": 8.261744177072381e-06,
  "market_price": 7.184125371367289e-06,
  "position_size": 100,
  "confidence_score": 1.0,
  "features": {
    "momentum_5m": 0.0,
    "momentum_7m": 0.0,
    "trend_acceleration": 0.0,
    "price_volatility": 0.0,
    "price_change_15m": 0.0,
    "volume_momentum": 0.0
  },
  "token_age_minutes": 203.4569614
}