{
  "trade_id": "TRADE_20250123_141945_144",
  "token_address": "AzEiySBpRm79djWYXr6qe7dNcVUwUrPre6573jxUpump",
  "token_symbol": "RTRS",
  "entry_time": "2025-01-23T17:29:25.207427",
  "entry_price": 8.135456435042088e-06,
  "market_price": 7.074309943514859e-06,
  "position_size": 100,
  "confidence_score": 1.0,
  "features": {
    "momentum_5m": 0.0,
    "momentum_7m": 0.0,
    "trend_acceleration": 0.0,
    "price_volatility": 0.0,
    "price_change_15m": 0.0,
    "volume_momentum": 0.0
  },
  "token_age_minutes": 189.56350276666666
}