{
  "trade_id": "TRADE_20250123_141945_531",
  "token_address": "Ekppzunw79UX75AY2TqpnBvPvE5nadUjyKUJNLpCpump",
  "token_symbol": "Xor",
  "entry_time": "2025-01-23T17:40:37.067527",
  "entry_price": 8.237544597908717e-06,
  "market_price": 7.1630822590510585e-06,
  "position_size": 100,
  "confidence_score": 1.0,
  "features": {
    "momentum_5m": 0.0,
    "momentum_7m": 0.0,
    "trend_acceleration": 0.0,
    "price_volatility": 0.0,
    "price_change_15m": 0.0,
    "volume_momentum": 0.0
  },
  "token_age_minutes": 180.92952338333333
}