{
  "trade_id": "TRADE_20250123_141945_986",
  "token_address": "726HuEhSu4w2dbZrQn3Kf2j6UsH28ShjrB7ZwJzYpump",
  "token_symbol": "TCR",
  "entry_time": "2025-01-23T18:00:32.949461",
  "entry_price": 7.975269346907453e-06,
  "market_price": 6.9350168233977855e-06,
  "position_size": 100,
  "confidence_score": 1.0,
  "features": {
    "momentum_5m": 0.0,
    "momentum_7m": 0.0,
    "trend_acceleration": 0.0,
    "price_volatility": 0.0,
    "price_change_15m": 0.0,
    "volume_momentum": 0.0
  },
  "token_age_minutes": 180.4743705
}