{
  "trade_id": "TRADE_20250123_141945_1128",
  "token_address": "6PhUrLQaj8ULuSaipno2hoS8ruLaAABXxEv7N4PPpump",
  "token_symbol": "PAUCBDC",
  "entry_time": "2025-01-23T18:10:41.051861",
  "entry_price": 7.970942139344398e-06,
  "market_price": 6.93125403421252e-06,
  "position_size": 100,
  "confidence_score": 1.0,
  "features": {
    "momentum_5m": 0.0,
    "momentum_7m": 0.0,
    "trend_acceleration": 0.0,
    "price_volatility": 0.0,
    "price_change_15m": 0.0,
    "volume_momentum": 0.0
  },
  "token_age_minutes": 198.51400379999998
}