{
  "trade_id": "TRADE_20250123_141945_105",
  "token_address": "FQgNvjieXuzVwxKwXP3Q1zYMYtVSZs3Qd6CLkvpvpump",
  "token_symbol": "NDAS-7401",
  "entry_time": "2025-01-23T17:26:32.045957",
  "entry_price": 8.259100543440139e-06,
  "market_price": 7.181826559513165e-06,
  "position_size": 100,
  "confidence_score": 1.0,
  "features": {
    "momentum_5m": 0.0,
    "momentum_7m": 0.0,
    "trend_acceleration": 0.0,
    "price_volatility": 0.0,
    "price_change_15m": 0.0,
    "volume_momentum": 0.0
  },
  "token_age_minutes": 181.11983893333334
}