{
  "trade_id": "TRADE_20250123_141945_814",
  "token_address": "HkiE74974sH5WWoxaQwCTTaarzBkdWi5kzALaHnupump",
  "token_symbol": "IB",
  "entry_time": "2025-01-23T17:51:31.055515",
  "entry_price": 8.245919128367449e-06,
  "market_price": 7.170364459449956e-06,
  "position_size": 100,
  "confidence_score": 1.0,
  "features": {
    "momentum_5m": 0.0,
    "momentum_7m": 0.0,
    "trend_acceleration": 0.0,
    "price_volatility": 0.0,
    "price_change_15m": 0.0,
    "volume_momentum": 0.0
  },
  "token_age_minutes": 190.69585360000002
}