{
  "trade_id": "TRADE_20250123_141945_1229",
  "token_address": "4dXrMeU44ozPTGvhRSKDYZ2F7PtpGCK3m5Kynbpupump",
  "token_symbol": "DFT",
  "entry_time": "2025-01-23T18:19:31.658959",
  "entry_price": 8.263689034091782e-06,
  "market_price": 7.1858165513841585e-06,
  "position_size": 100,
  "confidence_score": 1.0,
  "features": {
    "momentum_5m": 0.0,
    "momentum_7m": 0.0,
    "trend_acceleration": 0.0,
    "price_volatility": 0.0,
    "price_change_15m": 0.0,
    "volume_momentum": 0.0
  },
  "token_age_minutes": 208.40536293333335
}