{
  "trade_id": "TRADE_20250123_141945_104",
  "token_address": "9i1Y8DfUqB9bLMH5giJbSfoU5avSpSuUZz77KP7pump",
  "token_symbol": "SBR",
  "entry_time": "2025-01-23T17:26:32.044958",
  "entry_price": 8.266309564781905e-06,
  "market_price": 7.188095273723396e-06,
  "position_size": 100,
  "confidence_score": 1.0,
  "features": {
    "momentum_5m": 0.0,
    "momentum_7m": 0.0,
    "trend_acceleration": 0.0,
    "price_volatility": 0.0,
    "price_change_15m": 0.0,
    "volume_momentum": 0.0
  },
  "token_age_minutes": 181.86996866666667
}