{
  "trade_id": "TRADE_20250123_141945_195",
  "token_address": "HKwu3Z77JgyAGFDNRrX3WwMqwroi3hn7ruYaNG4hpump",
  "token_symbol": "TCO",
  "entry_time": "2025-01-23T17:30:34.930776",
  "entry_price": 8.85146660163303e-06,
  "market_price": 7.696927479680897e-06,
  "position_size": 100,
  "confidence_score": 1.0,
  "features": {
    "momentum_5m": 0.0,
    "momentum_7m": 0.0,
    "trend_acceleration": 0.0,
    "price_volatility": 0.0,
    "price_change_15m": 0.0,
    "volume_momentum": 0.0
  },
  "token_age_minutes": 182.17015656666666
}