{
  "trade_id": "TRADE_20250123_141945_191",
  "token_address": "4BoyYfYnSEcwskH1chU1KThneZM7Y8yjEpspz2RRpump",
  "token_symbol": "NDAS",
  "entry_time": "2025-01-23T17:30:33.859741",
  "entry_price": 8.416639529654947e-06,
  "market_price": 7.3188169823086504e-06,
  "position_size": 100,
  "confidence_score": 1.0,
  "features": {
    "momentum_5m": 0.0,
    "momentum_7m": 0.0,
    "trend_acceleration": 0.0,
    "price_volatility": 0.0,
    "price_change_15m": 0.0,
    "volume_momentum": 0.0
  },
  "token_age_minutes": 180.78213828333335
}