{
  "trade_id": "TRADE_20250123_141945_414",
  "token_address": "8yZHQHnWQkHkMXS6FzGLQet7g48faeYU8nJmvw2dpump",
  "token_symbol": "RUSVINE",
  "entry_time": "2025-01-23T17:38:25.863134",
  "entry_price": 8.171523180473293e-06,
  "market_price": 7.105672330846342e-06,
  "position_size": 100,
  "confidence_score": 1.0,
  "features": {
    "momentum_5m": 0.0,
    "momentum_7m": 0.0,
    "trend_acceleration": 0.0,
    "price_volatility": 0.0,
    "price_change_15m": 0.0,
    "volume_momentum": 0.0
  },
  "token_age_minutes": 187.99283853333333
}