{
  "trade_id": "TRADE_20250123_141945_737",
  "token_address": "41RYUuKcb3yDRS9hyAzJ8Rs1qwcoqgncNP4oCRB4pump",
  "token_symbol": "ZR",
  "entry_time": "2025-01-23T17:48:29.606170",
  "entry_price": 8.157828417776587e-06,
  "market_price": 7.093763841544859e-06,
  "position_size": 100,
  "confidence_score": 1.0,
  "features": {
    "momentum_5m": 0.0,
    "momentum_7m": 0.0,
    "trend_acceleration": 0.0,
    "price_volatility": 0.0,
    "price_change_15m": 0.0,
    "volume_momentum": 0.0
  },
  "token_age_minutes": 182.09895153333335
}