{
  "trade_id": "TRADE_20250123_141945_1025",
  "token_address": "3rwoRfKjV1jE9Ff5CKfmYq2twQHu58xoVBMmJ5m7pump",
  "token_symbol": "BTFR",
  "entry_time": "2025-01-23T18:04:31.202645",
  "entry_price": 9.076083479610705e-06,
  "market_price": 7.89224650400931e-06,
  "position_size": 100,
  "confidence_score": 1.0,
  "features": {
    "momentum_5m": 0.0,
    "momentum_7m": 0.0,
    "trend_acceleration": 0.0,
    "price_volatility": 0.0,
    "price_change_15m": 0.0,
    "volume_momentum": 0.0
  },
  "token_age_minutes": 208.26461311666665
}