{
  "trade_id": "TRADE_20250123_141945_909",
  "token_address": "3PQb6s2p4crUGe85cnPa56H5V911X5LnYpyvZejqpump",
  "token_symbol": "INFINITE",
  "entry_time": "2025-01-23T17:57:28.061285",
  "entry_price": 2.67530795593125e-05,
  "market_price": 2.3263547442880437e-05,
  "position_size": 100,
  "confidence_score": 1.0,
  "features": {
    "momentum_5m": 0.0,
    "momentum_7m": 0.0,
    "trend_acceleration": 0.0,
    "price_volatility": 0.0,
    "price_change_15m": 0.0,
    "volume_momentum": 0.0
  },
  "token_age_minutes": 189.20119144999998
}