{
  "trade_id": "TRADE_20250123_141945_706",
  "token_address": "CabT26WxNtC1FEXsWYE4xjTy8BC5iFjLJpa3g9bopump",
  "token_symbol": "EIDO",
  "entry_time": "2025-01-23T17:47:29.292643",
  "entry_price": 9.087172416331796e-06,
  "market_price": 7.901889057679823e-06,
  "position_size": 100,
  "confidence_score": 1.0,
  "features": {
    "momentum_5m": 0.0,
    "momentum_7m": 0.0,
    "trend_acceleration": 0.0,
    "price_volatility": 0.0,
    "price_change_15m": 0.0,
    "volume_momentum": 0.0
  },
  "token_age_minutes": 198.32868353333333
}