{
  "trade_id": "TRADE_20250123_141945_1022",
  "token_address": "8PdU2yb2T4Zb2jZpcYbeuBJpDC2k81KtDushqeVXpump",
  "token_symbol": "CipherAI",
  "entry_time": "2025-01-23T18:04:31.159643",
  "entry_price": 7.992383047783309e-06,
  "market_price": 6.949898302420269e-06,
  "position_size": 100,
  "confidence_score": 1.0,
  "features": {
    "momentum_5m": 0.0,
    "momentum_7m": 0.0,
    "trend_acceleration": 0.0,
    "price_volatility": 0.0,
    "price_change_15m": 0.0,
    "volume_momentum": 0.0
  },
  "token_age_minutes": 185.58496148333333
}