{
  "trade_id": "TRADE_20250123_141945_230",
  "token_address": "jkwVwrV9kxu1kPa6wQW4Fqr1Nv5v41Ph83j76P9pump",
  "token_symbol": "Pigeon",
  "entry_time": "2025-01-23T17:32:22.264638",
  "entry_price": 8.302362091113213e-06,
  "market_price": 7.2194452966201855e-06,
  "position_size": 100,
  "confidence_score": 1.0,
  "features": {
    "momentum_5m": 0.0,
    "momentum_7m": 0.0,
    "trend_acceleration": 0.0,
    "price_volatility": 0.0,
    "price_change_15m": 0.0,
    "volume_momentum": 0.0
  },
  "token_age_minutes": 188.26227634999998
}