{
  "trade_id": "TRADE_20250123_141945_923",
  "token_address": "4U8njuy9dnH8T23uYvSv7XbYHNQ1DEYunwsapj5Apump",
  "token_symbol": "SAKHAROV",
  "entry_time": "2025-01-23T17:57:33.121760",
  "entry_price": 8.284442208405623e-06,
  "market_price": 7.203862789917933e-06,
  "position_size": 100,
  "confidence_score": 1.0,
  "features": {
    "momentum_5m": 0.0,
    "momentum_7m": 0.0,
    "trend_acceleration": 0.0,
    "price_volatility": 0.0,
    "price_change_15m": 0.0,
    "volume_momentum": 0.0
  },
  "token_age_minutes": 214.15253228333333
}