{
  "trade_id": "TRADE_20250123_141945_143",
  "token_address": "36ibf7HyMdDFPtiENoBRGV2RcbhhmhTQa8vW88Xipump",
  "token_symbol": "NDAS-9404",
  "entry_time": "2025-01-23T17:29:24.101222",
  "entry_price": 8.278682561008537e-06,
  "market_price": 7.1988544008769895e-06,
  "position_size": 100,
  "confidence_score": 1.0,
  "features": {
    "momentum_5m": 0.0,
    "momentum_7m": 0.0,
    "trend_acceleration": 0.0,
    "price_volatility": 0.0,
    "price_change_15m": 0.0,
    "volume_momentum": 0.0
  },
  "token_age_minutes": 185.82449108333333
}