{
  "trade_id": "TRADE_20250123_141945_20",
  "token_address": "G7rbah9MNgkB5SYsSJCYJvu2iBBvLBPjCz73ohGmpump",
  "token_symbol": "ENZA",
  "entry_time": "2025-01-23T17:22:20.690678",
  "entry_price": 8.294292722140629e-06,
  "market_price": 7.2124284540353304e-06,
  "position_size": 100,
  "confidence_score": 1.0,
  "features": {
    "momentum_5m": 0.0,
    "momentum_7m": 0.0,
    "trend_acceleration": 0.0,
    "price_volatility": 0.0,
    "price_change_15m": 0.0,
    "volume_momentum": 0.0
  },
  "token_age_minutes": 181.00894574999998
}