{
  "trade_id": "TRADE_20250123_141945_1231",
  "token_address": "AmdCSJuMWU14AiRCRe8LC2Py1zHEi2g866HfYQTDpump",
  "token_symbol": "Delegate",
  "entry_time": "2025-01-23T18:19:34.437602",
  "entry_price": 8.30212880926312e-06,
  "market_price": 7.219242442837495e-06,
  "position_size": 100,
  "confidence_score": 1.0,
  "features": {
    "momentum_5m": 0.0,
    "momentum_7m": 0.0,
    "trend_acceleration": 0.0,
    "price_volatility": 0.0,
    "price_change_15m": 0.0,
    "volume_momentum": 0.0
  },
  "token_age_minutes": 220.74323936666667
}