{
  "trade_id": "TRADE_20250123_141945_581",
  "token_address": "B9Fk3h9RZJ1mmsiVZsXSMJjSExhbypR16i5HgAYEpump",
  "token_symbol": "OUTYOU",
  "entry_time": "2025-01-23T17:42:37.392421",
  "entry_price": 8.222461625898264e-06,
  "market_price": 7.1499666312158815e-06,
  "position_size": 100,
  "confidence_score": 1.0,
  "features": {
    "momentum_5m": 0.0,
    "momentum_7m": 0.0,
    "trend_acceleration": 0.0,
    "price_volatility": 0.0,
    "price_change_15m": 0.0,
    "volume_momentum": 0.0
  },
  "token_age_minutes": 181.00675318333333
}