{
  "trade_id": "TRADE_20250123_141945_322",
  "token_address": "GqZQt5bFWEos3HdAsX62Vw1DWHCAoe54ZC8M8UB1pump",
  "token_symbol": "EYESPOT",
  "entry_time": "2025-01-23T17:35:25.141132",
  "entry_price": 1.0674440543210362e-05,
  "market_price": 9.282122211487272e-06,
  "position_size": 100,
  "confidence_score": 1.0,
  "features": {
    "momentum_5m": 0.0,
    "momentum_7m": 0.0,
    "trend_acceleration": 0.0,
    "price_volatility": 0.0,
    "price_change_15m": 0.0,
    "volume_momentum": 0.0
  },
  "token_age_minutes": 189.20149736666664
}