{
  "trade_id": "TRADE_20250123_141945_1216",
  "token_address": "FjtWtBxx3q5zuL594HxDEM3EByw9Z9e1Nb2PK47Ppump",
  "token_symbol": "GF",
  "entry_time": "2025-01-23T18:18:28.938845",
  "entry_price": 9.247063463646046e-06,
  "market_price": 8.040924750996562e-06,
  "position_size": 100,
  "confidence_score": 1.0,
  "features": {
    "momentum_5m": 0.0,
    "momentum_7m": 0.0,
    "trend_acceleration": 0.0,
    "price_volatility": 0.0,
    "price_change_15m": 0.0,
    "volume_momentum": 0.0
  },
  "token_age_minutes": 229.87486268333333
}