{
  "trade_id": "TRADE_20250123_141945_1295",
  "token_address": "9qTYYoSL2RZrgDyXh1PkcqXteoc4YuitC6Pn4fugpump",
  "token_symbol": "UPONLY",
  "entry_time": "2025-01-23T18:24:41.248495",
  "entry_price": 9.038555526454464e-06,
  "market_price": 7.859613501264751e-06,
  "position_size": 100,
  "confidence_score": 1.0,
  "features": {
    "momentum_5m": 0.0,
    "momentum_7m": 0.0,
    "trend_acceleration": 0.0,
    "price_volatility": 0.0,
    "price_change_15m": 0.0,
    "volume_momentum": 0.0
  },
  "token_age_minutes": 187.56651416666668
}