{
  "trade_id": "TRADE_20250123_141945_338",
  "token_address": "6x3BBQp7e15J57RwptNiHp8QqARay7a8MfmF1MrCpump",
  "token_symbol": "SMR",
  "entry_time": "2025-01-23T17:35:32.943505",
  "entry_price": 8.231570766682223e-06,
  "market_price": 7.1578876232019346e-06,
  "position_size": 100,
  "confidence_score": 1.0,
  "features": {
    "momentum_5m": 0.0,
    "momentum_7m": 0.0,
    "trend_acceleration": 0.0,
    "price_volatility": 0.0,
    "price_change_15m": 0.0,
    "volume_momentum": 0.0
  },
  "token_age_minutes": 180.95195561666665
}