{
  "trade_id": "TRADE_20250123_141945_1299",
  "token_address": "BejYxFnryy5iHULwdb8d5qWYp4jMnPxYmyxPZeP6pump",
  "token_symbol": "Kik ",
  "entry_time": "2025-01-23T18:24:43.418496",
  "entry_price": 8.201059550321239e-06,
  "market_price": 7.1313561307141215e-06,
  "position_size": 100,
  "confidence_score": 1.0,
  "features": {
    "momentum_5m": 0.0,
    "momentum_7m": 0.0,
    "trend_acceleration": 0.0,
    "price_volatility": 0.0,
    "price_change_15m": 0.0,
    "volume_momentum": 0.0
  },
  "token_age_minutes": 189.55891926666666
}