{
  "trade_id": "TRADE_20250123_141945_539",
  "token_address": "7MeVhRV7sVrQDnkH97rX6B8YvvWVrackbJfYzP6Dpump",
  "token_symbol": "YTCLASSIC",
  "entry_time": "2025-01-23T17:41:25.932349",
  "entry_price": 8.237893492207283e-06,
  "market_price": 7.163385645397638e-06,
  "position_size": 100,
  "confidence_score": 1.0,
  "features": {
    "momentum_5m": 0.0,
    "momentum_7m": 0.0,
    "trend_acceleration": 0.0,
    "price_volatility": 0.0,
    "price_change_15m": 0.0,
    "volume_momentum": 0.0
  },
  "token_age_minutes": 182.49586591666667
}