{
  "trade_id": "TRADE_20250123_141945_828",
  "token_address": "F5Zj3DktN2ByEQ5AEGGobALJ1bSeRKWJ36sqRXNRpump",
  "token_symbol": "ELONVINE",
  "entry_time": "2025-01-23T17:51:37.297062",
  "entry_price": 8.043381298847631e-06,
  "market_price": 6.9942446076935925e-06,
  "position_size": 100,
  "confidence_score": 1.0,
  "features": {
    "momentum_5m": 0.0,
    "momentum_7m": 0.0,
    "trend_acceleration": 0.0,
    "price_volatility": 0.0,
    "price_change_15m": 0.0,
    "volume_momentum": 0.0
  },
  "token_age_minutes": 180.56349783333332
}