{
  "trade_id": "TRADE_20250123_141945_1154",
  "token_address": "8KWEdpzUpnzd9vNev2vRgH8hLNwkQ8GKpgME5pHXpump",
  "token_symbol": "OmnixAI",
  "entry_time": "2025-01-23T18:14:31.682679",
  "entry_price": 7.872561201163432e-06,
  "market_price": 6.845705392316028e-06,
  "position_size": 100,
  "confidence_score": 1.0,
  "features": {
    "momentum_5m": 0.0,
    "momentum_7m": 0.0,
    "trend_acceleration": 0.0,
    "price_volatility": 0.0,
    "price_change_15m": 0.0,
    "volume_momentum": 0.0
  },
  "token_age_minutes": 180.52488761666666
}