{
  "trade_id": "TRADE_20250123_141945_460",
  "token_address": "QtD4PYt47K1mUbf2fKaFKsgg6wpBaBnWehsyRJupump",
  "token_symbol": "LEIA",
  "entry_time": "2025-01-23T17:39:24.166319",
  "entry_price": 5.149394537195221e-06,
  "market_price": 4.477734380169757e-06,
  "position_size": 100,
  "confidence_score": 1.0,
  "features": {
    "momentum_5m": 0.0028408492990876777,
    "momentum_7m": 0.0028408492990876777,
    "trend_acceleration": -0.0028408492990876777,
    "price_volatility": 0.0020087838037139475,
    "price_change_15m": 0.0028408492990876777,
    "volume_momentum": 0.00012873947568259325
  },
  "token_age_minutes": 189.73222061666667
}