{
  "trade_id": "TRADE_20250123_141945_398",
  "token_address": "DpXgRvautZbCVpqyTH6GD688fYng2nj5vsTPoVHWpump",
  "token_symbol": "KAI",
  "entry_time": "2025-01-23T17:37:32.261446",
  "entry_price": 8.45570436868291e-06,
  "market_price": 7.352786407550358e-06,
  "position_size": 100,
  "confidence_score": 1.0,
  "features": {
    "momentum_5m": 0.0,
    "momentum_7m": 0.0,
    "trend_acceleration": 0.0,
    "price_volatility": 0.0,
    "price_change_15m": 0.0,
    "volume_momentum": 0.0
  },
  "token_age_minutes": 186.10147833333335
}