{
  "trade_id": "TRADE_20250123_141945_1120",
  "token_address": "7pF9rQ3n9B83LrrjzXeKAVtRa2H4gGCUr6d6DQZ7pump",
  "token_symbol": "Wartull",
  "entry_time": "2025-01-23T18:09:39.562638",
  "entry_price": 8.209204592564933e-06,
  "market_price": 7.138438776143421e-06,
  "position_size": 100,
  "confidence_score": 1.0,
  "features": {
    "momentum_5m": 0.0,
    "momentum_7m": 0.0,
    "trend_acceleration": 0.0,
    "price_volatility": 0.0,
    "price_change_15m": 0.0,
    "volume_momentum": 0.0
  },
  "token_age_minutes": 221.5752766
}