{
  "trade_id": "TRADE_20250123_141945_857",
  "token_address": "3nQEr9CSQzKz1VC35d5HzifYtgi3HiuEFBnhK2CDpump",
  "token_symbol": "PWT",
  "entry_time": "2025-01-23T17:52:40.244337",
  "entry_price": 8.073434435379922e-06,
  "market_price": 7.020377769895585e-06,
  "position_size": 100,
  "confidence_score": 1.0,
  "features": {
    "momentum_5m": 0.0,
    "momentum_7m": 0.0,
    "trend_acceleration": 0.0,
    "price_volatility": 0.0,
    "price_change_15m": 0.0,
    "volume_momentum": 0.0
  },
  "token_age_minutes": 192.13216353333334
}