{
  "trade_id": "TRADE_20250123_141945_910",
  "token_address": "7xWJma9rY1hLi93ANCVov7UyyG9ebZaH1cCU8fcEpump",
  "token_symbol": "CEO",
  "entry_time": "2025-01-23T17:57:28.082208",
  "entry_price": 9.754465904779746e-06,
  "market_price": 8.482144265025867e-06,
  "position_size": 100,
  "confidence_score": 1.0,
  "features": {
    "momentum_5m": 0.0,
    "momentum_7m": 0.0,
    "trend_acceleration": 0.0,
    "price_volatility": 0.0,
    "price_change_15m": 0.0,
    "volume_momentum": 0.0
  },
  "token_age_minutes": 208.03914556666666
}