{
  "trade_id": "TRADE_20250123_141945_432",
  "token_address": "5E7H6tf6B9bFyJZMxvQYVP1jntD98XA4xPA1JuQipump",
  "token_symbol": "MILFK",
  "entry_time": "2025-01-23T17:38:27.525981",
  "entry_price": 8.290393060064989e-06,
  "market_price": 7.209037443534774e-06,
  "position_size": 100,
  "confidence_score": 1.0,
  "features": {
    "momentum_5m": 0.0,
    "momentum_7m": 0.0,
    "trend_acceleration": 0.0,
    "price_volatility": 0.0,
    "price_change_15m": 0.0,
    "volume_momentum": 0.0
  },
  "token_age_minutes": 191.74120480000002
}