{
  "trade_id": "TRADE_20250123_141945_515",
  "token_address": "6Rqck5T9URXHaMNQB8vw88zikmpUi6EUwmVGmh2Xpump",
  "token_symbol": "SNDAS",
  "entry_time": "2025-01-23T17:40:24.521760",
  "entry_price": 8.063677594574021e-06,
  "market_price": 7.01189356049915e-06,
  "position_size": 100,
  "confidence_score": 1.0,
  "features": {
    "momentum_5m": 0.0,
    "momentum_7m": 0.0,
    "trend_acceleration": 0.0,
    "price_volatility": 0.0,
    "price_change_15m": 0.0,
    "volume_momentum": 0.0
  },
  "token_age_minutes": 180.94415456666667
}