{
  "trade_id": "TRADE_20250123_141945_1146",
  "token_address": "Chqw9vgVf15LQPpYtq67kbuH7LDZrHKtUqquehTepump",
  "token_symbol": "Tramp",
  "entry_time": "2025-01-23T18:13:37.426476",
  "entry_price": 8.033055101639381e-06,
  "market_price": 6.985265305773375e-06,
  "position_size": 100,
  "confidence_score": 1.0,
  "features": {
    "momentum_5m": 0.0,
    "momentum_7m": 0.0,
    "trend_acceleration": 0.0,
    "price_volatility": 0.0,
    "price_change_15m": 0.0,
    "volume_momentum": 0.0
  },
  "token_age_minutes": 180.67774998333334
}