{
  "trade_id": "TRADE_20250123_141945_574",
  "token_address": "6BzLDn1vKixLSUaii4Y7ePT2MAUnxvtBjyyaH7zLpump",
  "token_symbol": "NDAS",
  "entry_time": "2025-01-23T17:42:34.439250",
  "entry_price": 8.204433286839125e-06,
  "market_price": 7.134289814642717e-06,
  "position_size": 100,
  "confidence_score": 1.0,
  "features": {
    "momentum_5m": 0.0,
    "momentum_7m": 0.0,
    "trend_acceleration": 0.0,
    "price_volatility": 0.0,
    "price_change_15m": 0.0,
    "volume_momentum": 0.0
  },
  "token_age_minutes": 180.17015101666667
}