{
  "trade_id": "TRADE_20250123_141945_487",
  "token_address": "4Em63K6t3jgTTUkEerzng2Fb62u22yH65tkD2EJ6pump",
  "token_symbol": "fred",
  "entry_time": "2025-01-23T17:39:35.235403",
  "entry_price": 8.211795465607163e-06,
  "market_price": 7.140691709223621e-06,
  "position_size": 100,
  "confidence_score": 1.0,
  "features": {
    "momentum_5m": 0.0,
    "momentum_7m": 0.0,
    "trend_acceleration": 0.0,
    "price_volatility": 0.0,
    "price_change_15m": -0.004228061318494625,
    "volume_momentum": 0.0
  },
  "token_age_minutes": 185.96117683333333
}