{
  "trade_id": "TRADE_20250123_141945_1161",
  "token_address": "BBKmM95YNbK9snm7yz5944pmetRhXw9yZRyeVJ1Fpump",
  "token_symbol": "USNSS",
  "entry_time": "2025-01-23T18:14:33.947542",
  "entry_price": 7.974172794350194e-06,
  "market_price": 6.934063299434952e-06,
  "position_size": 100,
  "confidence_score": 1.0,
  "features": {
    "momentum_5m": 0.0,
    "momentum_7m": 0.0,
    "trend_acceleration": 0.0,
    "price_volatility": 0.0,
    "price_change_15m": 0.0,
    "volume_momentum": 0.0
  },
  "token_age_minutes": 207.59426995
}