{
  "trade_id": "TRADE_20250123_141945_701",
  "token_address": "6SoNskoksoavpxH5r5i2uGwTfVTi3RGLz8ax9Hfrpump",
  "token_symbol": "Tio ",
  "entry_time": "2025-01-23T17:47:25.287543",
  "entry_price": 8.051161464561207e-06,
  "market_price": 7.001009969183658e-06,
  "position_size": 100,
  "confidence_score": 1.0,
  "features": {
    "momentum_5m": 0.0,
    "momentum_7m": 0.0,
    "trend_acceleration": 0.0,
    "price_volatility": 0.0,
    "price_change_15m": 0.0,
    "volume_momentum": 0.0
  },
  "token_age_minutes": 189.10533508333336
}