{
  "trade_id": "TRADE_20250123_141945_587",
  "token_address": "JB4mmJ62bMg5id7L87tviyCBtxPc8VtWxXHFxNj1pump",
  "token_symbol": "DINO",
  "entry_time": "2025-01-23T17:43:25.064276",
  "entry_price": 8.184693310347504e-06,
  "market_price": 7.117124617693483e-06,
  "position_size": 100,
  "confidence_score": 1.0,
  "features": {
    "momentum_5m": 0.0,
    "momentum_7m": 0.0,
    "trend_acceleration": 0.0,
    "price_volatility": 0.0,
    "price_change_15m": 0.02216554064278431,
    "volume_momentum": 0.0
  },
  "token_age_minutes": 186.14873471666667
}