{
  "trade_id": "TRADE_20250123_141945_558",
  "token_address": "X5TPmMQJ1b792jLSw1ZjCwrdGrBgJCpq7hMta9kpump",
  "token_symbol": "DWS",
  "entry_time": "2025-01-23T17:41:35.961252",
  "entry_price": 8.374023564850563e-06,
  "market_price": 7.2817596216091855e-06,
  "position_size": 100,
  "confidence_score": 1.0,
  "features": {
    "momentum_5m": 0.0,
    "momentum_7m": 0.0,
    "trend_acceleration": 0.0,
    "price_volatility": 0.0,
    "price_change_15m": 0.0,
    "volume_momentum": 0.0
  },
  "token_age_minutes": 183.90184478333333
}