{
  "trade_id": "TRADE_20250123_141945_1130",
  "token_address": "91gseMtEouzj8BtsVj9Y49RiGGMUcMvpgR1FNAw4pump",
  "token_symbol": "OSCAR ",
  "entry_time": "2025-01-23T18:11:29.464966",
  "entry_price": 7.987244413476266e-06,
  "market_price": 6.9454299247619715e-06,
  "position_size": 100,
  "confidence_score": 1.0,
  "features": {
    "momentum_5m": 0.0,
    "momentum_7m": 0.0,
    "trend_acceleration": 0.0,
    "price_volatility": 0.0,
    "price_change_15m": 0.0,
    "volume_momentum": 0.0
  },
  "token_age_minutes": 221.99941750000002
}