{
  "trade_id": "TRADE_20250123_141945_72",
  "token_address": "Bm3cw9VQ7FoGp2KqXBmB3VYiA5TBgS6L5N3TkQJ1pump",
  "token_symbol": "suhdude",
  "entry_time": "2025-01-23T17:25:23.521782",
  "entry_price": 8.306069308057894e-06,
  "market_price": 7.222668963528603e-06,
  "position_size": 100,
  "confidence_score": 1.0,
  "features": {
    "momentum_5m": 0.0,
    "momentum_7m": 0.0,
    "trend_acceleration": 0.0,
    "price_volatility": 0.0,
    "price_change_15m": 0.0,
    "volume_momentum": 0.0
  },
  "token_age_minutes": 180.23723766666666
}