{
  "trade_id": "TRADE_20250123_141945_1159",
  "token_address": "Ct8qxT2q2X5XoqZReMjF2fx9pMrwYoyrfG5EkTY7pump",
  "token_symbol": "CAPXA",
  "entry_time": "2025-01-23T18:14:32.843546",
  "entry_price": 8.03269707545539e-06,
  "market_price": 6.98495397865686e-06,
  "position_size": 100,
  "confidence_score": 1.0,
  "features": {
    "momentum_5m": 0.0,
    "momentum_7m": 0.0,
    "trend_acceleration": 0.0,
    "price_volatility": 0.0,
    "price_change_15m": 0.0,
    "volume_momentum": 0.0
  },
  "token_age_minutes": 208.47079311666667
}