{
  "trade_id": "TRADE_20250123_141945_1111",
  "token_address": "5414brHG6n3c7uMDCqZF35YYw4QdoQ6xUASwrnyopump",
  "token_symbol": "APP",
  "entry_time": "2025-01-23T18:08:32.037596",
  "entry_price": 8.125012929766954e-06,
  "market_price": 7.06522863457996e-06,
  "position_size": 100,
  "confidence_score": 1.0,
  "features": {
    "momentum_5m": 0.0,
    "momentum_7m": 0.0,
    "trend_acceleration": 0.0,
    "price_volatility": 0.0,
    "price_change_15m": 0.0,
    "volume_momentum": 0.0
  },
  "token_age_minutes": 204.34887325
}