{
  "trade_id": "TRADE_20250123_141945_618",
  "token_address": "Ao3kq1FLE2JDad2eACtcJt4ijA4kCJjsGUXDJ4Rypump",
  "token_symbol": "DDGS",
  "entry_time": "2025-01-23T17:43:41.009774",
  "entry_price": 8.036057816349731e-06,
  "market_price": 6.9878763620432445e-06,
  "position_size": 100,
  "confidence_score": 1.0,
  "features": {
    "momentum_5m": 0.0,
    "momentum_7m": 0.0,
    "trend_acceleration": 0.0,
    "price_volatility": 0.0,
    "price_change_15m": 0.0,
    "volume_momentum": 0.0
  },
  "token_age_minutes": 190.87557541666666
}