{
  "trade_id": "TRADE_20250123_141945_1268",
  "token_address": "6vEnn2NNtDdezHQXwBG7EHbBQtEmh4c4ChfMRcmcpump",
  "token_symbol": "CHUB",
  "entry_time": "2025-01-23T18:23:34.032041",
  "entry_price": 1.0021802665755945e-05,
  "market_price": 8.714611013700822e-06,
  "position_size": 100,
  "confidence_score": 1.0,
  "features": {
    "momentum_5m": 0.0,
    "momentum_7m": 0.0,
    "trend_acceleration": 0.0,
    "price_volatility": 0.0,
    "price_change_15m": 0.0,
    "volume_momentum": 0.0
  },
  "token_age_minutes": 226.99513123333332
}