{
  "trade_id": "TRADE_20250123_141945_1049",
  "token_address": "57ifn1BG8Skz1WjzMJdbPk3hTdz7YALuTqY3iKyepump",
  "token_symbol": "MARS",
  "entry_time": "2025-01-23T18:05:34.327908",
  "entry_price": 8.061220373207529e-06,
  "market_price": 7.009756846267417e-06,
  "position_size": 100,
  "confidence_score": 1.0,
  "features": {
    "momentum_5m": 0.0,
    "momentum_7m": 0.0,
    "trend_acceleration": 0.0,
    "price_volatility": 0.0,
    "price_change_15m": 0.0,
    "volume_momentum": 0.0
  },
  "token_age_minutes": 200.05036693333335
}