{
  "trade_id": "TRADE_20250123_141945_419",
  "token_address": "D7N3kJ7UpFTZQMdeCjGFqf6A8Yo9uVpqAQEcXpD6pump",
  "token_symbol": "YEEZY",
  "entry_time": "2025-01-23T17:38:26.729550",
  "entry_price": 8.074535155709319e-06,
  "market_price": 7.021334918008103e-06,
  "position_size": 100,
  "confidence_score": 1.0,
  "features": {
    "momentum_5m": 0.0,
    "momentum_7m": 0.0,
    "trend_acceleration": 0.0,
    "price_volatility": 0.0,
    "price_change_15m": 0.0,
    "volume_momentum": 0.0
  },
  "token_age_minutes": 198.57835208333333
}