{
  "trade_id": "TRADE_20250123_141945_674",
  "token_address": "gN1hk92V2PhCqT2GQPVAJivuZHKbsVDbMFX5oNypump",
  "token_symbol": "CEO",
  "entry_time": "2025-01-23T17:45:37.637820",
  "entry_price": 7.989912456128281e-06,
  "market_price": 6.94774996185068e-06,
  "position_size": 100,
  "confidence_score": 1.0,
  "features": {
    "momentum_5m": 0.0,
    "momentum_7m": 0.0,
    "trend_acceleration": 0.0,
    "price_volatility": 0.0,
    "price_change_15m": 0.0,
    "volume_momentum": 0.0
  },
  "token_age_minutes": 180.09454986666665
}