{
  "trade_id": "TRADE_20250123_141945_589",
  "token_address": "8Aszt6JZKDWfb1y3C8LcVj2fyB1GJ3umUAmcZjzDpump",
  "token_symbol": "SBR",
  "entry_time": "2025-01-23T17:43:25.090275",
  "entry_price": 1.1014674322159761e-05,
  "market_price": 9.57797767144327e-06,
  "position_size": 100,
  "confidence_score": 1.0,
  "features": {
    "momentum_5m": 0.0,
    "momentum_7m": 0.0,
    "trend_acceleration": 0.0,
    "price_volatility": 0.0,
    "price_change_15m": 0.0,
    "volume_momentum": 0.0
  },
  "token_age_minutes": 194.64146141666666
}