{
  "trade_id": "TRADE_20250123_141945_135",
  "token_address": "Esie56f9QJ9K8pz4hq6NaDvhdeCiGQyADeYzSD7spump",
  "token_symbol": "TAAG",
  "entry_time": "2025-01-23T17:28:38.067369",
  "entry_price": 8.67941597047641e-06,
  "market_price": 7.547318235196879e-06,
  "position_size": 100,
  "confidence_score": 1.0,
  "features": {
    "momentum_5m": 0.0,
    "momentum_7m": 0.0,
    "trend_acceleration": 0.0,
    "price_volatility": 0.0,
    "price_change_15m": 0.0,
    "volume_momentum": 0.0
  },
  "token_age_minutes": 180.54500546666668
}