{
  "trade_id": "TRADE_20250123_141945_582",
  "token_address": "7VDkfFewGcYVa2PpnsLo5FeE6JiP3Q3q8rZa1gZtpump",
  "token_symbol": "CRAZY",
  "entry_time": "2025-01-23T17:42:37.419421",
  "entry_price": 8.860390899852662e-06,
  "market_price": 7.704687739002315e-06,
  "position_size": 100,
  "confidence_score": 1.0,
  "features": {
    "momentum_5m": 0.0,
    "momentum_7m": 0.0,
    "trend_acceleration": 0.0,
    "price_volatility": 0.0,
    "price_change_15m": 0.0,
    "volume_momentum": 0.0
  },
  "token_age_minutes": 186.59076541666667
}