{
  "trade_id": "TRADE_20250123_141945_152",
  "token_address": "J2wNNL52Lk25C82usPtYmXjJTfagbN3tXE4c5bE5pump",
  "token_symbol": "doge",
  "entry_time": "2025-01-23T17:29:37.260223",
  "entry_price": 8.283637505232911e-06,
  "market_price": 7.203163048028619e-06,
  "position_size": 100,
  "confidence_score": 1.0,
  "features": {
    "momentum_5m": 0.0,
    "momentum_7m": 0.0,
    "trend_acceleration": 0.0,
    "price_volatility": 0.0,
    "price_change_15m": 0.0,
    "volume_momentum": 0.0
  },
  "token_age_minutes": 182.04720723333332
}