{
  "trade_id": "TRADE_20250123_141945_930",
  "token_address": "KPayMFFjiTXYoGhNuN5zgk1cYR64vNTWNh7F9oDpump",
  "token_symbol": "LLAMA",
  "entry_time": "2025-01-23T17:57:35.171800",
  "entry_price": 8.049814816338401e-06,
  "market_price": 6.999838970729045e-06,
  "position_size": 100,
  "confidence_score": 1.0,
  "features": {
    "momentum_5m": 0.0,
    "momentum_7m": 0.0,
    "trend_acceleration": 0.0,
    "price_volatility": 0.0,
    "price_change_15m": 0.0,
    "volume_momentum": 0.0
  },
  "token_age_minutes": 196.8577030333333
}