{
  "trade_id": "TRADE_20250123_141945_311",
  "token_address": "DdpJaeNJD5xdsD39NRzAiEH5eXYfjp6H6LoNPviEpump",
  "token_symbol": "TIFFANY",
  "entry_time": "2025-01-23T17:34:29.649282",
  "entry_price": 8.134420381996478e-06,
  "market_price": 7.073409027823025e-06,
  "position_size": 100,
  "confidence_score": 1.0,
  "features": {
    "momentum_5m": 0.0,
    "momentum_7m": 0.0,
    "trend_acceleration": 0.0,
    "price_volatility": 0.0,
    "price_change_15m": 0.0,
    "volume_momentum": 0.0
  },
  "token_age_minutes": 189.20192708333335
}