{
  "trade_id": "TRADE_20250123_141945_550",
  "token_address": "A191ujnTgftnhfFYL8tjmZ8LmwUagCbQdkdk9cAxpump",
  "token_symbol": "momstrip",
  "entry_time": "2025-01-23T17:41:29.517952",
  "entry_price": 8.281583730804049e-06,
  "market_price": 7.201377157220913e-06,
  "position_size": 100,
  "confidence_score": 1.0,
  "features": {
    "momentum_5m": 0.0,
    "momentum_7m": 0.0,
    "trend_acceleration": 0.0,
    "price_volatility": 0.0,
    "price_change_15m": 0.0,
    "volume_momentum": 0.0
  },
  "token_age_minutes": 183.88916998333335
}