{
  "trade_id": "TRADE_20250123_141945_692",
  "token_address": "2xeGXBr9jakrXRt3Ea5SQ3KrqZXYh1FemutrAJZZpump",
  "token_symbol": "STOCKPILE",
  "entry_time": "2025-01-23T17:46:33.501288",
  "entry_price": 8.201676198499204e-06,
  "market_price": 7.1318923465210475e-06,
  "position_size": 100,
  "confidence_score": 1.0,
  "features": {
    "momentum_5m": 0.0,
    "momentum_7m": 0.0,
    "trend_acceleration": 0.0,
    "price_volatility": 0.0,
    "price_change_15m": 0.0,
    "volume_momentum": 0.0
  },
  "token_age_minutes": 180.44758881666667
}