{
  "trade_id": "TRADE_20250123_141945_130",
  "token_address": "5gPxmpYf1pWQPfGSUQp7i1i2iL4PbZjRe8TCAK15pump",
  "token_symbol": "shibz",
  "entry_time": "2025-01-23T17:28:29.854634",
  "entry_price": 8.225459906908294e-06,
  "market_price": 7.152573832094169e-06,
  "position_size": 100,
  "confidence_score": 1.0,
  "features": {
    "momentum_5m": 0.0,
    "momentum_7m": 0.0,
    "trend_acceleration": 0.0,
    "price_volatility": 0.0,
    "price_change_15m": 0.0,
    "volume_momentum": 0.0
  },
  "token_age_minutes": 180.30121966666667
}