{
  "trade_id": "TRADE_20250123_141945_713",
  "token_address": "H4t8vd3SWHQw8XUro1W37sDWW3kMEaYxSbtptrLnpump",
  "token_symbol": "NMAS",
  "entry_time": "2025-01-23T17:47:33.664822",
  "entry_price": 8.579529994453627e-06,
  "market_price": 7.460460864742285e-06,
  "position_size": 100,
  "confidence_score": 1.0,
  "features": {
    "momentum_5m": 0.0,
    "momentum_7m": 0.0,
    "trend_acceleration": 0.0,
    "price_volatility": 0.0,
    "price_change_15m": -0.0029778765183469114,
    "volume_momentum": 0.0
  },
  "token_age_minutes": 186.13739333333334
}