{
  "trade_id": "TRADE_20250123_141945_245",
  "token_address": "FHWe3A2ACiPYA5Tvtd3Vh7JMKS6e7K2GNX1yESKVpump",
  "token_symbol": "beta",
  "entry_time": "2025-01-23T17:32:28.148965",
  "entry_price": 8.28160404489135e-06,
  "market_price": 7.201394821644653e-06,
  "position_size": 100,
  "confidence_score": 1.0,
  "features": {
    "momentum_5m": 0.0,
    "momentum_7m": 0.0,
    "trend_acceleration": 0.0,
    "price_volatility": 0.0,
    "price_change_15m": 0.0,
    "volume_momentum": 0.0
  },
  "token_age_minutes": 180.94488521666665
}