{
  "trade_id": "TRADE_20250123_141945_281",
  "token_address": "9cn58RMt2iif3gAfBt33sLLAD1izsZN3tKqQ4cF6pump",
  "token_symbol": "USAC",
  "entry_time": "2025-01-23T17:33:25.280525",
  "entry_price": 8.057161736591987e-06,
  "market_price": 7.0062275970365105e-06,
  "position_size": 100,
  "confidence_score": 1.0,
  "features": {
    "momentum_5m": 0.0,
    "momentum_7m": 0.0,
    "trend_acceleration": 0.0,
    "price_volatility": 0.0,
    "price_change_15m": 0.0,
    "volume_momentum": 0.0
  },
  "token_age_minutes": 188.96791176666665
}