{
  "trade_id": "TRADE_20250123_141945_763",
  "token_address": "FieN1h83j4jTm7GcqUbVHfEHVLqMBFU7FsH6tP5pump",
  "token_symbol": "SBR",
  "entry_time": "2025-01-23T17:49:31.661621",
  "entry_price": 8.241135919957163e-06,
  "market_price": 7.166205147788838e-06,
  "position_size": 100,
  "confidence_score": 1.0,
  "features": {
    "momentum_5m": 0.0,
    "momentum_7m": 0.0,
    "trend_acceleration": 0.0,
    "price_volatility": 0.0,
    "price_change_15m": 0.0,
    "volume_momentum": 0.0
  },
  "token_age_minutes": 200.09397798333333
}