{
  "trade_id": "TRADE_20250123_141945_345",
  "token_address": "8ACP7m72GMbKa9KVdKf94ZNRpMxsdhohkAY465oipump",
  "token_symbol": "toTheMoon",
  "entry_time": "2025-01-23T17:35:39.065846",
  "entry_price": 9.000331775194064e-06,
  "market_price": 7.826375456690492e-06,
  "position_size": 100,
  "confidence_score": 1.0,
  "features": {
    "momentum_5m": 0.0,
    "momentum_7m": 0.0,
    "trend_acceleration": 0.0,
    "price_volatility": 0.0,
    "price_change_15m": 0.0,
    "volume_momentum": 0.0
  },
  "token_age_minutes": 184.47115986666668
}