{
  "trade_id": "TRADE_20250123_141945_413",
  "token_address": "8UDit8EiPzpcPkChzvF4akzQYqsz4qz2f4rz41HEpump",
  "token_symbol": "pii",
  "entry_time": "2025-01-23T17:38:25.860134",
  "entry_price": 8.236153053625667e-06,
  "market_price": 7.161872220544058e-06,
  "position_size": 100,
  "confidence_score": 1.0,
  "features": {
    "momentum_5m": 0.0,
    "momentum_7m": 0.0,
    "trend_acceleration": 0.0,
    "price_volatility": 0.0,
    "price_change_15m": 0.0,
    "volume_momentum": 0.0
  },
  "token_age_minutes": 181.93233928333333
}