{
  "trade_id": "TRADE_20250123_141945_300",
  "token_address": "7XtF6tHRuiid5fMqyhxV4WodRT6UNnCALpayNo8Jpump",
  "token_symbol": "CEO",
  "entry_time": "2025-01-23T17:34:25.382481",
  "entry_price": 8.074951994518694e-06,
  "market_price": 7.021697386537996e-06,
  "position_size": 100,
  "confidence_score": 1.0,
  "features": {
    "momentum_5m": 0.0,
    "momentum_7m": 0.0,
    "trend_acceleration": 0.0,
    "price_volatility": 0.0,
    "price_change_15m": 0.0,
    "volume_momentum": 0.0
  },
  "token_age_minutes": 181.01993941666666
}