{
  "trade_id": "TRADE_20250123_141945_114",
  "token_address": "68tmJ7YaskHQbcoqwu1414iKJGnLqTkr3PMyEUJ1pump",
  "token_symbol": "JRCIA",
  "entry_time": "2025-01-23T17:27:22.841356",
  "entry_price": 8.246845564581175e-06,
  "market_price": 7.171170056157545e-06,
  "position_size": 100,
  "confidence_score": 1.0,
  "features": {
    "momentum_5m": 0.0,
    "momentum_7m": 0.0,
    "trend_acceleration": 0.0,
    "price_volatility": 0.0,
    "price_change_15m": 0.0,
    "volume_momentum": 0.0
  },
  "token_age_minutes": 180.31451516666667
}