{
  "trade_id": "TRADE_20250123_141945_17",
  "token_address": "94Xg7S1oVLBzx8pihYQzuHMYbJYFbgtcVMzRX5k4pump",
  "token_symbol": "NDA-8203",
  "entry_time": "2025-01-23T17:21:38.996568",
  "entry_price": 8.101871001151094e-06,
  "market_price": 7.045105218392256e-06,
  "position_size": 100,
  "confidence_score": 1.0,
  "features": {
    "momentum_5m": 0.0,
    "momentum_7m": 0.0,
    "trend_acceleration": 0.0,
    "price_volatility": 0.0,
    "price_change_15m": 0.0,
    "volume_momentum": 0.0
  },
  "token_age_minutes": 180.41842351666668
}