{
  "trade_id": "TRADE_20250123_141945_224",
  "token_address": "CfDYXxLGJHpcnLp3WNirwRMDrQwCm45MzUnGjkjGpump",
  "token_symbol": "47",
  "entry_time": "2025-01-23T17:32:21.196426",
  "entry_price": 9.198983833975946e-06,
  "market_price": 7.999116377370388e-06,
  "position_size": 100,
  "confidence_score": 1.0,
  "features": {
    "momentum_5m": 0.0,
    "momentum_7m": 0.0,
    "trend_acceleration": 0.0,
    "price_volatility": 0.0,
    "price_change_15m": 0.0,
    "volume_momentum": 0.0
  },
  "token_age_minutes": 188.28964303333333
}