{
  "trade_id": "TRADE_20250123_141945_2",
  "token_address": "6DuZ5YWTLQiRyagA62EKocnoJnkgM7La44iK9h9ppump",
  "token_symbol": "fran",
  "entry_time": "2025-01-23T17:20:24.200076",
  "entry_price": 8.327935155095156e-06,
  "market_price": 7.241682743561006e-06,
  "position_size": 100,
  "confidence_score": 1.0,
  "features": {
    "momentum_5m": 0.0,
    "momentum_7m": 0.0,
    "trend_acceleration": 0.0,
    "price_volatility": 0.0,
    "price_change_15m": 0.0,
    "volume_momentum": 0.0
  },
  "token_age_minutes": 180.38004631666666
}