{
  "trade_id": "TRADE_20250123_141945_482",
  "token_address": "GS5iu14hhGmGKA8JcH9nPbZmTfrUhwBGhbMULSrZpump",
  "token_symbol": "FOX",
  "entry_time": "2025-01-23T17:39:34.506419",
  "entry_price": 8.05088983094843e-06,
  "market_price": 7.0007737660421135e-06,
  "position_size": 100,
  "confidence_score": 1.0,
  "features": {
    "momentum_5m": 0.0,
    "momentum_7m": 0.0,
    "trend_acceleration": 0.0,
    "price_volatility": 0.0,
    "price_change_15m": 0.0,
    "volume_momentum": 0.0
  },
  "token_age_minutes": 186.36503166666668
}