{
  "trade_id": "TRADE_20250123_141945_790",
  "token_address": "4mBr2knoNeVActdsodPK8v32vNq9gvP97YXxxGvJpump",
  "token_symbol": "JFKFILES",
  "entry_time": "2025-01-23T17:50:32.541595",
  "entry_price": 8.29516776098204e-06,
  "market_price": 7.213189357375687e-06,
  "position_size": 100,
  "confidence_score": 1.0,
  "features": {
    "momentum_5m": 0.0,
    "momentum_7m": 0.0,
    "trend_acceleration": 0.0,
    "price_volatility": 0.0,
    "price_change_15m": 0.0,
    "volume_momentum": 0.0
  },
  "token_age_minutes": 192.74582836666664
}