{
  "trade_id": "TRADE_20250123_141945_1007",
  "token_address": "FPP8xELsBTwHPTYEoG9fNf9WQCBf5zRz41DpuR6tpump",
  "token_symbol": "ELNZNS",
  "entry_time": "2025-01-23T18:02:27.298959",
  "entry_price": 8.53401210930794e-06,
  "market_price": 7.420880095050383e-06,
  "position_size": 100,
  "confidence_score": 1.0,
  "features": {
    "momentum_5m": 0.0,
    "momentum_7m": 0.0,
    "trend_acceleration": 0.0,
    "price_volatility": 0.0,
    "price_change_15m": 0.0,
    "volume_momentum": 0.0
  },
  "token_age_minutes": 181.56646391666666
}