{
  "trade_id": "TRADE_20250123_141945_794",
  "token_address": "6wWnHfzzcvaki4uy5ibt5qogcdYQEFaKt2Z4bSUjpump",
  "token_symbol": "HOBO",
  "entry_time": "2025-01-23T17:50:34.039986",
  "entry_price": 8.763632840599982e-06,
  "market_price": 7.620550296173898e-06,
  "position_size": 100,
  "confidence_score": 1.0,
  "features": {
    "momentum_5m": 0.0,
    "momentum_7m": 0.0,
    "trend_acceleration": 0.0,
    "price_volatility": 0.0,
    "price_change_15m": 0.0,
    "volume_momentum": 0.0
  },
  "token_age_minutes": 185.24214711666667
}