{
  "trade_id": "TRADE_20250123_141945_1004",
  "token_address": "HVvzrditE2NwJsqwiMuhj2sFe555tcGMRuaf9vvXpump",
  "token_symbol": "MBS-VC",
  "entry_time": "2025-01-23T18:01:40.827725",
  "entry_price": 8.453202489053262e-06,
  "market_price": 7.350610860046316e-06,
  "position_size": 100,
  "confidence_score": 1.0,
  "features": {
    "momentum_5m": 0.0,
    "momentum_7m": 0.0,
    "trend_acceleration": 0.0,
    "price_volatility": 0.0,
    "price_change_15m": 0.0,
    "volume_momentum": 0.0
  },
  "token_age_minutes": 194.66270834999997
}