{
  "trade_id": "TRADE_20250123_141945_1228",
  "token_address": "MU91QLke1qNWhou7oiaP1gUErNhejqJCNyEBLDupump",
  "token_symbol": "FAR",
  "entry_time": "2025-01-23T18:19:30.466618",
  "entry_price": 8.462490910257143e-06,
  "market_price": 7.358687748049691e-06,
  "position_size": 100,
  "confidence_score": 1.0,
  "features": {
    "momentum_5m": 0.0,
    "momentum_7m": 0.0,
    "trend_acceleration": 0.0,
    "price_volatility": 0.0,
    "price_change_15m": 0.0,
    "volume_momentum": 0.0
  },
  "token_age_minutes": 186.33140063333335
}