{
  "trade_id": "TRADE_20250123_141945_950",
  "token_address": "J2e3iQtw2GALfVxaZiJk2SB2jAd3Ch8ypTboRU23pump",
  "token_symbol": "FOX",
  "entry_time": "2025-01-23T17:58:40.741689",
  "entry_price": 8.113988135666151e-06,
  "market_price": 7.0556418571010014e-06,
  "position_size": 100,
  "confidence_score": 1.0,
  "features": {
    "momentum_5m": 0.0,
    "momentum_7m": 0.0,
    "trend_acceleration": 0.0,
    "price_volatility": 0.0,
    "price_change_15m": 0.0,
    "volume_momentum": 0.0
  },
  "token_age_minutes": 201.65759106666667
}