{
  "trade_id": "TRADE_20250123_141945_1102",
  "token_address": "6SD7LioeW7nbiNGz3KC8BQmxTDwaxYsPPdBNQP7mpump",
  "token_symbol": "LINKEDIN",
  "entry_time": "2025-01-23T18:07:29.503219",
  "entry_price": 8.126144582655411e-06,
  "market_price": 7.066212680569924e-06,
  "position_size": 100,
  "confidence_score": 1.0,
  "features": {
    "momentum_5m": 0.0,
    "momentum_7m": 0.0,
    "trend_acceleration": 0.0,
    "price_volatility": 0.0,
    "price_change_15m": 0.0,
    "volume_momentum": 0.0
  },
  "token_age_minutes": 203.5767110333333
}