{
  "trade_id": "TRADE_20250123_141945_35",
  "token_address": "EVSR6FSHVn4FMyjEM1XxVTBmpj4hr6z7uLXm1VUBpump",
  "token_symbol": "BtcRev100M",
  "entry_time": "2025-01-23T17:22:38.174919",
  "entry_price": 8.249384912793882e-06,
  "market_price": 7.173378185038159e-06,
  "position_size": 100,
  "confidence_score": 1.0,
  "features": {
    "momentum_5m": 0.0,
    "momentum_7m": 0.0,
    "trend_acceleration": 0.0,
    "price_volatility": 0.0,
    "price_change_15m": 0.0,
    "volume_momentum": 0.0
  },
  "token_age_minutes": 180.9307376333333
}