{
  "trade_id": "TRADE_20250123_141945_811",
  "token_address": "8fjPsrtiwXEyiGZwT7f2BM3r8FhR9UqJzCKAKDscpump",
  "token_symbol": "PLATO",
  "entry_time": "2025-01-23T17:51:30.803514",
  "entry_price": 9.098379782471996e-06,
  "market_price": 7.91163459345391e-06,
  "position_size": 100,
  "confidence_score": 1.0,
  "features": {
    "momentum_5m": 0.0,
    "momentum_7m": 0.0,
    "trend_acceleration": 0.0,
    "price_volatility": 0.0,
    "price_change_15m": 0.0,
    "volume_momentum": 0.0
  },
  "token_age_minutes": 181.39950466666667
}