{
  "trade_id": "TRADE_20250123_141945_798",
  "token_address": "HSxmxsXtZkhf1ifcWH93U1JEkxukTo86Fv53Ugkxpump",
  "token_symbol": "Phonely",
  "entry_time": "2025-01-23T17:51:26.652055",
  "entry_price": 8.241556570014133e-06,
  "market_price": 7.166570930447072e-06,
  "position_size": 100,
  "confidence_score": 1.0,
  "features": {
    "momentum_5m": 0.0,
    "momentum_7m": 0.0,
    "trend_acceleration": 0.0,
    "price_volatility": 0.0,
    "price_change_15m": 0.0,
    "volume_momentum": 0.0
  },
  "token_age_minutes": 199.51226690000001
}