{
  "trade_id": "TRADE_20250123_141945_1063",
  "token_address": "9ePeN3xmtxQz6ar56tv4SD2SNMnkzy3Pk19SD7ukpump",
  "token_symbol": "MOONGABARA",
  "entry_time": "2025-01-23T18:05:38.377630",
  "entry_price": 8.033439508493206e-06,
  "market_price": 6.985599572602789e-06,
  "position_size": 100,
  "confidence_score": 1.0,
  "features": {
    "momentum_5m": 0.0,
    "momentum_7m": 0.0,
    "trend_acceleration": 0.0,
    "price_volatility": 0.0,
    "price_change_15m": 0.0,
    "volume_momentum": 0.0
  },
  "token_age_minutes": 220.46480581666668
}