{
  "trade_id": "TRADE_20250123_141945_535",
  "token_address": "FC9vaXQtKEdU4pm2XeXvdpuH2Vw8DdPtn2mFn2qrpump",
  "token_symbol": "NDAS",
  "entry_time": "2025-01-23T17:40:40.424212",
  "entry_price": 7.982469886040888e-06,
  "market_price": 6.941278161774686e-06,
  "position_size": 100,
  "confidence_score": 1.0,
  "features": {
    "momentum_5m": 0.0,
    "momentum_7m": 0.0,
    "trend_acceleration": 0.0,
    "price_volatility": 0.0,
    "price_change_15m": 0.0,
    "volume_momentum": 0.0
  },
  "token_age_minutes": 180.04547536666666
}