{
  "trade_id": "TRADE_20250123_141945_563",
  "token_address": "BWAyBvVd5UuWfUcwArs1y8E573WNbxsW6ig5cmJpump",
  "token_symbol": "SSSR",
  "entry_time": "2025-01-23T17:42:25.016490",
  "entry_price": 8.535845272342941e-06,
  "market_price": 7.422474149863427e-06,
  "position_size": 100,
  "confidence_score": 1.0,
  "features": {
    "momentum_5m": 0.0,
    "momentum_7m": 0.0,
    "trend_acceleration": 0.0,
    "price_volatility": 0.0,
    "price_change_15m": 0.0,
    "volume_momentum": 0.0
  },
  "token_age_minutes": 200.3793414333333
}