{
  "trade_id": "TRADE_20250123_141945_477",
  "token_address": "HFjDY75zCrC9GZSKcE54j8o8oxeVfSdP4528pxcCpump",
  "token_symbol": "ACTSNDA",
  "entry_time": "2025-01-23T17:39:33.768170",
  "entry_price": 8.300222158669563e-06,
  "market_price": 7.217584485799621e-06,
  "position_size": 100,
  "confidence_score": 1.0,
  "features": {
    "momentum_5m": 0.0,
    "momentum_7m": 0.0,
    "trend_acceleration": 0.0,
    "price_volatility": 0.0,
    "price_change_15m": 0.0,
    "volume_momentum": 0.0
  },
  "token_age_minutes": 180.52022101666668
}