{
  "trade_id": "TRADE_20250123_141945_453",
  "token_address": "3hZihS2WG9YN26T7v82UDRvxXqLwdTSmyZtnbLfdpump",
  "token_symbol": "RPO",
  "entry_time": "2025-01-23T17:38:37.230560",
  "entry_price": 8.124852547629068e-06,
  "market_price": 7.065089171851365e-06,
  "position_size": 100,
  "confidence_score": 1.0,
  "features": {
    "momentum_5m": 0.0,
    "momentum_7m": 0.0,
    "trend_acceleration": 0.0,
    "price_volatility": 0.0,
    "price_change_15m": 0.0,
    "volume_momentum": 0.0
  },
  "token_age_minutes": 187.73584408333332
}