{
  "trade_id": "TRADE_20250123_141945_953",
  "token_address": "BEr7QF9m52bG4wbPve1GXXzURXz7uTDXjc67HRSrpump",
  "token_symbol": "MPTM",
  "entry_time": "2025-01-23T17:58:41.691728",
  "entry_price": 8.306370048089047e-06,
  "market_price": 7.222930476599172e-06,
  "position_size": 100,
  "confidence_score": 1.0,
  "features": {
    "momentum_5m": 0.0,
    "momentum_7m": 0.0,
    "trend_acceleration": 0.0,
    "price_volatility": 0.0,
    "price_change_15m": 0.0,
    "volume_momentum": 0.0
  },
  "token_age_minutes": 189.59562283333335
}