{
  "trade_id": "TRADE_20250123_141945_462",
  "token_address": "B7xJJ52VXXsBxDNS28awZXt7TPmqTAm44VCeJgb4pump",
  "token_symbol": "STOCK",
  "entry_time": "2025-01-23T17:39:25.421947",
  "entry_price": 8.327823813289389e-06,
  "market_price": 7.241585924599469e-06,
  "position_size": 100,
  "confidence_score": 1.0,
  "features": {
    "momentum_5m": 0.0,
    "momentum_7m": 0.0,
    "trend_acceleration": 0.0,
    "price_volatility": 0.0,
    "price_change_15m": 0.0,
    "volume_momentum": 0.0
  },
  "token_age_minutes": 186.46887911666667
}