{
  "trade_id": "TRADE_20250123_141945_1213",
  "token_address": "A3u5TdbqTDQRvHMC1JAk8J8SuSQqqRp7AuJXjijwpump",
  "token_symbol": "DFT",
  "entry_time": "2025-01-23T18:17:39.836030",
  "entry_price": 8.056038759680922e-06,
  "market_price": 7.005251095374715e-06,
  "position_size": 100,
  "confidence_score": 1.0,
  "features": {
    "momentum_5m": 0.0,
    "momentum_7m": 0.0,
    "trend_acceleration": 0.0,
    "price_volatility": 0.0,
    "price_change_15m": 0.0,
    "volume_momentum": 0.0
  },
  "token_age_minutes": 210.30684956666667
}