{
  "trade_id": "TRADE_20250123_141945_44",
  "token_address": "6GDCyTkugoN8cWq5iqLqScjAZSN5qnFwbowS28qPpump",
  "token_symbol": "KEWRG",
  "entry_time": "2025-01-23T17:23:32.479464",
  "entry_price": 8.254591674735625e-06,
  "market_price": 7.177905804117935e-06,
  "position_size": 100,
  "confidence_score": 1.0,
  "features": {
    "momentum_5m": 0.0,
    "momentum_7m": 0.0,
    "trend_acceleration": 0.0,
    "price_volatility": 0.0,
    "price_change_15m": 0.0,
    "volume_momentum": 0.0
  },
  "token_age_minutes": 181.15432808333335
}