{
  "trade_id": "TRADE_20250123_141945_1267",
  "token_address": "CQajJX7PdEseaKhZo9jfUfqg75aQtqAY7ZkDW5xmpump",
  "token_symbol": "8Bit",
  "entry_time": "2025-01-23T18:23:33.988042",
  "entry_price": 8.338551127857524e-06,
  "market_price": 7.250914024223934e-06,
  "position_size": 100,
  "confidence_score": 1.0,
  "features": {
    "momentum_5m": 0.0,
    "momentum_7m": 0.0,
    "trend_acceleration": 0.0,
    "price_volatility": 0.0,
    "price_change_15m": 0.0,
    "volume_momentum": 0.0
  },
  "token_age_minutes": 216.39362113333334
}