{
  "trade_id": "TRADE_20250123_141945_951",
  "token_address": "BzpfxWP4zz5D785Ppdn7nF6TZn3Ye8qeTN7AaVD4pump",
  "token_symbol": "0CBDC",
  "entry_time": "2025-01-23T17:58:40.759728",
  "entry_price": 8.318532684206895e-06,
  "market_price": 7.23350668191904e-06,
  "position_size": 100,
  "confidence_score": 1.0,
  "features": {
    "momentum_5m": 0.0,
    "momentum_7m": 0.0,
    "trend_acceleration": 0.0,
    "price_volatility": 0.0,
    "price_change_15m": 0.0,
    "volume_momentum": 0.0
  },
  "token_age_minutes": 190.3220401833333
}