{
  "trade_id": "TRADE_20250123_141945_315",
  "token_address": "5axipHqKwvxdY6p1P6a88fER112BaRBnjs9gcetypump",
  "token_symbol": "QUANT",
  "entry_time": "2025-01-23T17:34:34.974359",
  "entry_price": 8.249163010520345e-06,
  "market_price": 7.173185226539431e-06,
  "position_size": 100,
  "confidence_score": 1.0,
  "features": {
    "momentum_5m": 0.0,
    "momentum_7m": 0.0,
    "trend_acceleration": 0.0,
    "price_volatility": 0.0,
    "price_change_15m": 0.0,
    "volume_momentum": 0.0
  },
  "token_age_minutes": 180.47026353333334
}