{
  "trade_id": "TRADE_20250123_141945_238",
  "token_address": "GGjUZ47aWNTTF2rLcB1x2DZer5HvXV3KeBW5zEFFpump",
  "token_symbol": "NATO",
  "entry_time": "2025-01-23T17:32:24.738223",
  "entry_price": 8.250505129958038e-06,
  "market_price": 7.174352286920034e-06,
  "position_size": 100,
  "confidence_score": 1.0,
  "features": {
    "momentum_5m": 0.0,
    "momentum_7m": 0.0,
    "trend_acceleration": 0.0,
    "price_volatility": 0.0,
    "price_change_15m": 0.0,
    "volume_momentum": 0.0
  },
  "token_age_minutes": 189.69325901666667
}