{
  "trade_id": "TRADE_20250123_141945_1281",
  "token_address": "8juUDtP51GjZo6GF1HUdauqweyUXKy7YmfbXzsQqpump",
  "token_symbol": "CFT",
  "entry_time": "2025-01-23T18:23:42.385810",
  "entry_price": 8.358826137141808e-06,
  "market_price": 7.268544467079833e-06,
  "position_size": 100,
  "confidence_score": 1.0,
  "features": {
    "momentum_5m": 0.0,
    "momentum_7m": 0.0,
    "trend_acceleration": 0.0,
    "price_volatility": 0.0,
    "price_change_15m": 0.0,
    "volume_momentum": 0.0
  },
  "token_age_minutes": 187.45385791666666
}