{
  "trade_id": "TRADE_20250123_141945_936",
  "token_address": "r322iCiPXQPUjciEXWWLCrVE8wT69vJDmZ4tZk9pump",
  "token_symbol": "PNUTO",
  "entry_time": "2025-01-23T17:57:39.970075",
  "entry_price": 8.290668457105358e-06,
  "market_price": 7.209276919222051e-06,
  "position_size": 100,
  "confidence_score": 1.0,
  "features": {
    "momentum_5m": 0.0,
    "momentum_7m": 0.0,
    "trend_acceleration": 0.0,
    "price_volatility": 0.0,
    "price_change_15m": 0.0,
    "volume_momentum": 0.0
  },
  "token_age_minutes": 209.95250693333335
}