{
  "trade_id": "TRADE_20250123_141945_150",
  "token_address": "EKjzB7psysm4Q2LsUznrmWcEx2QgnFnymS8LFE6spump",
  "token_symbol": "BEAST\u2705",
  "entry_time": "2025-01-23T17:29:35.910871",
  "entry_price": 8.28302141849075e-06,
  "market_price": 7.20262732042674e-06,
  "position_size": 100,
  "confidence_score": 1.0,
  "features": {
    "momentum_5m": 0.0,
    "momentum_7m": 0.0,
    "trend_acceleration": 0.0,
    "price_volatility": 0.0,
    "price_change_15m": 0.0,
    "volume_momentum": 0.0
  },
  "token_age_minutes": 186.99087188333334
}