{
  "trade_id": "TRADE_20250123_141945_197",
  "token_address": "CQyoz2geh618VEM868Xu2gMWX1tMS36vPrVpB5MXpump",
  "token_symbol": "FS",
  "entry_time": "2025-01-23T17:31:23.989974",
  "entry_price": 8.245994164378874e-06,
  "market_price": 7.170429708155543e-06,
  "position_size": 100,
  "confidence_score": 1.0,
  "features": {
    "momentum_5m": 0.0,
    "momentum_7m": 0.0,
    "trend_acceleration": 0.0,
    "price_volatility": 0.0,
    "price_change_15m": 0.0,
    "volume_momentum": 0.0
  },
  "token_age_minutes": 180.71063181666665
}