{
  "trade_id": "TRADE_20250123_141945_549",
  "token_address": "9h7fvRahCT6swvMm7UGUAxE3Td3VSAaWZGfTNFiMpump",
  "token_symbol": "Insta",
  "entry_time": "2025-01-23T17:41:29.438953",
  "entry_price": 8.252806606615532e-06,
  "market_price": 7.176353570970028e-06,
  "position_size": 100,
  "confidence_score": 1.0,
  "features": {
    "momentum_5m": 0.0,
    "momentum_7m": 0.0,
    "trend_acceleration": 0.0,
    "price_volatility": 0.0,
    "price_change_15m": 0.0,
    "volume_momentum": 0.0
  },
  "token_age_minutes": 187.52112828333333
}