{
  "trade_id": "TRADE_20250123_141945_933",
  "token_address": "8ujLCa6yww4S2X11PpR73Ti28gVwumBge2o5iaXkpump",
  "token_symbol": "Neuro",
  "entry_time": "2025-01-23T17:57:39.151327",
  "entry_price": 7.951659734788857e-06,
  "market_price": 6.914486725903355e-06,
  "position_size": 100,
  "confidence_score": 1.0,
  "features": {
    "momentum_5m": 0.0,
    "momentum_7m": 0.0,
    "trend_acceleration": 0.0,
    "price_volatility": 0.0,
    "price_change_15m": 0.0,
    "volume_momentum": 0.0
  },
  "token_age_minutes": 195.33489488333333
}