{
  "trade_id": "TRADE_20250123_141945_125",
  "token_address": "HQxE3zhbLg3Hwtavaf2HXeiywQjxbUpaYo4v29Tfpump",
  "token_symbol": "PODCAS",
  "entry_time": "2025-01-23T17:28:22.314616",
  "entry_price": 8.214740027367947e-06,
  "market_price": 7.143252197711259e-06,
  "position_size": 100,
  "confidence_score": 1.0,
  "features": {
    "momentum_5m": 0.0,
    "momentum_7m": 0.0,
    "trend_acceleration": 0.0,
    "price_volatility": 0.0,
    "price_change_15m": 0.0,
    "volume_momentum": 0.0
  },
  "token_age_minutes": 180.91374863333334
}