{
  "trade_id": "TRADE_20250123_141945_584",
  "token_address": "849UXkELLcTV8F5N5AaA5q5xxkGvUhDsimVhYbVBpump",
  "token_symbol": "8888AI",
  "entry_time": "2025-01-23T17:42:37.475421",
  "entry_price": 7.977994648428913e-06,
  "market_price": 6.9373866508077504e-06,
  "position_size": 100,
  "confidence_score": 1.0,
  "features": {
    "momentum_5m": 0.0,
    "momentum_7m": 0.0,
    "trend_acceleration": 0.0,
    "price_volatility": 0.0,
    "price_change_15m": 0.0,
    "volume_momentum": 0.0
  },
  "token_age_minutes": 184.14916618333334
}