{
  "trade_id": "TRADE_20250123_141945_853",
  "token_address": "AwbAp4D42K28FdNTPUVMTUmm78DuAeFwQXR9FqX3pump",
  "token_symbol": "SLICE",
  "entry_time": "2025-01-23T17:52:31.183891",
  "entry_price": 0.0007416421292833141,
  "market_price": 0.0006449061993767949,
  "position_size": 100,
  "confidence_score": 1.0,
  "features": {
    "momentum_5m": 0.0216259595813153,
    "momentum_7m": -0.25469227403255457,
    "trend_acceleration": 0.02968167435047524,
    "price_volatility": 0.0733673899843333,
    "price_change_15m": -0.25469227403255457,
    "volume_momentum": 0.0019129868554843554
  },
  "token_age_minutes": 209.9172852
}