{
  "trade_id": "TRADE_20250123_141945_717",
  "token_address": "YPJE22QVj1tbunr7UbvtgkyY87isdjpzC9RsRBCpump",
  "token_symbol": "NDAS",
  "entry_time": "2025-01-23T17:47:36.123001",
  "entry_price": 8.226624191202598e-06,
  "market_price": 7.1535862532196505e-06,
  "position_size": 100,
  "confidence_score": 1.0,
  "features": {
    "momentum_5m": 0.0,
    "momentum_7m": 0.0,
    "trend_acceleration": 0.0,
    "price_volatility": 0.0,
    "price_change_15m": 0.0,
    "volume_momentum": 0.0
  },
  "token_age_minutes": 189.26119271666667
}