{
  "trade_id": "TRADE_20250123_141945_1239",
  "token_address": "GD63cDgemRo4XALH5zCxzNDcLLGXN5hRii9CtcwPpump",
  "token_symbol": "Pt",
  "entry_time": "2025-01-23T18:19:45.853360",
  "entry_price": 8.271582394611154e-06,
  "market_price": 7.192680343140134e-06,
  "position_size": 100,
  "confidence_score": 1.0,
  "features": {
    "momentum_5m": 0.0,
    "momentum_7m": 0.0,
    "trend_acceleration": 0.0,
    "price_volatility": 0.0,
    "price_change_15m": 0.0,
    "volume_momentum": 0.0
  },
  "token_age_minutes": 238.89060363333334
}