{
  "trade_id": "TRADE_20250123_141945_1179",
  "token_address": "CQyggs9T76s2hNTXS5MVm9NSEPAtuVBtpZCVSMapump",
  "token_symbol": "NDAS",
  "entry_time": "2025-01-23T18:15:34.827625",
  "entry_price": 7.869261854903802e-06,
  "market_price": 6.842836395568524e-06,
  "position_size": 100,
  "confidence_score": 1.0,
  "features": {
    "momentum_5m": 0.0,
    "momentum_7m": 0.0,
    "trend_acceleration": 0.0,
    "price_volatility": 0.0,
    "price_change_15m": 0.0,
    "volume_momentum": 0.0
  },
  "token_age_minutes": 209.5783473333333
}