{
  "trade_id": "TRADE_20250123_141945_1031",
  "token_address": "FVxFDtZZV3r5vokDnj4ychgFMkB78DtitNKCV256pump",
  "token_symbol": "SOLANA",
  "entry_time": "2025-01-23T18:04:32.264286",
  "entry_price": 8.25970119787925e-06,
  "market_price": 7.182348867721089e-06,
  "position_size": 100,
  "confidence_score": 1.0,
  "features": {
    "momentum_5m": 0.0,
    "momentum_7m": 0.0,
    "trend_acceleration": 0.0,
    "price_volatility": 0.0,
    "price_change_15m": 0.0,
    "volume_momentum": 0.0
  },
  "token_age_minutes": 208.15243668333332
}