{
  "trade_id": "TRADE_20250123_141945_975",
  "token_address": "9MfhYx8cGRWV1qQh2sToZcafWqfJdgad9Y7zwh42pump",
  "token_symbol": "SBRPRO",
  "entry_time": "2025-01-23T17:59:35.969122",
  "entry_price": 8.308505469359576e-06,
  "market_price": 7.224787364660502e-06,
  "position_size": 100,
  "confidence_score": 1.0,
  "features": {
    "momentum_5m": 0.0,
    "momentum_7m": 0.0,
    "trend_acceleration": 0.0,
    "price_volatility": 0.0,
    "price_change_15m": 0.0,
    "volume_momentum": 0.0
  },
  "token_age_minutes": 204.85733491666667
}