{
  "trade_id": "TRADE_20250123_141945_686",
  "token_address": "zRzzNwHD2ggYi2uSHXyGNwW8C56Vb7qFEjgqSvBpump",
  "token_symbol": "stinky",
  "entry_time": "2025-01-23T17:46:26.653004",
  "entry_price": 1.0406624313145425e-05,
  "market_price": 9.049238533169936e-06,
  "position_size": 100,
  "confidence_score": 1.0,
  "features": {
    "momentum_5m": 0.0,
    "momentum_7m": 0.0,
    "trend_acceleration": 0.0010238915473381183,
    "price_volatility": 0.0,
    "price_change_15m": -0.0020477830946762365,
    "volume_momentum": 0.0
  },
  "token_age_minutes": 200.16260253333334
}