{
  "trade_id": "TRADE_20250123_141945_601",
  "token_address": "5b5HpNRaKwLc7m7yWwpXaR29gFrTGPA35qgB1ZKipump",
  "token_symbol": "TRADING",
  "entry_time": "2025-01-23T17:43:31.497212",
  "entry_price": 8.418505473120832e-06,
  "market_price": 7.320439541844202e-06,
  "position_size": 100,
  "confidence_score": 1.0,
  "features": {
    "momentum_5m": 0.0,
    "momentum_7m": 0.0,
    "trend_acceleration": 0.0,
    "price_volatility": 0.0,
    "price_change_15m": 0.0,
    "volume_momentum": 0.0
  },
  "token_age_minutes": 181.40079803333336
}