{
  "trade_id": "TRADE_20250123_141945_392",
  "token_address": "4qBmDPKChw7WfoM5JQ4BuDBuhKtVFkszeoAioA3Bpump",
  "token_symbol": "NDAS",
  "entry_time": "2025-01-23T17:37:30.954900",
  "entry_price": 8.498213060315598e-06,
  "market_price": 7.389750487230956e-06,
  "position_size": 100,
  "confidence_score": 1.0,
  "features": {
    "momentum_5m": 0.0,
    "momentum_7m": 0.0,
    "trend_acceleration": 0.0,
    "price_volatility": 0.0,
    "price_change_15m": 0.0,
    "volume_momentum": 0.0
  },
  "token_age_minutes": 183.06159563333333
}