{
  "trade_id": "TRADE_20250123_141945_810",
  "token_address": "Gj1nU9YLmYvwC4PZoQjhWq3882ypKkPd4u3Txo7Bpump",
  "token_symbol": "ASG",
  "entry_time": "2025-01-23T17:51:30.783515",
  "entry_price": 8.5891137298443e-06,
  "market_price": 7.468794547690696e-06,
  "position_size": 100,
  "confidence_score": 1.0,
  "features": {
    "momentum_5m": 0.0,
    "momentum_7m": 0.0,
    "trend_acceleration": 0.0,
    "price_volatility": 0.0,
    "price_change_15m": 0.0,
    "volume_momentum": 0.0
  },
  "token_age_minutes": 195.58181696666668
}