{
  "trade_id": "TRADE_20250123_141945_945",
  "token_address": "DaJv3MDLGjboTt9qpbXFVw62GnzVq4asaM6uVyK3pump",
  "token_symbol": "SNDAS",
  "entry_time": "2025-01-23T17:58:33.825078",
  "entry_price": 6.236669513139018e-06,
  "market_price": 5.423190880990451e-06,
  "position_size": 100,
  "confidence_score": 1.0,
  "features": {
    "momentum_5m": 0.0,
    "momentum_7m": 0.0,
    "trend_acceleration": 0.0,
    "price_volatility": 0.0,
    "price_change_15m": 0.0,
    "volume_momentum": 0.0
  },
  "token_age_minutes": 190.21671268333333
}