{
  "trade_id": "TRADE_20250123_141945_663",
  "token_address": "A4reCTbrTQy9CxVKNGdFYoAFVRa5LW3XqJXr8m9dpump",
  "token_symbol": "RTRS",
  "entry_time": "2025-01-23T17:45:29.098588",
  "entry_price": 8.233271775551925e-06,
  "market_price": 7.159366761349501e-06,
  "position_size": 100,
  "confidence_score": 1.0,
  "features": {
    "momentum_5m": 0.0,
    "momentum_7m": 0.0,
    "trend_acceleration": 0.0,
    "price_volatility": 0.0,
    "price_change_15m": 0.0,
    "volume_momentum": 0.0
  },
  "token_age_minutes": 199.32465993333332
}