{
  "trade_id": "TRADE_20250123_141945_140",
  "token_address": "2rjniE9ELrp6Gn5coTTKGmgR65wWpxhrg1F18tWzpump",
  "token_symbol": "DECAI",
  "entry_time": "2025-01-23T17:29:23.667076",
  "entry_price": 8.19556428305288e-06,
  "market_price": 7.126577637437287e-06,
  "position_size": 100,
  "confidence_score": 1.0,
  "features": {
    "momentum_5m": 0.0,
    "momentum_7m": 0.0,
    "trend_acceleration": 0.0,
    "price_volatility": 0.0,
    "price_change_15m": 0.0,
    "volume_momentum": 0.0
  },
  "token_age_minutes": 184.41433448333333
}