{
  "trade_id": "TRADE_20250123_141945_675",
  "token_address": "581aCEDesavPvjTKAkEXDETVPCKczGB8tzK7FU96pump",
  "token_symbol": "ARCAII",
  "entry_time": "2025-01-23T17:45:38.282544",
  "entry_price": 8.254766791756905e-06,
  "market_price": 7.178058079788614e-06,
  "position_size": 100,
  "confidence_score": 1.0,
  "features": {
    "momentum_5m": 0.0,
    "momentum_7m": 0.0,
    "trend_acceleration": 0.0,
    "price_volatility": 0.0,
    "price_change_15m": 0.0,
    "volume_momentum": 0.0
  },
  "token_age_minutes": 180.68513631666667
}