{
  "trade_id": "TRADE_20250123_141945_97",
  "token_address": "7FRaFNRvbL5K9hdWxRLUJiJwk5p2uT5HWKT8jY7ppump",
  "token_symbol": "NDAS",
  "entry_time": "2025-01-23T17:26:24.521760",
  "entry_price": 8.383206105518065e-06,
  "market_price": 7.289744439580926e-06,
  "position_size": 100,
  "confidence_score": 1.0,
  "features": {
    "momentum_5m": 0.0,
    "momentum_7m": 0.0,
    "trend_acceleration": 0.0,
    "price_volatility": 0.0,
    "price_change_15m": 0.0,
    "volume_momentum": 0.0
  },
  "token_age_minutes": 180.17686061666666
}