{
  "trade_id": "TRADE_20250123_141945_640",
  "token_address": "2aST9nAM12XJGKowBb1tCkTSeHzZQwaDiY663fGapump",
  "token_symbol": "CUBAN",
  "entry_time": "2025-01-23T17:44:32.846975",
  "entry_price": 8.255571923677106e-06,
  "market_price": 7.178758194501833e-06,
  "position_size": 100,
  "confidence_score": 1.0,
  "features": {
    "momentum_5m": 0.0,
    "momentum_7m": 0.0,
    "trend_acceleration": 0.0,
    "price_volatility": 0.0,
    "price_change_15m": 0.0,
    "volume_momentum": 0.0
  },
  "token_age_minutes": 190.25634503333333
}