{
  "trade_id": "TRADE_20250123_141945_978",
  "token_address": "HM97TFzGY4WbX34SrkgqJ31ERvDotJqCCjBXkcjfpump",
  "token_symbol": "NDMS",
  "entry_time": "2025-01-23T17:59:36.707122",
  "entry_price": 8.20283715118517e-06,
  "market_price": 7.132901870595801e-06,
  "position_size": 100,
  "confidence_score": 1.0,
  "features": {
    "momentum_5m": 0.0,
    "momentum_7m": 0.0,
    "trend_acceleration": 0.0,
    "price_volatility": 0.0,
    "price_change_15m": 0.0,
    "volume_momentum": 0.0
  },
  "token_age_minutes": 195.41694809999998
}