{
  "trade_id": "TRADE_20250123_141945_610",
  "token_address": "GZkj3Eb24HAP7PpEk8MzfDTqamyrigF78FBCQbSdpump",
  "token_symbol": "MM",
  "entry_time": "2025-01-23T17:43:38.505278",
  "entry_price": 8.17832525760879e-06,
  "market_price": 7.111587180529384e-06,
  "position_size": 100,
  "confidence_score": 1.0,
  "features": {
    "momentum_5m": 0.0,
    "momentum_7m": 0.0,
    "trend_acceleration": 0.0,
    "price_volatility": 0.0,
    "price_change_15m": 0.0,
    "volume_momentum": 0.0
  },
  "token_age_minutes": 202.10145251666665
}