{
  "trade_id": "TRADE_20250123_141945_852",
  "token_address": "6aWLTk43y3LshJeiZutrTqj3Kcx1hBGaLxu2cixtpump",
  "token_symbol": "JFKFILES",
  "entry_time": "2025-01-23T17:52:30.033397",
  "entry_price": 8.250530396140657e-06,
  "market_price": 7.174374257513615e-06,
  "position_size": 100,
  "confidence_score": 1.0,
  "features": {
    "momentum_5m": 0.0,
    "momentum_7m": 0.0,
    "trend_acceleration": 0.0,
    "price_volatility": 0.0,
    "price_change_15m": 0.0,
    "volume_momentum": 0.0
  },
  "token_age_minutes": 189.39083991666666
}