{
  "trade_id": "TRADE_20250123_141945_465",
  "token_address": "H4A525Nqg5jPW2QZpiJrdswFWESZTem92map9EJkpump",
  "token_symbol": "NDAS",
  "entry_time": "2025-01-23T17:39:26.126891",
  "entry_price": 1.0366146298768724e-05,
  "market_price": 9.014040259798891e-06,
  "position_size": 100,
  "confidence_score": 1.0,
  "features": {
    "momentum_5m": 0.0,
    "momentum_7m": 0.0,
    "trend_acceleration": 0.013233409096651827,
    "price_volatility": 0.0,
    "price_change_15m": -0.026466818193303654,
    "volume_momentum": 0.0
  },
  "token_age_minutes": 185.70253043333332
}