{
  "trade_id": "TRADE_20250123_141945_403",
  "token_address": "Fikg3DAqaxA5ntG6j4e2uaG8XXeRgjgqBH3RHY4pump",
  "token_symbol": "PMPLEUMM",
  "entry_time": "2025-01-23T17:37:34.644746",
  "entry_price": 8.29227263474243e-06,
  "market_price": 7.210671856297767e-06,
  "position_size": 100,
  "confidence_score": 1.0,
  "features": {
    "momentum_5m": 0.0,
    "momentum_7m": 0.0,
    "trend_acceleration": 0.0,
    "price_volatility": 0.0,
    "price_change_15m": 0.0,
    "volume_momentum": 0.0
  },
  "token_age_minutes": 189.11075441666665
}