{
  "trade_id": "TRADE_20250123_141945_859",
  "token_address": "C5Fnf2uUaTeetaG28JgTAYxGGoywyZevdypgZSQqpump",
  "token_symbol": null,
  "entry_time": "2025-01-23T17:52:40.346336",
  "entry_price": 0.004423811197886038,
  "market_price": 0.0038467923459878594,
  "position_size": 100,
  "confidence_score": 1.0,
  "features": {
    "momentum_5m": 0.02447531644553891,
    "momentum_7m": 0.02447531644553891,
    "trend_acceleration": 0.11678362186665037,
    "price_volatility": 0.039487814004014625,
    "price_change_15m": -0.17561049544755558,
    "volume_momentum": 0.0007107217213322414
  },
  "token_age_minutes": 190.38461891666665
}