{
  "trade_id": "TRADE_20250123_141945_236",
  "token_address": "BSVUzBjkgWNHcg96E8GZAFPgz5kNk4HQ7vMDdEeypump",
  "token_symbol": "NDA-8203",
  "entry_time": "2025-01-23T17:32:22.515821",
  "entry_price": 8.294841888444032e-06,
  "market_price": 7.212905989951332e-06,
  "position_size": 100,
  "confidence_score": 1.0,
  "features": {
    "momentum_5m": 0.0,
    "momentum_7m": 0.0,
    "trend_acceleration": 0.0,
    "price_volatility": 0.0,
    "price_change_15m": 0.0,
    "volume_momentum": 0.0
  },
  "token_age_minutes": 189.2270778333333
}