{
  "trade_id": "TRADE_20250123_141945_62",
  "token_address": "121LrYAV14bjQZxnpqaoXfYXEJGBsP5ex8dRrrDnpump",
  "token_symbol": "DTJ",
  "entry_time": "2025-01-23T17:24:33.807189",
  "entry_price": 8.274155714172738e-06,
  "market_price": 7.194918012324121e-06,
  "position_size": 100,
  "confidence_score": 1.0,
  "features": {
    "momentum_5m": 0.0,
    "momentum_7m": 0.0,
    "trend_acceleration": 0.0,
    "price_volatility": 0.0,
    "price_change_15m": 0.0,
    "volume_momentum": 0.0
  },
  "token_age_minutes": 180.34777586666667
}