{
  "trade_id": "TRADE_20250123_141945_326",
  "token_address": "GKkepYnQt1LocarHvYeSDXMefrzrz7Y4eXWks5g8pump",
  "token_symbol": "DREAM",
  "entry_time": "2025-01-23T17:35:26.754758",
  "entry_price": 8.161789974120709e-06,
  "market_price": 7.0972086731484425e-06,
  "position_size": 100,
  "confidence_score": 1.0,
  "features": {
    "momentum_5m": 0.0,
    "momentum_7m": 0.0,
    "trend_acceleration": 0.0,
    "price_volatility": 0.0,
    "price_change_15m": 0.0,
    "volume_momentum": 0.0
  },
  "token_age_minutes": 181.00159751666666
}