{
  "trade_id": "TRADE_20250123_141945_1012",
  "token_address": "3UHuHdKeWQpsje4ErLf1oqXDSaLJW3iLzkHTy3VVpump",
  "token_symbol": "LFG",
  "entry_time": "2025-01-23T18:02:41.462405",
  "entry_price": 8.03292122747536e-06,
  "market_price": 6.985148893456835e-06,
  "position_size": 100,
  "confidence_score": 1.0,
  "features": {
    "momentum_5m": 0.0,
    "momentum_7m": 0.0,
    "trend_acceleration": 0.0,
    "price_volatility": 0.0,
    "price_change_15m": 0.0,
    "volume_momentum": 0.0
  },
  "token_age_minutes": 185.73347966666668
}