{
  "trade_id": "TRADE_20250123_141945_1233",
  "token_address": "D9NTqPRgk6BCQPrtj1xUdmrJU3B61mFCjraDWQk9pump",
  "token_symbol": "Dca",
  "entry_time": "2025-01-23T18:19:37.555896",
  "entry_price": 8.290836646341222e-06,
  "market_price": 7.2094231707314984e-06,
  "position_size": 100,
  "confidence_score": 1.0,
  "features": {
    "momentum_5m": 0.0,
    "momentum_7m": 0.0,
    "trend_acceleration": 0.0,
    "price_volatility": 0.0,
    "price_change_15m": 0.0,
    "volume_momentum": 0.0
  },
  "token_age_minutes": 211.49689834999998
}