{
  "trade_id": "TRADE_20250123_141945_836",
  "token_address": "5q6K86oSbhVqkgZqbu3HAHTe5U8FkYsRmhpsj6Pupump",
  "token_symbol": "SDCA",
  "entry_time": "2025-01-23T17:51:41.034763",
  "entry_price": 8.045776848458764e-06,
  "market_price": 6.996327694311969e-06,
  "position_size": 100,
  "confidence_score": 1.0,
  "features": {
    "momentum_5m": 0.0,
    "momentum_7m": 0.0,
    "trend_acceleration": 0.0,
    "price_volatility": 0.0,
    "price_change_15m": 0.0,
    "volume_momentum": 0.0
  },
  "token_age_minutes": 190.11277556666667
}