{
  "trade_id": "TRADE_20250123_141945_1240",
  "token_address": "GfinCANEEcJJ4M442vuhSjX4DfZitTcsuE7ev3Jhpump",
  "token_symbol": "Skibidi",
  "entry_time": "2025-01-23T18:20:30.159478",
  "entry_price": 7.969936014584113e-06,
  "market_price": 6.93037914311662e-06,
  "position_size": 100,
  "confidence_score": 1.0,
  "features": {
    "momentum_5m": 0.0,
    "momentum_7m": 0.0,
    "trend_acceleration": 0.0,
    "price_volatility": 0.0,
    "price_change_15m": 0.0,
    "volume_momentum": 0.0
  },
  "token_age_minutes": 197.48168831666666
}