{
  "trade_id": "TRADE_20250123_141945_57",
  "token_address": "9Q9oQDfomwU9YWKEBiRf1ZCLwrExxbf39a8RGKapump",
  "token_symbol": "HSC",
  "entry_time": "2025-01-23T17:24:30.339604",
  "entry_price": 8.267135281783965e-06,
  "market_price": 7.188813288507797e-06,
  "position_size": 100,
  "confidence_score": 1.0,
  "features": {
    "momentum_5m": 0.0,
    "momentum_7m": 0.0,
    "trend_acceleration": 0.0,
    "price_volatility": 0.0,
    "price_change_15m": 0.0,
    "volume_momentum": 0.0
  },
  "token_age_minutes": 181.03513826666668
}