{
  "trade_id": "TRADE_20250123_141945_888",
  "token_address": "BPaRR6fdF9TRbEybJnjjU9QJZA6nGCmt9Uk3Kpbxpump",
  "token_symbol": "AIVATAR",
  "entry_time": "2025-01-23T17:56:25.096436",
  "entry_price": 8.309373095472287e-06,
  "market_price": 7.225541822149815e-06,
  "position_size": 100,
  "confidence_score": 1.0,
  "features": {
    "momentum_5m": 0.0,
    "momentum_7m": 0.0,
    "trend_acceleration": 0.0,
    "price_volatility": 0.0,
    "price_change_15m": 0.0,
    "volume_momentum": 0.0
  },
  "token_age_minutes": 204.88914306666666
}