{
  "trade_id": "TRADE_20250123_141945_1026",
  "token_address": "7Ny93DbkwpbjcXmD4DG2giWHVYzJoj3rF7rLVWPFpump",
  "token_symbol": "AI Agents",
  "entry_time": "2025-01-23T18:04:31.203643",
  "entry_price": 7.98493340484297e-06,
  "market_price": 6.943420352037366e-06,
  "position_size": 100,
  "confidence_score": 1.0,
  "features": {
    "momentum_5m": 0.0,
    "momentum_7m": 0.0,
    "trend_acceleration": 0.0,
    "price_volatility": 0.0,
    "price_change_15m": 0.0,
    "volume_momentum": 0.0
  },
  "token_age_minutes": 181.50410443333334
}