{
  "trade_id": "TRADE_20250123_141945_344",
  "token_address": "D4HKEkBBMAxat4rF51YFtTyi21XNmTHwT4hzNCYapump",
  "token_symbol": "TRUMPEXEC",
  "entry_time": "2025-01-23T17:35:35.772092",
  "entry_price": 8.631960528193664e-06,
  "market_price": 7.506052633211883e-06,
  "position_size": 100,
  "confidence_score": 1.0,
  "features": {
    "momentum_5m": 0.0,
    "momentum_7m": 0.0,
    "trend_acceleration": 0.0,
    "price_volatility": 0.0,
    "price_change_15m": 0.0,
    "volume_momentum": 0.0
  },
  "token_age_minutes": 180.38777018333334
}