{
  "trade_id": "TRADE_20250123_141945_476",
  "token_address": "DxJKHtr4PzKbGpwKZDy91x84PhbaeNic87NtQaG6pump",
  "token_symbol": "WAT",
  "entry_time": "2025-01-23T17:39:30.180668",
  "entry_price": 8.449926437401678e-06,
  "market_price": 7.347762119479721e-06,
  "position_size": 100,
  "confidence_score": 1.0,
  "features": {
    "momentum_5m": 0.0,
    "momentum_7m": 0.0,
    "trend_acceleration": 0.0,
    "price_volatility": 0.0,
    "price_change_15m": 0.0,
    "volume_momentum": 0.0
  },
  "token_age_minutes": 180.41432928333333
}