{
  "trade_id": "TRADE_20250123_141945_858",
  "token_address": "Dcnqe3pw392eNExf2tD6XhbpLzsMT8a6yR3qCSH6pump",
  "token_symbol": "NDAS",
  "entry_time": "2025-01-23T17:52:40.246338",
  "entry_price": 8.210931657885148e-06,
  "market_price": 7.139940572074043e-06,
  "position_size": 100,
  "confidence_score": 1.0,
  "features": {
    "momentum_5m": 0.0,
    "momentum_7m": 0.0,
    "trend_acceleration": 0.0,
    "price_volatility": 0.0,
    "price_change_15m": 0.0,
    "volume_momentum": 0.0
  },
  "token_age_minutes": 200.72437161666667
}