{
  "trade_id": "TRADE_20250123_141945_212",
  "token_address": "E45Lfypvu5Z1xJv4dJGDfzexp8zKA4Kx9otgQmdcpump",
  "token_symbol": "NDAS",
  "entry_time": "2025-01-23T17:31:31.938812",
  "entry_price": 8.286673322345873e-06,
  "market_price": 7.205802888996412e-06,
  "position_size": 100,
  "confidence_score": 1.0,
  "features": {
    "momentum_5m": 0.0,
    "momentum_7m": 0.0,
    "trend_acceleration": 0.0,
    "price_volatility": 0.0,
    "price_change_15m": 0.0,
    "volume_momentum": 0.0
  },
  "token_age_minutes": 184.01564861666665
}