{
  "trade_id": "TRADE_20250123_141945_533",
  "token_address": "iReoFpwNC5tgyfGtXd3GQLCGYw5Bx38ue3uNkhcpump",
  "token_symbol": "INTEREST",
  "entry_time": "2025-01-23T17:40:37.315173",
  "entry_price": 8.266460458908299e-06,
  "market_price": 7.188226486007217e-06,
  "position_size": 100,
  "confidence_score": 1.0,
  "features": {
    "momentum_5m": 0.0,
    "momentum_7m": 0.0,
    "trend_acceleration": 0.0,
    "price_volatility": 0.0,
    "price_change_15m": 0.0,
    "volume_momentum": 0.0
  },
  "token_age_minutes": 197.83394106666668
}