{
  "trade_id": "TRADE_20250123_141945_877",
  "token_address": "7g4L9LvF4vQonbvTeTJkrGviC7Niccb1fmYeb7fbpump",
  "token_symbol": "SPACES",
  "entry_time": "2025-01-23T17:54:36.244695",
  "entry_price": 8.270116170961294e-06,
  "market_price": 7.1914053660533e-06,
  "position_size": 100,
  "confidence_score": 1.0,
  "features": {
    "momentum_5m": 0.0,
    "momentum_7m": 0.0,
    "trend_acceleration": 0.0,
    "price_volatility": 0.0,
    "price_change_15m": 0.0,
    "volume_momentum": 0.0
  },
  "token_age_minutes": 210.02041773333335
}