{
  "trade_id": "TRADE_20250123_141945_256",
  "token_address": "HgZ8fmbo1i3oqduP6wLAhdaBxMoziUsL34gSBt2Spump",
  "token_symbol": "AGORIA",
  "entry_time": "2025-01-23T17:32:33.038556",
  "entry_price": 8.226483286143359e-06,
  "market_price": 7.153463727081182e-06,
  "position_size": 100,
  "confidence_score": 1.0,
  "features": {
    "momentum_5m": 0.0,
    "momentum_7m": 0.0,
    "trend_acceleration": 0.0,
    "price_volatility": 0.0,
    "price_change_15m": 0.0,
    "volume_momentum": 0.0
  },
  "token_age_minutes": 181.89775411666668
}