{
  "trade_id": "TRADE_20250123_141945_592",
  "token_address": "5vM3W32FzkRxNyzTRaRt1mx3mbYt7AyvUnXsQea2pump",
  "token_symbol": "DECAI",
  "entry_time": "2025-01-23T17:43:26.132276",
  "entry_price": 8.052371528526389e-06,
  "market_price": 7.0020621987186e-06,
  "position_size": 100,
  "confidence_score": 1.0,
  "features": {
    "momentum_5m": 0.0,
    "momentum_7m": 0.0,
    "trend_acceleration": 0.0,
    "price_volatility": 0.0,
    "price_change_15m": 0.0,
    "volume_momentum": 0.0
  },
  "token_age_minutes": 188.45325956666665
}