{
  "trade_id": "TRADE_20250123_141945_1093",
  "token_address": "2sUr1BwFuT56t5aSd1FmACwRsikSdonUuDDVitWjpump",
  "token_symbol": "LUCID",
  "entry_time": "2025-01-23T18:06:38.575513",
  "entry_price": 7.980495178819303e-06,
  "market_price": 6.939561025060264e-06,
  "position_size": 100,
  "confidence_score": 1.0,
  "features": {
    "momentum_5m": 0.0,
    "momentum_7m": 0.0,
    "trend_acceleration": 0.0,
    "price_volatility": 0.0,
    "price_change_15m": 0.0,
    "volume_momentum": 0.0
  },
  "token_age_minutes": 189.68031778333335
}