{
  "trade_id": "TRADE_20250123_141945_1259",
  "token_address": "F4uDwNoyeXVTRztaUmcDuQ4XbEQxEh4ocNL7QgF2pump",
  "token_symbol": "DiFi",
  "entry_time": "2025-01-23T18:22:31.272375",
  "entry_price": 7.956882391197809e-06,
  "market_price": 6.919028166258965e-06,
  "position_size": 100,
  "confidence_score": 1.0,
  "features": {
    "momentum_5m": 0.0,
    "momentum_7m": 0.0,
    "trend_acceleration": 0.0,
    "price_volatility": 0.0,
    "price_change_15m": 0.0,
    "volume_momentum": 0.0
  },
  "token_age_minutes": 180.55922408333333
}