{
  "trade_id": "TRADE_20250123_141945_1288",
  "token_address": "cgQiCTS5K9P37c1y3CtqZFKqRCFmm9crr7Ma9Wgpump",
  "token_symbol": "BlockTube",
  "entry_time": "2025-01-23T18:24:32.126049",
  "entry_price": 7.996850750432778e-06,
  "market_price": 6.953783261245894e-06,
  "position_size": 100,
  "confidence_score": 1.0,
  "features": {
    "momentum_5m": 0.0,
    "momentum_7m": 0.0,
    "trend_acceleration": 0.0,
    "price_volatility": 0.0,
    "price_change_15m": 0.0,
    "volume_momentum": 0.0
  },
  "token_age_minutes": 182.37531528333332
}