{
  "trade_id": "TRADE_20250123_141945_995",
  "token_address": "nBAYDyKUWu8PWp3CW8fgDEGB14XTwZjW1FrTRdVpump",
  "token_symbol": "DFT",
  "entry_time": "2025-01-23T18:00:39.552351",
  "entry_price": 8.20466395480899e-06,
  "market_price": 7.134490395486078e-06,
  "position_size": 100,
  "confidence_score": 1.0,
  "features": {
    "momentum_5m": 0.0,
    "momentum_7m": 0.0,
    "trend_acceleration": 0.0,
    "price_volatility": 0.0,
    "price_change_15m": 0.0,
    "volume_momentum": 0.0
  },
  "token_age_minutes": 190.58311648333336
}