{
  "trade_id": "TRADE_20250123_141945_656",
  "token_address": "Cy6zThJBAPuhb4uMKsWx3ty5tw3iz28xow5SAUhppump",
  "token_symbol": "TFD",
  "entry_time": "2025-01-23T17:45:26.807627",
  "entry_price": 9.3791340016463e-06,
  "market_price": 8.15576869708374e-06,
  "position_size": 100,
  "confidence_score": 1.0,
  "features": {
    "momentum_5m": 0.0,
    "momentum_7m": 0.0,
    "trend_acceleration": 0.0,
    "price_volatility": 0.0,
    "price_change_15m": 0.0,
    "volume_momentum": 0.0
  },
  "token_age_minutes": 185.05749578333334
}