{
  "trade_id": "TRADE_20250123_141945_443",
  "token_address": "HXDyM7nMWU3Kty75G8QF9tfKp3yqFfnVEvTUcXPqpump",
  "token_symbol": "NEXUROS",
  "entry_time": "2025-01-23T17:38:32.079017",
  "entry_price": 8.319677241937387e-06,
  "market_price": 7.234501949510771e-06,
  "position_size": 100,
  "confidence_score": 1.0,
  "features": {
    "momentum_5m": 0.0,
    "momentum_7m": 0.0,
    "trend_acceleration": 0.0,
    "price_volatility": 0.0,
    "price_change_15m": 0.0,
    "volume_momentum": 0.0
  },
  "token_age_minutes": 180.31571263333333
}