{
  "trade_id": "TRADE_20250123_141945_45",
  "token_address": "AzrEBw3iKNNJG4QuMP6dr2pt7aafZDxQ5hSNDA2Gpump",
  "token_symbol": "exodia",
  "entry_time": "2025-01-23T17:23:34.605589",
  "entry_price": 7.98886143809165e-06,
  "market_price": 6.9468360331231746e-06,
  "position_size": 100,
  "confidence_score": 1.0,
  "features": {
    "momentum_5m": 0.0,
    "momentum_7m": 0.0,
    "trend_acceleration": 0.0,
    "price_volatility": 0.0,
    "price_change_15m": 0.0,
    "volume_momentum": 0.0
  },
  "token_age_minutes": 180.71868426666666
}