{
  "trade_id": "TRADE_20250123_141945_599",
  "token_address": "5Qa1xSMM66g2T76XZKJF4vs8c5QnM9KM6dzFwn4Ypump",
  "token_symbol": "WCOFAI",
  "entry_time": "2025-01-23T17:43:29.859192",
  "entry_price": 8.265598442736309e-06,
  "market_price": 7.187476906727226e-06,
  "position_size": 100,
  "confidence_score": 1.0,
  "features": {
    "momentum_5m": 0.0,
    "momentum_7m": 0.0,
    "trend_acceleration": 0.0,
    "price_volatility": 0.0,
    "price_change_15m": 0.0,
    "volume_momentum": 0.0
  },
  "token_age_minutes": 180.48958971666667
}