{
  "trade_id": "TRADE_20250123_141945_320",
  "token_address": "88L9GEtgrVSSjz3DiNG8oXG2VD1sjqEgo23SpTxBpump",
  "token_symbol": "SPACES",
  "entry_time": "2025-01-23T17:35:20.387059",
  "entry_price": 8.287947981622253e-06,
  "market_price": 7.206911288367177e-06,
  "position_size": 100,
  "confidence_score": 1.0,
  "features": {
    "momentum_5m": 0.0,
    "momentum_7m": 0.0,
    "trend_acceleration": 0.0,
    "price_volatility": 0.0,
    "price_change_15m": 0.0,
    "volume_momentum": 0.0
  },
  "token_age_minutes": 190.54596943333334
}