{
  "trade_id": "TRADE_20250123_141945_571",
  "token_address": "A5sjmDuKu6SzCrBsgfQ7G7h9c8B9pyWhDMziTELYpump",
  "token_symbol": "NDAS",
  "entry_time": "2025-01-23T17:42:32.410580",
  "entry_price": 8.64049752445527e-06,
  "market_price": 7.513476108221975e-06,
  "position_size": 100,
  "confidence_score": 1.0,
  "features": {
    "momentum_5m": 0.0,
    "momentum_7m": 0.0,
    "trend_acceleration": 0.0,
    "price_volatility": 0.0,
    "price_change_15m": 0.0,
    "volume_momentum": 0.0
  },
  "token_age_minutes": 187.12989453333333
}