{
  "trade_id": "TRADE_20250123_141945_228",
  "token_address": "6dVRFnm49gYa6y51tMS3V8jn364eLeFrxCUNZRfrpump",
  "token_symbol": "Cyka",
  "entry_time": "2025-01-23T17:32:22.227637",
  "entry_price": 8.778956910650388e-06,
  "market_price": 7.633875574478599e-06,
  "position_size": 100,
  "confidence_score": 1.0,
  "features": {
    "momentum_5m": 0.0,
    "momentum_7m": 0.0,
    "trend_acceleration": 0.0,
    "price_volatility": 0.0,
    "price_change_15m": 0.0,
    "volume_momentum": 0.0
  },
  "token_age_minutes": 188.1749816
}