{
  "trade_id": "TRADE_20250123_141945_1255",
  "token_address": "8QNPU33tTDoDUYsDXmp4tKeSUxzj7MqtmwN8x1fSpump",
  "token_symbol": "CBDC",
  "entry_time": "2025-01-23T18:21:44.488721",
  "entry_price": 7.882879641443668e-06,
  "market_price": 6.854677949081451e-06,
  "position_size": 100,
  "confidence_score": 1.0,
  "features": {
    "momentum_5m": 0.0,
    "momentum_7m": 0.0,
    "trend_acceleration": 0.0,
    "price_volatility": 0.0,
    "price_change_15m": 0.0,
    "volume_momentum": 0.0
  },
  "token_age_minutes": 183.71080393333335
}