{
  "trade_id": "TRADE_20250123_141945_406",
  "token_address": "x5a6SrcgAFTrra5Rh8fGGhn2vj497Xn9Dv2ofBbpump",
  "token_symbol": "devs",
  "entry_time": "2025-01-23T17:37:35.044960",
  "entry_price": 8.283145954483276e-06,
  "market_price": 7.202735612594154e-06,
  "position_size": 100,
  "confidence_score": 1.0,
  "features": {
    "momentum_5m": 0.0,
    "momentum_7m": 0.0,
    "trend_acceleration": 0.0,
    "price_volatility": 0.0,
    "price_change_15m": 0.0,
    "volume_momentum": 0.0
  },
  "token_age_minutes": 193.56868205
}