{
  "trade_id": "TRADE_20250123_141945_598",
  "token_address": "BPVp9F3YPiv6eqc3ZRz6Csv2vDBueowC4xgt3vfJpump",
  "token_symbol": "ESPN",
  "entry_time": "2025-01-23T17:43:28.799241",
  "entry_price": 8.505525189630054e-06,
  "market_price": 7.3961088605478725e-06,
  "position_size": 100,
  "confidence_score": 1.0,
  "features": {
    "momentum_5m": 0.0,
    "momentum_7m": 0.0,
    "trend_acceleration": 0.0,
    "price_volatility": 0.0,
    "price_change_15m": 0.0,
    "volume_momentum": 0.0
  },
  "token_age_minutes": 180.98646044999998
}