{
  "trade_id": "TRADE_20250123_141945_955",
  "token_address": "4g8TRQc7oNcyReBFwdh2zGKKrS2TMGXV1xHYL5YLpump",
  "token_symbol": "TIFFANY",
  "entry_time": "2025-01-23T17:59:26.140621",
  "entry_price": 8.172701255918965e-06,
  "market_price": 7.106696744277362e-06,
  "position_size": 100,
  "confidence_score": 1.0,
  "features": {
    "momentum_5m": 0.0,
    "momentum_7m": 0.0,
    "trend_acceleration": 0.0,
    "price_volatility": 0.0,
    "price_change_15m": 0.0,
    "volume_momentum": 0.0
  },
  "token_age_minutes": 207.17506933333334
}