{
  "trade_id": "TRADE_20250123_141945_761",
  "token_address": "2thK45D9bo46rTSxBXwq82MfrLaAmsyGwPraCvjMpump",
  "token_symbol": "DEX",
  "entry_time": "2025-01-23T17:49:30.721443",
  "entry_price": 8.267292722963782e-06,
  "market_price": 7.1889501938815506e-06,
  "position_size": 100,
  "confidence_score": 1.0,
  "features": {
    "momentum_5m": 0.0,
    "momentum_7m": 0.0,
    "trend_acceleration": 0.0,
    "price_volatility": 0.0,
    "price_change_15m": 0.0,
    "volume_momentum": 0.0
  },
  "token_age_minutes": 186.90332431666667
}