{
  "trade_id": "TRADE_20250123_141945_33",
  "token_address": "GXxXAxEDDVkdY5Wrxrd89i4iw1u63tN9vFuNcw9Ppump",
  "token_symbol": "NDA-8203",
  "entry_time": "2025-01-23T17:22:35.871225",
  "entry_price": 8.310806752029295e-06,
  "market_price": 7.226788480025474e-06,
  "position_size": 100,
  "confidence_score": 1.0,
  "features": {
    "momentum_5m": 0.0,
    "momentum_7m": 0.0,
    "trend_acceleration": 0.0,
    "price_volatility": 0.0,
    "price_change_15m": 0.0,
    "volume_momentum": 0.0
  },
  "token_age_minutes": 180.38701523333333
}