{
  "trade_id": "TRADE_20250123_141945_94",
  "token_address": "Hnt5P6h7nDkKKRd5oLvx3jBUhh18bSHitc56ma8Apump",
  "token_symbol": "Rehalo",
  "entry_time": "2025-01-23T17:26:23.209761",
  "entry_price": 8.316918262066514e-06,
  "market_price": 7.232102836579578e-06,
  "position_size": 100,
  "confidence_score": 1.0,
  "features": {
    "momentum_5m": 0.0,
    "momentum_7m": 0.0,
    "trend_acceleration": 0.0,
    "price_volatility": 0.0,
    "price_change_15m": 0.0,
    "volume_momentum": 0.0
  },
  "token_age_minutes": 180.80204104999999
}