{
  "trade_id": "TRADE_20250123_141945_1109",
  "token_address": "53ytbTs27LeaUNFb9RYm7EhgW5d6W3sev8EEgXZSpump",
  "token_symbol": "bot",
  "entry_time": "2025-01-23T18:08:28.741808",
  "entry_price": 8.20135302636668e-06,
  "market_price": 7.131611327275374e-06,
  "position_size": 100,
  "confidence_score": 1.0,
  "features": {
    "momentum_5m": 0.0,
    "momentum_7m": 0.0,
    "trend_acceleration": 0.0,
    "price_volatility": 0.0,
    "price_change_15m": 0.0,
    "volume_momentum": 0.0
  },
  "token_age_minutes": 212.46557186666666
}