{
  "trade_id": "TRADE_20250123_141945_673",
  "token_address": "Dd6NMY71W8BxfPvtnHZBjxUEghMLJKAxPY3tKvTnpump",
  "token_symbol": "SNS",
  "entry_time": "2025-01-23T17:45:37.560780",
  "entry_price": 8.155784974393108e-06,
  "market_price": 7.0919869342548776e-06,
  "position_size": 100,
  "confidence_score": 1.0,
  "features": {
    "momentum_5m": 0.0,
    "momentum_7m": 0.0,
    "trend_acceleration": 0.0,
    "price_volatility": 0.0,
    "price_change_15m": 0.0,
    "volume_momentum": 0.0
  },
  "token_age_minutes": 180.66820691666666
}