{
  "trade_id": "TRADE_20250123_141945_1126",
  "token_address": "9cfufy5ACDT2K9z6KQYTeogVVp8Nxtw2z1p2kky3pump",
  "token_symbol": "FKPIKA",
  "entry_time": "2025-01-23T18:10:40.946512",
  "entry_price": 8.064463426469484e-06,
  "market_price": 7.01257689258216e-06,
  "position_size": 100,
  "confidence_score": 1.0,
  "features": {
    "momentum_5m": 0.0,
    "momentum_7m": 0.0,
    "trend_acceleration": 0.0,
    "price_volatility": 0.0,
    "price_change_15m": 0.0,
    "volume_momentum": 0.0
  },
  "token_age_minutes": 183.44802468333333
}