{
  "trade_id": "TRADE_20250123_141945_332",
  "token_address": "2GrV9mqY1W4eDCkv1PyUouWRGv34ky549oqoQdLepump",
  "token_symbol": "WPC",
  "entry_time": "2025-01-23T17:35:27.723443",
  "entry_price": 9.258307838390297e-06,
  "market_price": 8.050702468165477e-06,
  "position_size": 100,
  "confidence_score": 1.0,
  "features": {
    "momentum_5m": 0.0,
    "momentum_7m": 0.0,
    "trend_acceleration": 0.0,
    "price_volatility": 0.0,
    "price_change_15m": 0.0,
    "volume_momentum": 0.0
  },
  "token_age_minutes": 187.88319876666668
}