{
  "trade_id": "TRADE_20250123_141945_1186",
  "token_address": "DCiuToFeG4sacGyMRWhgPpimp4UBa3QV9XS5rEk3pump",
  "token_symbol": "Lyra",
  "entry_time": "2025-01-23T18:16:30.817208",
  "entry_price": 8.273134624741771e-06,
  "market_price": 7.194030108471107e-06,
  "position_size": 100,
  "confidence_score": 1.0,
  "features": {
    "momentum_5m": 0.0,
    "momentum_7m": 0.0,
    "trend_acceleration": 0.0,
    "price_volatility": 0.0,
    "price_change_15m": 0.0,
    "volume_momentum": 0.0
  },
  "token_age_minutes": 229.42217751666666
}