{
  "trade_id": "TRADE_20250123_141945_148",
  "token_address": "C24C3DfZ8aKVHA8DKGwQUVBciwmq29BL7hrDJUXVpump",
  "token_symbol": "ANIME",
  "entry_time": "2025-01-23T17:29:32.948434",
  "entry_price": 5.999692962874288e-06,
  "market_price": 5.21712431554286e-06,
  "position_size": 100,
  "confidence_score": 1.0,
  "features": {
    "momentum_5m": 0.0,
    "momentum_7m": 0.0,
    "trend_acceleration": 0.0,
    "price_volatility": 0.0,
    "price_change_15m": 0.0065587013341372735,
    "volume_momentum": 2.5613550902470195e-07
  },
  "token_age_minutes": 181.82475963333334
}