{
  "trade_id": "TRADE_20250123_141945_1294",
  "token_address": "EKoaayuvdBwR15gtpA18ieZL9EGRPB8rdvMV4uXXpump",
  "token_symbol": "GFR",
  "entry_time": "2025-01-23T18:24:40.259696",
  "entry_price": 8.884956846887344e-06,
  "market_price": 7.726049432075953e-06,
  "position_size": 100,
  "confidence_score": 1.0,
  "features": {
    "momentum_5m": 0.0,
    "momentum_7m": 0.0,
    "trend_acceleration": 0.0,
    "price_volatility": 0.0,
    "price_change_15m": 0.0,
    "volume_momentum": 0.0
  },
  "token_age_minutes": 180.58293533333332
}