{
  "trade_id": "TRADE_20250123_141945_463",
  "token_address": "EbmoGrmUPKKosCQJ75T1x3c55spR9ZthRh8nWFQapump",
  "token_symbol": "JUMIA",
  "entry_time": "2025-01-23T17:39:25.468948",
  "entry_price": 8.236164398199305e-06,
  "market_price": 7.161882085390701e-06,
  "position_size": 100,
  "confidence_score": 1.0,
  "features": {
    "momentum_5m": 0.0,
    "momentum_7m": 0.0,
    "trend_acceleration": 0.0,
    "price_volatility": 0.0,
    "price_change_15m": 0.0,
    "volume_momentum": 0.0
  },
  "token_age_minutes": 183.63397418333335
}