{
  "trade_id": "TRADE_20250123_141945_980",
  "token_address": "F882kQRMo489SPznA4sY4FLN3ovBg5dy6WXx37ZJpump",
  "token_symbol": "NFS",
  "entry_time": "2025-01-23T17:59:36.828123",
  "entry_price": 8.056648520966235e-06,
  "market_price": 7.005781322579335e-06,
  "position_size": 100,
  "confidence_score": 1.0,
  "features": {
    "momentum_5m": 0.0,
    "momentum_7m": 0.0,
    "trend_acceleration": 0.0,
    "price_volatility": 0.0,
    "price_change_15m": 0.0,
    "volume_momentum": 0.0
  },
  "token_age_minutes": 188.49641073333333
}