{
  "trade_id": "TRADE_20250123_141945_401",
  "token_address": "5MSFbqn1vtS7sg8bKqdf6WBYF7RVpSXosUnu6Mspump",
  "token_symbol": "SBG",
  "entry_time": "2025-01-23T17:37:34.064461",
  "entry_price": 8.11619346586792e-06,
  "market_price": 7.057559535537323e-06,
  "position_size": 100,
  "confidence_score": 1.0,
  "features": {
    "momentum_5m": 0.0,
    "momentum_7m": 0.0,
    "trend_acceleration": 0.0,
    "price_volatility": 0.0,
    "price_change_15m": 0.0,
    "volume_momentum": 0.0
  },
  "token_age_minutes": 180.39868421666668
}