{
  "trade_id": "TRADE_20250123_141945_203",
  "token_address": "DtcMfGyQHydAkT8j5SR68eWcSkY1vpjXBRzBoSb1pump",
  "token_symbol": "XTRUMP",
  "entry_time": "2025-01-23T17:31:28.236273",
  "entry_price": 8.403281658233069e-06,
  "market_price": 7.3072014419417996e-06,
  "position_size": 100,
  "confidence_score": 1.0,
  "features": {
    "momentum_5m": 0.0,
    "momentum_7m": 0.0,
    "trend_acceleration": 0.0,
    "price_volatility": 0.0,
    "price_change_15m": 0.0,
    "volume_momentum": 0.0
  },
  "token_age_minutes": 190.99305816666669
}