{
  "trade_id": "TRADE_20250123_141945_147",
  "token_address": "5Qr6KSnvp74rTF9HEwtVz3TU1uMciBt6UTCLG2Mypump",
  "token_symbol": "EURIS",
  "entry_time": "2025-01-23T17:29:30.167405",
  "entry_price": 8.607017736145747e-06,
  "market_price": 7.48436324882239e-06,
  "position_size": 100,
  "confidence_score": 1.0,
  "features": {
    "momentum_5m": 0.0,
    "momentum_7m": 0.0,
    "trend_acceleration": 0.0,
    "price_volatility": 0.0,
    "price_change_15m": 0.0,
    "volume_momentum": 0.0
  },
  "token_age_minutes": 184.54419323333335
}