{
  "trade_id": "TRADE_20250123_141945_684",
  "token_address": "CdGUUQoMwRRihfQpbJ5SNVtaL3oubC2NEtwtxQchpump",
  "token_symbol": "PWG",
  "entry_time": "2025-01-23T17:46:25.918003",
  "entry_price": 1.0529944587462034e-05,
  "market_price": 9.156473554314812e-06,
  "position_size": 100,
  "confidence_score": 1.0,
  "features": {
    "momentum_5m": 0.0,
    "momentum_7m": 0.0,
    "trend_acceleration": 0.0,
    "price_volatility": 0.0,
    "price_change_15m": -0.1401215967420777,
    "volume_momentum": 0.0
  },
  "token_age_minutes": 181.40731063333334
}