{
  "trade_id": "TRADE_20250123_141945_110",
  "token_address": "3yXfmZT3CzXXfyKGzXgf26fQP7dghLTzS3D4x25hpump",
  "token_symbol": "RTRS",
  "entry_time": "2025-01-23T17:26:38.246945",
  "entry_price": 8.23333470758312e-06,
  "market_price": 7.1594214848548875e-06,
  "position_size": 100,
  "confidence_score": 1.0,
  "features": {
    "momentum_5m": 0.0,
    "momentum_7m": 0.0,
    "trend_acceleration": 0.0,
    "price_volatility": 0.0,
    "price_change_15m": 0.0,
    "volume_momentum": 0.0
  },
  "token_age_minutes": 181.03029411666665
}