{
  "trade_id": "TRADE_20250123_141945_394",
  "token_address": "9wfueCEeDZr2uYEWVQMv3LFgbVKUQrpQ3s6NYUQRpump",
  "token_symbol": "NSOLS",
  "entry_time": "2025-01-23T17:37:30.990471",
  "entry_price": 8.585123905054914e-06,
  "market_price": 7.46532513483036e-06,
  "position_size": 100,
  "confidence_score": 1.0,
  "features": {
    "momentum_5m": 0.0,
    "momentum_7m": 0.0,
    "trend_acceleration": 0.0,
    "price_volatility": 0.0,
    "price_change_15m": 0.010670597549269134,
    "volume_momentum": 0.0
  },
  "token_age_minutes": 185.59450716666666
}