{
  "trade_id": "TRADE_20250123_141945_1101",
  "token_address": "BhrqUGZFbcVsQYALeQ212Do9cadphpU8M7DpakVrpump",
  "token_symbol": "AGISTIN",
  "entry_time": "2025-01-23T18:07:29.497219",
  "entry_price": 8.295778906213753e-06,
  "market_price": 7.213720788011959e-06,
  "position_size": 100,
  "confidence_score": 1.0,
  "features": {
    "momentum_5m": 0.0,
    "momentum_7m": 0.0,
    "trend_acceleration": 0.0,
    "price_volatility": 0.0,
    "price_change_15m": 0.0,
    "volume_momentum": 0.0
  },
  "token_age_minutes": 219.64629908333333
}