{
  "trade_id": "TRADE_20250123_141945_830",
  "token_address": "kLUdvMereWY8yoAMpu6Aa658qQxU4p6Yg7CB2WMpump",
  "token_symbol": "DFT",
  "entry_time": "2025-01-23T17:51:37.475061",
  "entry_price": 8.083735429218507e-06,
  "market_price": 7.029335155842181e-06,
  "position_size": 100,
  "confidence_score": 1.0,
  "features": {
    "momentum_5m": 0.0,
    "momentum_7m": 0.0,
    "trend_acceleration": 0.0,
    "price_volatility": 0.0,
    "price_change_15m": 0.0,
    "volume_momentum": 0.0
  },
  "token_age_minutes": 181.48533038333335
}