{
  "trade_id": "TRADE_20250123_141945_439",
  "token_address": "87mgjdYsyoX2fRBe73u53mfZQnxYSqAu4V6f7hbqpump",
  "token_symbol": "NDAS",
  "entry_time": "2025-01-23T17:38:31.775479",
  "entry_price": 8.271639439004262e-06,
  "market_price": 7.1927299469602285e-06,
  "position_size": 100,
  "confidence_score": 1.0,
  "features": {
    "momentum_5m": 0.0,
    "momentum_7m": 0.0,
    "trend_acceleration": 0.0,
    "price_volatility": 0.0,
    "price_change_15m": 0.0,
    "volume_momentum": 0.0
  },
  "token_age_minutes": 190.81064978333333
}