{
  "trade_id": "TRADE_20250123_141945_1045",
  "token_address": "6tG67Aeyyyf25u9zWbUyozgfwC4cRVzQssxn55v3pump",
  "token_symbol": "W3",
  "entry_time": "2025-01-23T18:04:40.412435",
  "entry_price": 8.593321964146239e-06,
  "market_price": 7.472453881866295e-06,
  "position_size": 100,
  "confidence_score": 1.0,
  "features": {
    "momentum_5m": 0.0,
    "momentum_7m": 0.0,
    "trend_acceleration": 0.0,
    "price_volatility": 0.0,
    "price_change_15m": 0.0,
    "volume_momentum": 0.0
  },
  "token_age_minutes": 204.97564713333335
}