{
  "trade_id": "TRADE_20250123_141945_667",
  "token_address": "9PMMQM1DhpgcK5Na2NP6Skr1vroU4hE47NBwbbWypump",
  "token_symbol": "WCAIC",
  "entry_time": "2025-01-23T17:45:34.215471",
  "entry_price": 8.062442613118742e-06,
  "market_price": 7.010819663581515e-06,
  "position_size": 100,
  "confidence_score": 1.0,
  "features": {
    "momentum_5m": 0.0,
    "momentum_7m": 0.0,
    "trend_acceleration": 0.0,
    "price_volatility": 0.0,
    "price_change_15m": 0.0,
    "volume_momentum": 0.0
  },
  "token_age_minutes": 180.1300188666667
}