{
  "trade_id": "TRADE_20250123_141945_542",
  "token_address": "5MBcSxCp8ATrn7kWpmaiXLaxVvC1qrFHCYxehP9Lpump",
  "token_symbol": "SDF",
  "entry_time": "2025-01-23T17:41:26.188518",
  "entry_price": 8.408372815495884e-06,
  "market_price": 7.311628535213812e-06,
  "position_size": 100,
  "confidence_score": 1.0,
  "features": {
    "momentum_5m": 0.0,
    "momentum_7m": 0.0,
    "trend_acceleration": 0.0,
    "price_volatility": 0.0,
    "price_change_15m": 0.0,
    "volume_momentum": 0.0
  },
  "token_age_minutes": 181.68950683333333
}