{
  "trade_id": "TRADE_20250123_141945_166",
  "token_address": "AhGVw22R1zZUJ2KzZSXDcUL7xjBo5L5SyiayD5Lnpump",
  "token_symbol": "NDAS",
  "entry_time": "2025-01-23T17:30:26.568903",
  "entry_price": 8.260512057967944e-06,
  "market_price": 7.183053963450388e-06,
  "position_size": 100,
  "confidence_score": 1.0,
  "features": {
    "momentum_5m": 0.0,
    "momentum_7m": 0.0,
    "trend_acceleration": 0.0,
    "price_volatility": 0.0,
    "price_change_15m": 0.0,
    "volume_momentum": 0.0
  },
  "token_age_minutes": 189.65456366666666
}