{
  "trade_id": "TRADE_20250123_141945_1036",
  "token_address": "MTL1ZmM1qsf1p7yPY4B3ekU9BzzY6WDwA3hf8HMpump",
  "token_symbol": "CBDCUSA",
  "entry_time": "2025-01-23T18:04:36.193421",
  "entry_price": 8.465397532078053e-06,
  "market_price": 7.361215245285264e-06,
  "position_size": 100,
  "confidence_score": 1.0,
  "features": {
    "momentum_5m": 0.0,
    "momentum_7m": 0.0,
    "trend_acceleration": 0.0,
    "price_volatility": 0.0,
    "price_change_15m": 0.0,
    "volume_momentum": 0.0
  },
  "token_age_minutes": 202.48420153333333
}