{
  "trade_id": "TRADE_20250123_141945_1266",
  "token_address": "bTag2xWocL4qzt5uvD3RaxCTsnj3ypKFQPiq751pump",
  "token_symbol": "DIDDY",
  "entry_time": "2025-01-23T18:23:33.097041",
  "entry_price": 8.139858505783134e-06,
  "market_price": 7.07813783111577e-06,
  "position_size": 100,
  "confidence_score": 1.0,
  "features": {
    "momentum_5m": 0.0,
    "momentum_7m": 0.0,
    "trend_acceleration": 0.0,
    "price_volatility": 0.0,
    "price_change_15m": 0.0,
    "volume_momentum": 0.0
  },
  "token_age_minutes": 186.49796983333331
}