{
  "trade_id": "TRADE_20250123_141945_502",
  "token_address": "6Cm4SyJai5REm3z3xPxtCcKCwzrJGDNAye88Sy2bpump",
  "token_symbol": "E-GOLD",
  "entry_time": "2025-01-23T17:40:21.613361",
  "entry_price": 8.27045476095674e-06,
  "market_price": 7.1916997921362954e-06,
  "position_size": 100,
  "confidence_score": 1.0,
  "features": {
    "momentum_5m": 0.0,
    "momentum_7m": 0.0,
    "trend_acceleration": 0.0,
    "price_volatility": 0.0,
    "price_change_15m": 0.0,
    "volume_momentum": 0.0
  },
  "token_age_minutes": 184.95556685000003
}