{
  "trade_id": "TRADE_20250123_141945_196",
  "token_address": "BrfpNcBybuhbNNuGYt9ygjC91wW3XjZv9xbY7uDDpump",
  "token_symbol": "AZUKI",
  "entry_time": "2025-01-23T17:30:35.015253",
  "entry_price": 8.305517841021006e-06,
  "market_price": 7.222189426974788e-06,
  "position_size": 100,
  "confidence_score": 1.0,
  "features": {
    "momentum_5m": 0.0,
    "momentum_7m": 0.0,
    "trend_acceleration": 0.0,
    "price_volatility": 0.0,
    "price_change_15m": 0.0,
    "volume_momentum": 0.0
  },
  "token_age_minutes": 190.57101593333334
}