{
  "trade_id": "TRADE_20250123_141945_139",
  "token_address": "GJ9hB4vLwGTTvoJ3HhJTZVkPDkJecRRfu5VZLzXrpump",
  "token_symbol": "MIC",
  "entry_time": "2025-01-23T17:29:23.423064",
  "entry_price": 1.2272023089293776e-05,
  "market_price": 1.067132442547285e-05,
  "position_size": 100,
  "confidence_score": 1.0,
  "features": {
    "momentum_5m": 0.0,
    "momentum_7m": 0.0,
    "trend_acceleration": 0.0,
    "price_volatility": 0.0,
    "price_change_15m": 0.09549393172265197,
    "volume_momentum": 0.0
  },
  "token_age_minutes": 185.070515
}