{
  "trade_id": "TRADE_20250123_141945_905",
  "token_address": "26c5wLv66N82Jdtda4vta6LmZsEZUuN4t72m9bQCpump",
  "token_symbol": "break",
  "entry_time": "2025-01-23T17:56:42.203658",
  "entry_price": 8.47133598021869e-06,
  "market_price": 7.366379113233645e-06,
  "position_size": 100,
  "confidence_score": 1.0,
  "features": {
    "momentum_5m": 0.0,
    "momentum_7m": 0.0,
    "trend_acceleration": 0.0,
    "price_volatility": 0.0,
    "price_change_15m": 0.0,
    "volume_momentum": 0.0
  },
  "token_age_minutes": 200.99306915
}