{
  "trade_id": "TRADE_20250123_141945_721",
  "token_address": "7mzP3B1TVjZRVM8SRDYtAzH2X7QrhpuMf6Ur6Y8Ypump",
  "token_symbol": "WAPP",
  "entry_time": "2025-01-23T17:48:25.089254",
  "entry_price": 8.286046857467081e-06,
  "market_price": 7.2052581369278975e-06,
  "position_size": 100,
  "confidence_score": 1.0,
  "features": {
    "momentum_5m": 0.0,
    "momentum_7m": 0.0,
    "trend_acceleration": 0.0,
    "price_volatility": 0.0,
    "price_change_15m": 0.0,
    "volume_momentum": 0.0
  },
  "token_age_minutes": 184.70679495000002
}