{
  "trade_id": "TRADE_20250123_141945_880",
  "token_address": "9mEAeUiTN2FEznToij46zSCjr9uuKR6fjw1gEXQnpump",
  "token_symbol": "SHOECOIN",
  "entry_time": "2025-01-23T17:54:41.208579",
  "entry_price": 9.40472438848771e-06,
  "market_price": 8.178021207380617e-06,
  "position_size": 100,
  "confidence_score": 1.0,
  "features": {
    "momentum_5m": 0.0,
    "momentum_7m": 0.0,
    "trend_acceleration": 0.0,
    "price_volatility": 0.0,
    "price_change_15m": 0.0,
    "volume_momentum": 0.0
  },
  "token_age_minutes": 190.25319863333334
}