{
  "trade_id": "TRADE_20250123_141945_78",
  "token_address": "BV434JGFJVTMd2B2V8JeJLnkFS8Lu4yCQM9jbxAapump",
  "token_symbol": "SENTIO",
  "entry_time": "2025-01-23T17:25:30.651957",
  "entry_price": 8.271196587299607e-06,
  "market_price": 7.1923448585213975e-06,
  "position_size": 100,
  "confidence_score": 1.0,
  "features": {
    "momentum_5m": 0.0,
    "momentum_7m": 0.0,
    "trend_acceleration": 0.0,
    "price_volatility": 0.0,
    "price_change_15m": 0.0,
    "volume_momentum": 0.0
  },
  "token_age_minutes": 180.73227803333333
}