{
  "trade_id": "TRADE_20250123_141945_874",
  "token_address": "wtQn67Vyq5htUaPzB1Sk89ksryY13D7MstUd36bpump",
  "token_symbol": "KaitoAI",
  "entry_time": "2025-01-23T17:54:33.482069",
  "entry_price": 8.191035460856831e-06,
  "market_price": 7.122639531179854e-06,
  "position_size": 100,
  "confidence_score": 1.0,
  "features": {
    "momentum_5m": 0.0,
    "momentum_7m": 0.0,
    "trend_acceleration": 0.0,
    "price_volatility": 0.0,
    "price_change_15m": 0.0,
    "volume_momentum": 0.0
  },
  "token_age_minutes": 181.57722551666666
}