{
  "trade_id": "TRADE_20250123_141945_789",
  "token_address": "3Wv7XwgQVqRczW9P34HvMz8TEXPe7XNPpxmjAkeCpump",
  "token_symbol": "XYLO",
  "entry_time": "2025-01-23T17:50:31.293175",
  "entry_price": 7.989937252725775e-06,
  "market_price": 6.94777152410937e-06,
  "position_size": 100,
  "confidence_score": 1.0,
  "features": {
    "momentum_5m": 0.0,
    "momentum_7m": 0.0,
    "trend_acceleration": 0.0,
    "price_volatility": 0.0,
    "price_change_15m": 0.0,
    "volume_momentum": 0.0
  },
  "token_age_minutes": 187.30535079999999
}