{
  "trade_id": "TRADE_20250123_141945_654",
  "token_address": "F4yY8jahT5Nt4ZyyEffedNNQj5chSGqSwzr6nG64pump",
  "token_symbol": "VINEAGENT",
  "entry_time": "2025-01-23T17:45:25.100699",
  "entry_price": 8.140548106648832e-06,
  "market_price": 7.078737484042463e-06,
  "position_size": 100,
  "confidence_score": 1.0,
  "features": {
    "momentum_5m": 0.0,
    "momentum_7m": 0.0,
    "trend_acceleration": 0.0,
    "price_volatility": 0.0,
    "price_change_15m": 0.0,
    "volume_momentum": 0.0
  },
  "token_age_minutes": 204.21254570000002
}