{
  "trade_id": "TRADE_20250123_141945_678",
  "token_address": "2y6D9QbkVUKVcJ5KdTuS3rYkJvqkJHetZD2dD78mpump",
  "token_symbol": "Splenium",
  "entry_time": "2025-01-23T17:46:25.618002",
  "entry_price": 8.285284762862512e-06,
  "market_price": 7.204595445967403e-06,
  "position_size": 100,
  "confidence_score": 1.0,
  "features": {
    "momentum_5m": 0.0,
    "momentum_7m": 0.0,
    "trend_acceleration": 0.0,
    "price_volatility": 0.0,
    "price_change_15m": 0.0,
    "volume_momentum": 0.0
  },
  "token_age_minutes": 187.61537936666667
}