{
  "trade_id": "TRADE_20250123_141945_1227",
  "token_address": "8wAh5BYqee3QQVZgF7ARvh3NWBFAf5DEUbnob2tWpump",
  "token_symbol": "NDA",
  "entry_time": "2025-01-23T18:19:30.395611",
  "entry_price": 8.010691617970676e-06,
  "market_price": 6.96581879823537e-06,
  "position_size": 100,
  "confidence_score": 1.0,
  "features": {
    "momentum_5m": 0.0,
    "momentum_7m": 0.0,
    "trend_acceleration": 0.0,
    "price_volatility": 0.0,
    "price_change_15m": 0.0,
    "volume_momentum": 0.0
  },
  "token_age_minutes": 186.27408455000003
}