{
  "trade_id": "TRADE_20250123_141945_778",
  "token_address": "24XLMyUBpvdrgpgNbyXFVBBfY4LPC4Sj2diVbhyLpump",
  "token_symbol": "UNIX",
  "entry_time": "2025-01-23T17:50:26.601741",
  "entry_price": 7.907474703332956e-06,
  "market_price": 6.876064959419963e-06,
  "position_size": 100,
  "confidence_score": 1.0,
  "features": {
    "momentum_5m": 0.0,
    "momentum_7m": 0.0,
    "trend_acceleration": 0.0,
    "price_volatility": 0.0,
    "price_change_15m": 0.0,
    "volume_momentum": 0.0
  },
  "token_age_minutes": 194.07265726666668
}