{
  "trade_id": "TRADE_20250123_141945_1285",
  "token_address": "9rBnGQkWeQLqoyg7sScXQ9ey3Bew4RmHwZKdHSAYpump",
  "token_symbol": "ScioxAi",
  "entry_time": "2025-01-23T18:24:31.405050",
  "entry_price": 7.942953721710887e-06,
  "market_price": 6.906916279748599e-06,
  "position_size": 100,
  "confidence_score": 1.0,
  "features": {
    "momentum_5m": 0.0,
    "momentum_7m": 0.0,
    "trend_acceleration": 0.0,
    "price_volatility": 0.0,
    "price_change_15m": 0.0,
    "volume_momentum": 0.0
  },
  "token_age_minutes": 187.24781831666667
}