{
  "trade_id": "TRADE_20250123_141945_1193",
  "token_address": "5VLpEfWpuafAZQ6JHNeo8QAt8TKAtEfgMWgT1SFUpump",
  "token_symbol": "Plonk",
  "entry_time": "2025-01-23T18:16:34.079158",
  "entry_price": 8.115421375396235e-06,
  "market_price": 7.056888152518465e-06,
  "position_size": 100,
  "confidence_score": 1.0,
  "features": {
    "momentum_5m": 0.0,
    "momentum_7m": 0.0,
    "trend_acceleration": 0.0,
    "price_volatility": 0.0,
    "price_change_15m": 0.0,
    "volume_momentum": 0.0
  },
  "token_age_minutes": 209.30616431666667
}