{
  "trade_id": "TRADE_20250123_141945_1201",
  "token_address": "8f7xBRYjQmKSYBwrNhfmbUEYP9RjzokE7jgBX2Gwpump",
  "token_symbol": "plan",
  "entry_time": "2025-01-23T18:16:39.261365",
  "entry_price": 8.021886030839728e-06,
  "market_price": 6.975553070295416e-06,
  "position_size": 100,
  "confidence_score": 1.0,
  "features": {
    "momentum_5m": 0.0,
    "momentum_7m": 0.0,
    "trend_acceleration": 0.0,
    "price_volatility": 0.0,
    "price_change_15m": 0.0,
    "volume_momentum": 0.0
  },
  "token_age_minutes": 211.70648333333332
}