{
  "trade_id": "TRADE_20250123_141945_1164",
  "token_address": "J4m39M1ZCQQa9d3mhKKepqUUSCDrjoUzqVFSfGJHpump",
  "token_symbol": "XAUSOL",
  "entry_time": "2025-01-23T18:14:39.053669",
  "entry_price": 8.256024492524516e-06,
  "market_price": 7.179151732630015e-06,
  "position_size": 100,
  "confidence_score": 1.0,
  "features": {
    "momentum_5m": 0.0,
    "momentum_7m": 0.0,
    "trend_acceleration": 0.0,
    "price_volatility": 0.0,
    "price_change_15m": 0.0,
    "volume_momentum": 0.0
  },
  "token_age_minutes": 219.68834944999998
}