{
  "trade_id": "TRADE_20250123_141945_491",
  "token_address": "AKfCGdm232EUFfEcjyAMzmrwAN3WWvJeu8TRGEQupump",
  "token_symbol": "RNDA",
  "entry_time": "2025-01-23T17:39:35.416406",
  "entry_price": 8.283432548303804e-06,
  "market_price": 7.202984824612004e-06,
  "position_size": 100,
  "confidence_score": 1.0,
  "features": {
    "momentum_5m": 0.0,
    "momentum_7m": 0.0,
    "trend_acceleration": 0.0,
    "price_volatility": 0.0,
    "price_change_15m": 0.0,
    "volume_momentum": 0.0
  },
  "token_age_minutes": 182.00336090000002
}