{
  "trade_id": "TRADE_20250123_141945_992",
  "token_address": "8pzUwGq2qPR3twBTGzTMUX6Anj2o3Wqnv5QSRJLvpump",
  "token_symbol": "TMM",
  "entry_time": "2025-01-23T18:00:38.273235",
  "entry_price": 8.06288168579564e-06,
  "market_price": 7.011201465909252e-06,
  "position_size": 100,
  "confidence_score": 1.0,
  "features": {
    "momentum_5m": 0.0,
    "momentum_7m": 0.0,
    "trend_acceleration": 0.0,
    "price_volatility": 0.0,
    "price_change_15m": 0.0,
    "volume_momentum": 0.0
  },
  "token_age_minutes": 200.58110218333334
}