{
  "trade_id": "TRADE_20250123_141945_1238",
  "token_address": "CUBKp6RkV5JaR9MkYeXaGJxQdkK2W2JYcsA1GfRApump",
  "token_symbol": "KENNEDY",
  "entry_time": "2025-01-23T18:19:43.753466",
  "entry_price": 7.878487295377687e-06,
  "market_price": 6.850858517719728e-06,
  "position_size": 100,
  "confidence_score": 1.0,
  "features": {
    "momentum_5m": 0.0,
    "momentum_7m": 0.0,
    "trend_acceleration": 0.0,
    "price_volatility": 0.0,
    "price_change_15m": 0.0,
    "volume_momentum": 0.0
  },
  "token_age_minutes": 182.3601534166667
}