{
  "trade_id": "TRADE_20250123_141945_361",
  "token_address": "ABz4QeTrwhAanjNPtw65k5o4Ua2eoeas1Q7VpVCkpump",
  "token_symbol": "\u270a",
  "entry_time": "2025-01-23T17:36:26.825659",
  "entry_price": 8.253099671505162e-06,
  "market_price": 7.176608410004489e-06,
  "position_size": 100,
  "confidence_score": 1.0,
  "features": {
    "momentum_5m": 0.0,
    "momentum_7m": 0.0,
    "trend_acceleration": 0.0,
    "price_volatility": 0.0,
    "price_change_15m": 0.0,
    "volume_momentum": 0.0
  },
  "token_age_minutes": 182.83066445
}