{
  "trade_id": "TRADE_20250123_141945_753",
  "token_address": "FERUYqgr1NddYHRT1XGUVQ6cCy39W2Wrq84eBeZtpump",
  "token_symbol": "TO",
  "entry_time": "2025-01-23T17:48:41.566566",
  "entry_price": 8.302978781806528e-06,
  "market_price": 7.219981549396982e-06,
  "position_size": 100,
  "confidence_score": 1.0,
  "features": {
    "momentum_5m": 0.0,
    "momentum_7m": 0.0,
    "trend_acceleration": 0.0,
    "price_volatility": 0.0,
    "price_change_15m": 0.0,
    "volume_momentum": 0.0
  },
  "token_age_minutes": 202.90652229999998
}