{
  "trade_id": "TRADE_20250123_141945_819",
  "token_address": "21Nc6goicLVGXRcPPZ7aWmYn5ZpNBq4zH7oApJDGpump",
  "token_symbol": "Frogmeme",
  "entry_time": "2025-01-23T17:51:32.135599",
  "entry_price": 8.013311936014013e-06,
  "market_price": 6.96809733566436e-06,
  "position_size": 100,
  "confidence_score": 1.0,
  "features": {
    "momentum_5m": 0.0,
    "momentum_7m": 0.0,
    "trend_acceleration": 0.0,
    "price_volatility": 0.0,
    "price_change_15m": 0.0,
    "volume_momentum": 0.0
  },
  "token_age_minutes": 180.31407016666665
}