{
  "trade_id": "TRADE_20250123_141945_838",
  "token_address": "3LYNyjS55Uo2HiXWxQ2eHKTmDgFRCoRJSYqzTj8Zpump",
  "token_symbol": "BBC",
  "entry_time": "2025-01-23T17:51:41.127427",
  "entry_price": 8.06502256244437e-06,
  "market_price": 7.013063097777713e-06,
  "position_size": 100,
  "confidence_score": 1.0,
  "features": {
    "momentum_5m": 0.0,
    "momentum_7m": 0.0,
    "trend_acceleration": 0.0,
    "price_volatility": 0.0,
    "price_change_15m": 0.0,
    "volume_momentum": 0.0
  },
  "token_age_minutes": 180.46847806666668
}