{
  "trade_id": "TRADE_20250123_141945_870",
  "token_address": "6phoQi7Xbv4q96J95fJwtPcU8x53NCPchQGbsrywpump",
  "token_symbol": "RIPCBDC",
  "entry_time": "2025-01-23T17:53:42.578354",
  "entry_price": 8.022924403857342e-06,
  "market_price": 6.97645600335421e-06,
  "position_size": 100,
  "confidence_score": 1.0,
  "features": {
    "momentum_5m": 0.0,
    "momentum_7m": 0.0,
    "trend_acceleration": 0.0,
    "price_volatility": 0.0,
    "price_change_15m": 0.0,
    "volume_momentum": 0.0
  },
  "token_age_minutes": 180.48155873333332
}