{
  "trade_id": "TRADE_20250123_141945_709",
  "token_address": "3RmGvAZn7wkexRjPNiLp9MS5ruTCS6PALvVcp4t1pump",
  "token_symbol": "DAS",
  "entry_time": "2025-01-23T17:47:29.997644",
  "entry_price": 8.158046445165856e-06,
  "market_price": 7.093953430579006e-06,
  "position_size": 100,
  "confidence_score": 1.0,
  "features": {
    "momentum_5m": 0.0,
    "momentum_7m": 0.0,
    "trend_acceleration": 0.0,
    "price_volatility": 0.0,
    "price_change_15m": 0.0,
    "volume_momentum": 0.0
  },
  "token_age_minutes": 188.74469701666666
}