{
  "trade_id": "TRADE_20250123_141945_628",
  "token_address": "8MJxcrJyzbD69WS4RK9qDLDU5yoAnPqypmoYVnj1pump",
  "token_symbol": "BP",
  "entry_time": "2025-01-23T17:44:26.364017",
  "entry_price": 8.659050558974995e-06,
  "market_price": 7.529609181717388e-06,
  "position_size": 100,
  "confidence_score": 1.0,
  "features": {
    "momentum_5m": 0.0,
    "momentum_7m": 0.0,
    "trend_acceleration": 0.0,
    "price_volatility": 0.0,
    "price_change_15m": 0.0,
    "volume_momentum": 0.0
  },
  "token_age_minutes": 186.50387841666668
}