{
  "trade_id": "TRADE_20250123_141945_397",
  "token_address": "2QxKjs39DRWCDXcX8gR9bod4p5v6M929VX6tn7Kgpump",
  "token_symbol": "ACTSUPER",
  "entry_time": "2025-01-23T17:37:31.155775",
  "entry_price": 8.217308694790473e-06,
  "market_price": 7.145485821556933e-06,
  "position_size": 100,
  "confidence_score": 1.0,
  "features": {
    "momentum_5m": 0.0,
    "momentum_7m": 0.0,
    "trend_acceleration": 0.0,
    "price_volatility": 0.0,
    "price_change_15m": 0.0,
    "volume_momentum": 0.0
  },
  "token_age_minutes": 182.54188451666667
}