{
  "trade_id": "TRADE_20250123_141945_1117",
  "token_address": "6cw8EYfCtwZrUYdWWCdoZuYR2uBasLvAgbQc1xpWpump",
  "token_symbol": "pii",
  "entry_time": "2025-01-23T18:09:38.845490",
  "entry_price": 8.156692646371002e-06,
  "market_price": 7.092776214235654e-06,
  "position_size": 100,
  "confidence_score": 1.0,
  "features": {
    "momentum_5m": 0.0,
    "momentum_7m": 0.0,
    "trend_acceleration": 0.0,
    "price_volatility": 0.0,
    "price_change_15m": 0.0,
    "volume_momentum": 0.0
  },
  "token_age_minutes": 208.61450618333336
}