{
  "trade_id": "TRADE_20250123_141945_467",
  "token_address": "8LHtFDLr3Atfx3iAnRQBs3W3x1kCd7kJy3ByE7yopump",
  "token_symbol": "ACT DIG",
  "entry_time": "2025-01-23T17:39:29.174520",
  "entry_price": 8.411094515366736e-06,
  "market_price": 7.3139952307536845e-06,
  "position_size": 100,
  "confidence_score": 1.0,
  "features": {
    "momentum_5m": 0.0,
    "momentum_7m": 0.0,
    "trend_acceleration": 0.0,
    "price_volatility": 0.0,
    "price_change_15m": 0.0,
    "volume_momentum": 0.0
  },
  "token_age_minutes": 193.60745713333333
}