{
  "trade_id": "TRADE_20250123_141945_1225",
  "token_address": "6aMBvMZeAxLyUjuVWCrKrepmku6hzC7C4N9AfGippump",
  "token_symbol": "WCAC",
  "entry_time": "2025-01-23T18:18:43.417092",
  "entry_price": 8.034723319206273e-06,
  "market_price": 6.986715929744586e-06,
  "position_size": 100,
  "confidence_score": 1.0,
  "features": {
    "momentum_5m": 0.0,
    "momentum_7m": 0.0,
    "trend_acceleration": 0.0,
    "price_volatility": 0.0,
    "price_change_15m": 0.0,
    "volume_momentum": 0.0
  },
  "token_age_minutes": 210.55938008333334
}