{
  "trade_id": "TRADE_20250123_141945_768",
  "token_address": "4ou9VN6WsDxVCENpES6mqBmhSDakvevZyucim2RNpump",
  "token_symbol": "KEWG",
  "entry_time": "2025-01-23T17:49:36.888913",
  "entry_price": 8.240760933604927e-06,
  "market_price": 7.165879072699937e-06,
  "position_size": 100,
  "confidence_score": 1.0,
  "features": {
    "momentum_5m": 0.0,
    "momentum_7m": 0.0,
    "trend_acceleration": 0.0,
    "price_volatility": 0.0,
    "price_change_15m": 0.0,
    "volume_momentum": 0.0
  },
  "token_age_minutes": 190.59261671666667
}