{
  "trade_id": "TRADE_20250123_141945_781",
  "token_address": "8vQGofwPaB2uVXTbLt2MLJbuAARYs5NNP4rtsdhFpump",
  "token_symbol": "WG",
  "entry_time": "2025-01-23T17:50:27.607019",
  "entry_price": 8.062494701934086e-06,
  "market_price": 7.010864958203553e-06,
  "position_size": 100,
  "confidence_score": 1.0,
  "features": {
    "momentum_5m": 0.0,
    "momentum_7m": 0.0,
    "trend_acceleration": 0.0,
    "price_volatility": 0.0,
    "price_change_15m": 0.0,
    "volume_momentum": 0.0
  },
  "token_age_minutes": 182.44808143333333
}