{
  "trade_id": "TRADE_20250123_141945_536",
  "token_address": "6STdbYBWvgqgRYQVd6nr6XkxWz437avTc9FcqpDEpump",
  "token_symbol": "HWG",
  "entry_time": "2025-01-23T17:41:21.935459",
  "entry_price": 8.243489245496868e-06,
  "market_price": 7.168251517823364e-06,
  "position_size": 100,
  "confidence_score": 1.0,
  "features": {
    "momentum_5m": 0.0,
    "momentum_7m": 0.0,
    "trend_acceleration": 0.0,
    "price_volatility": 0.0,
    "price_change_15m": 0.0,
    "volume_momentum": 0.0
  },
  "token_age_minutes": 180.93602666666666
}