{
  "trade_id": "TRADE_20250123_141945_1029",
  "token_address": "EYZo95zDh5TWGeQodWp1J2cS4vvHuZSfLV5ayyFbpump",
  "token_symbol": "GALAXY",
  "entry_time": "2025-01-23T18:04:32.255286",
  "entry_price": 7.970005297419802e-06,
  "market_price": 6.930439389060698e-06,
  "position_size": 100,
  "confidence_score": 1.0,
  "features": {
    "momentum_5m": 0.0,
    "momentum_7m": 0.0,
    "trend_acceleration": 0.0,
    "price_volatility": 0.0,
    "price_change_15m": 0.0,
    "volume_momentum": 0.0
  },
  "token_age_minutes": 180.46931693333332
}