{
  "trade_id": "TRADE_20250123_141945_405",
  "token_address": "CaKsyR19GJmdzGzVqUKGmjxFy9HTbCeKfZC7Yo5spump",
  "token_symbol": "EYWA",
  "entry_time": "2025-01-23T17:37:35.016953",
  "entry_price": 8.387372701096413e-06,
  "market_price": 7.293367566170795e-06,
  "position_size": 100,
  "confidence_score": 1.0,
  "features": {
    "momentum_5m": 0.0,
    "momentum_7m": 0.0,
    "trend_acceleration": 0.0,
    "price_volatility": 0.0,
    "price_change_15m": -0.03656989924269638,
    "volume_momentum": 0.0
  },
  "token_age_minutes": 191.64482925
}