{
  "trade_id": "TRADE_20250123_141945_614",
  "token_address": "5e7vPWHiYiAe3BWNezxdcRtSXxVo54VPXwG3Z5oppump",
  "token_symbol": "HOTCATAI",
  "entry_time": "2025-01-23T17:43:39.798790",
  "entry_price": 8.258073928974135e-06,
  "market_price": 7.180933851281857e-06,
  "position_size": 100,
  "confidence_score": 1.0,
  "features": {
    "momentum_5m": 0.0,
    "momentum_7m": 0.0,
    "trend_acceleration": 0.0,
    "price_volatility": 0.0,
    "price_change_15m": 0.0,
    "volume_momentum": 0.0
  },
  "token_age_minutes": 181.36101994999999
}