{
  "trade_id": "TRADE_20250123_141945_1272",
  "token_address": "6ScmsZp8TQZmHww7H8U15JoE6Fc6vHmV2DGiTPEHpump",
  "token_symbol": "SFR",
  "entry_time": "2025-01-23T18:23:36.042767",
  "entry_price": 8.113450922144872e-06,
  "market_price": 7.055174714908585e-06,
  "position_size": 100,
  "confidence_score": 1.0,
  "features": {
    "momentum_5m": 0.0,
    "momentum_7m": 0.0,
    "trend_acceleration": 0.0,
    "price_volatility": 0.0,
    "price_change_15m": 0.0,
    "volume_momentum": 0.0
  },
  "token_age_minutes": 228.59700108333334
}