{
  "trade_id": "TRADE_20250123_141945_449",
  "token_address": "3FunGotHgBfLPSBxatskypLZC7bXtDiK791C1pVypump",
  "token_symbol": "GREPR",
  "entry_time": "2025-01-23T17:38:36.244518",
  "entry_price": 8.09355085947096e-06,
  "market_price": 7.037870312583445e-06,
  "position_size": 100,
  "confidence_score": 1.0,
  "features": {
    "momentum_5m": 0.0,
    "momentum_7m": 0.0,
    "trend_acceleration": 0.0,
    "price_volatility": 0.0,
    "price_change_15m": 0.0,
    "volume_momentum": 0.0
  },
  "token_age_minutes": 189.56145221666665
}