{
  "trade_id": "TRADE_20250123_141945_963",
  "token_address": "D71TcftotgPPMBrLGAevo5pGKAtYr47J1SVBnERKpump",
  "token_symbol": "CHATGPT",
  "entry_time": "2025-01-23T17:59:30.555936",
  "entry_price": 8.069885859776556e-06,
  "market_price": 7.017292051979614e-06,
  "position_size": 100,
  "confidence_score": 1.0,
  "features": {
    "momentum_5m": 0.0,
    "momentum_7m": 0.0,
    "trend_acceleration": 0.0,
    "price_volatility": 0.0,
    "price_change_15m": 0.0,
    "volume_momentum": 0.0
  },
  "token_age_minutes": 189.28597165000002
}