{
  "trade_id": "TRADE_20250123_141945_504",
  "token_address": "Grze8wQA281Mdf59NH8eHGLLeT1F1D6dexvn4fWJpump",
  "token_symbol": "GASFEES",
  "entry_time": "2025-01-23T17:40:22.765077",
  "entry_price": 8.047845032981688e-06,
  "market_price": 6.998126115636251e-06,
  "position_size": 100,
  "confidence_score": 1.0,
  "features": {
    "momentum_5m": 0.0,
    "momentum_7m": 0.0,
    "trend_acceleration": 0.0,
    "price_volatility": 0.0,
    "price_change_15m": 0.0,
    "volume_momentum": 0.0
  },
  "token_age_minutes": 186.62760115
}