{
  "trade_id": "TRADE_20250123_141945_249",
  "token_address": "35tF3i6ddkrC66eLEyKpewKMs59QCU6k8pFybM9Upump",
  "token_symbol": "NASDAQ",
  "entry_time": "2025-01-23T17:32:32.126556",
  "entry_price": 8.426598997067339e-06,
  "market_price": 7.327477388754209e-06,
  "position_size": 100,
  "confidence_score": 1.0,
  "features": {
    "momentum_5m": 0.0,
    "momentum_7m": 0.0,
    "trend_acceleration": 0.0,
    "price_volatility": 0.0,
    "price_change_15m": 0.0,
    "volume_momentum": 0.0
  },
  "token_age_minutes": 180.6185585833333
}