{
  "trade_id": "TRADE_20250123_141945_1170",
  "token_address": "9p6HVxaBUvTWZrkFdibxeDESw8vVo1ou5c2btuW9pump",
  "token_symbol": "PC",
  "entry_time": "2025-01-23T18:15:28.552974",
  "entry_price": 8.253377626477392e-06,
  "market_price": 7.176850109980342e-06,
  "position_size": 100,
  "confidence_score": 1.0,
  "features": {
    "momentum_5m": 0.0,
    "momentum_7m": 0.0,
    "trend_acceleration": 0.0,
    "price_volatility": 0.0,
    "price_change_15m": 0.0,
    "volume_momentum": 0.0
  },
  "token_age_minutes": 217.96091568333335
}