{
  "trade_id": "TRADE_20250123_141945_177",
  "token_address": "EPPBHTeRTh1Vzzq4h76uADFAYM7yjCcZ5Qn18Y8Hpump",
  "token_symbol": "HOLEUS",
  "entry_time": "2025-01-23T17:30:29.563030",
  "entry_price": 8.33703951549813e-06,
  "market_price": 7.2495995786940266e-06,
  "position_size": 100,
  "confidence_score": 1.0,
  "features": {
    "momentum_5m": 0.0,
    "momentum_7m": 0.0,
    "trend_acceleration": 0.0,
    "price_volatility": 0.0,
    "price_change_15m": 0.0,
    "volume_momentum": 0.0
  },
  "token_age_minutes": 181.03932826666667
}