{
  "trade_id": "TRADE_20250123_141945_455",
  "token_address": "1uU37DbXNjAnEqfPWuWKAsFR3ZU7TAZmpRXjWt5pump",
  "token_symbol": "TRUMPO",
  "entry_time": "2025-01-23T17:38:37.611160",
  "entry_price": 8.25441128305593e-06,
  "market_price": 7.1777489417877655e-06,
  "position_size": 100,
  "confidence_score": 1.0,
  "features": {
    "momentum_5m": 0.0,
    "momentum_7m": 0.0,
    "trend_acceleration": 0.0,
    "price_volatility": 0.0,
    "price_change_15m": 0.0,
    "volume_momentum": 0.0
  },
  "token_age_minutes": 189.94268156666666
}