{
  "trade_id": "TRADE_20250123_141945_562",
  "token_address": "8kxV6PKYweN5tP57TkGoAQMZA9abzNQMGhgQTspZpump",
  "token_symbol": "Google",
  "entry_time": "2025-01-23T17:42:23.414904",
  "entry_price": 8.076420521526501e-06,
  "market_price": 7.0229743665447835e-06,
  "position_size": 100,
  "confidence_score": 1.0,
  "features": {
    "momentum_5m": 0.0,
    "momentum_7m": 0.0,
    "trend_acceleration": 0.0,
    "price_volatility": 0.0,
    "price_change_15m": 0.0,
    "volume_momentum": 0.0
  },
  "token_age_minutes": 180.44024423333335
}