{
  "trade_id": "TRADE_20250123_141945_59",
  "token_address": "3LmTFL7t4qUxSs72SuV1KQmZQWN3VZ3a4G4iLBrnpump",
  "token_symbol": "TCO",
  "entry_time": "2025-01-23T17:24:30.497043",
  "entry_price": 8.316255638520546e-06,
  "market_price": 7.23152664219178e-06,
  "position_size": 100,
  "confidence_score": 1.0,
  "features": {
    "momentum_5m": 0.0,
    "momentum_7m": 0.0,
    "trend_acceleration": 0.0,
    "price_volatility": 0.0,
    "price_change_15m": 0.0,
    "volume_momentum": 0.0
  },
  "token_age_minutes": 180.06413858333332
}