{
  "trade_id": "TRADE_20250123_141945_1142",
  "token_address": "6oMsusAqzmzm4JSCkxaAUm45CkavXzv2MZqED24hpump",
  "token_symbol": "USNCR",
  "entry_time": "2025-01-23T18:13:30.317182",
  "entry_price": 8.3755162008583e-06,
  "market_price": 7.2830575659637404e-06,
  "position_size": 100,
  "confidence_score": 1.0,
  "features": {
    "momentum_5m": 0.0,
    "momentum_7m": 0.0,
    "trend_acceleration": 0.0,
    "price_volatility": 0.0,
    "price_change_15m": 0.0,
    "volume_momentum": 0.0
  },
  "token_age_minutes": 207.42275371666668
}