{
  "trade_id": "TRADE_20250123_141945_1304",
  "token_address": "3tS4QLr6LJXJKE9HsUiUaSoN2yiiw7Hqt4t3cNGdpump",
  "token_symbol": "TC",
  "entry_time": "2025-01-23T18:24:46.404498",
  "entry_price": 7.945846898194427e-06,
  "market_price": 6.9094320853864585e-06,
  "position_size": 100,
  "confidence_score": 1.0,
  "features": {
    "momentum_5m": 0.0,
    "momentum_7m": 0.0,
    "trend_acceleration": 0.0,
    "price_volatility": 0.0,
    "price_change_15m": 0.0,
    "volume_momentum": 0.0
  },
  "token_age_minutes": 182.55973946666666
}