{
  "trade_id": "TRADE_20250123_141945_609",
  "token_address": "FsnCgk4JpqL9rdyfB3dhhBzTj1Ajt8vJoso5tnR1pump",
  "token_symbol": "PL",
  "entry_time": "2025-01-23T17:43:36.464139",
  "entry_price": 8.35655812379962e-06,
  "market_price": 7.2665722815648885e-06,
  "position_size": 100,
  "confidence_score": 1.0,
  "features": {
    "momentum_5m": 0.0,
    "momentum_7m": 0.0,
    "trend_acceleration": 0.0,
    "price_volatility": 0.0,
    "price_change_15m": 0.0,
    "volume_momentum": 0.0
  },
  "token_age_minutes": 180.93497101666665
}