{
  "trade_id": "TRADE_20250123_141945_884",
  "token_address": "DgNweeHJvvy7ZtJHTqqP6jZneDXdbUUGpcJFnuPbpump",
  "token_symbol": "1000000000",
  "entry_time": "2025-01-23T17:55:40.579876",
  "entry_price": 8.065489709713578e-06,
  "market_price": 7.0134693127944164e-06,
  "position_size": 100,
  "confidence_score": 1.0,
  "features": {
    "momentum_5m": 0.0,
    "momentum_7m": 0.0,
    "trend_acceleration": 0.0,
    "price_volatility": 0.0,
    "price_change_15m": 0.0,
    "volume_momentum": 0.0
  },
  "token_age_minutes": 190.64172518333334
}