{
  "trade_id": "TRADE_20250123_141945_1070",
  "token_address": "6fHMuQ9fh4myBtAu8ws7EETJiS9CSJy5koveUAcTpump",
  "token_symbol": "420FART",
  "entry_time": "2025-01-23T18:05:43.434266",
  "entry_price": 7.912954233755518e-06,
  "market_price": 6.880829768483059e-06,
  "position_size": 100,
  "confidence_score": 1.0,
  "features": {
    "momentum_5m": 0.0,
    "momentum_7m": 0.0,
    "trend_acceleration": 0.0,
    "price_volatility": 0.0,
    "price_change_15m": 0.0,
    "volume_momentum": 0.0
  },
  "token_age_minutes": 201.28566008333334
}