{
  "trade_id": "TRADE_20250123_141945_100",
  "token_address": "657z6zt4QFeNT1p1tEV1niy3cQZYFNZhUGa6fY5epump",
  "token_symbol": "ashpool",
  "entry_time": "2025-01-23T17:26:30.936917",
  "entry_price": 8.22053289867482e-06,
  "market_price": 7.148289477108539e-06,
  "position_size": 100,
  "confidence_score": 1.0,
  "features": {
    "momentum_5m": 0.0,
    "momentum_7m": 0.0,
    "trend_acceleration": 0.0,
    "price_volatility": 0.0,
    "price_change_15m": 0.0,
    "volume_momentum": 0.0
  },
  "token_age_minutes": 180.71389481666665
}