{
  "trade_id": "TRADE_20250123_141945_381",
  "token_address": "EN9Z1q1Yf3nxzesmEvJ7rpPtwE9JCi3YpmVwegiXpump",
  "token_symbol": "NDA",
  "entry_time": "2025-01-23T17:36:36.807477",
  "entry_price": 8.262098813392903e-06,
  "market_price": 7.184433750776438e-06,
  "position_size": 100,
  "confidence_score": 1.0,
  "features": {
    "momentum_5m": 0.0,
    "momentum_7m": 0.0,
    "trend_acceleration": 0.0,
    "price_volatility": 0.0,
    "price_change_15m": 0.0,
    "volume_momentum": 0.0
  },
  "token_age_minutes": 190.74512508333333
}