{
  "trade_id": "TRADE_20250123_141945_780",
  "token_address": "2G2M8qChCKGH4WxivAxNNR4H7wngn6ZaQMJZrM8Epump",
  "token_symbol": "Di",
  "entry_time": "2025-01-23T17:50:27.587846",
  "entry_price": 7.961743787841382e-06,
  "market_price": 6.923255467688159e-06,
  "position_size": 100,
  "confidence_score": 1.0,
  "features": {
    "momentum_5m": 0.0,
    "momentum_7m": 0.0,
    "trend_acceleration": 0.0,
    "price_volatility": 0.0,
    "price_change_15m": 0.0,
    "volume_momentum": 0.0
  },
  "token_age_minutes": 208.29975251666667
}