{
  "trade_id": "TRADE_20250123_141945_339",
  "token_address": "6zQJfFfQqMq79AkgCymmm1V6C2xvFzHZDiToqPLqpump",
  "token_symbol": "SEC",
  "entry_time": "2025-01-23T17:35:32.956506",
  "entry_price": 8.707645983155974e-06,
  "market_price": 7.571866072309543e-06,
  "position_size": 100,
  "confidence_score": 1.0,
  "features": {
    "momentum_5m": 0.0,
    "momentum_7m": 0.0,
    "trend_acceleration": 0.0,
    "price_volatility": 0.0,
    "price_change_15m": 0.0,
    "volume_momentum": 0.0
  },
  "token_age_minutes": 180.95777283333334
}