{
  "trade_id": "TRADE_20250123_141945_1260",
  "token_address": "D87Vdc8owZanvrbWMiWDS2NkUT34YDhZeC2sPZ4Ypump",
  "token_symbol": "Neuro",
  "entry_time": "2025-01-23T18:22:32.397911",
  "entry_price": 8.35713204585649e-06,
  "market_price": 7.2670713442230344e-06,
  "position_size": 100,
  "confidence_score": 1.0,
  "features": {
    "momentum_5m": 0.0,
    "momentum_7m": 0.0,
    "trend_acceleration": 0.0,
    "price_volatility": 0.0,
    "price_change_15m": 0.0,
    "volume_momentum": 0.0
  },
  "token_age_minutes": 218.8984578666667
}