{
  "trade_id": "TRADE_20250123_141945_1241",
  "token_address": "5etGMoWg7wQArRUQNPAiLsV7nWi46CAtNRhmLrF3pump",
  "token_symbol": "SHIB5",
  "entry_time": "2025-01-23T18:20:30.171479",
  "entry_price": 8.603138764035148e-06,
  "market_price": 7.480990229595782e-06,
  "position_size": 100,
  "confidence_score": 1.0,
  "features": {
    "momentum_5m": 0.0,
    "momentum_7m": 0.0,
    "trend_acceleration": 0.0,
    "price_volatility": 0.0,
    "price_change_15m": 0.0,
    "volume_momentum": 0.0
  },
  "token_age_minutes": 213.38074481666666
}