{
  "trade_id": "TRADE_20250123_141945_481",
  "token_address": "3bbC8NC4F93GP6P4auJyJGWYQ19FDpkVWJRXUynBpump",
  "token_symbol": "SEXWITHGF",
  "entry_time": "2025-01-23T17:39:34.262672",
  "entry_price": 7.905176859419177e-06,
  "market_price": 6.874066834277546e-06,
  "position_size": 100,
  "confidence_score": 1.0,
  "features": {
    "momentum_5m": 0.0,
    "momentum_7m": 0.0,
    "trend_acceleration": 0.0,
    "price_volatility": 0.0,
    "price_change_15m": 0.0,
    "volume_momentum": 0.0
  },
  "token_age_minutes": 180.13280583333332
}