{
  "trade_id": "TRADE_20250123_141945_621",
  "token_address": "5PEavEpe5KsPjswP2xWR73284bEzKxJyyjtREwN8pump",
  "token_symbol": "NDAS",
  "entry_time": "2025-01-23T17:43:41.069773",
  "entry_price": 8.562273925034201e-06,
  "market_price": 7.445455586986263e-06,
  "position_size": 100,
  "confidence_score": 1.0,
  "features": {
    "momentum_5m": 0.0,
    "momentum_7m": 0.0,
    "trend_acceleration": 0.0,
    "price_volatility": 0.0,
    "price_change_15m": 0.0,
    "volume_momentum": 0.0
  },
  "token_age_minutes": 180.24145846666667
}