{
  "trade_id": "TRADE_20250123_141945_729",
  "token_address": "EvvGodoYGfK485KmbYvByF7pV59hP5s8xEiRTeGLpump",
  "token_symbol": "SNDAS",
  "entry_time": "2025-01-23T17:48:27.317917",
  "entry_price": 8.205033476650587e-06,
  "market_price": 7.134811718826598e-06,
  "position_size": 100,
  "confidence_score": 1.0,
  "features": {
    "momentum_5m": 0.0,
    "momentum_7m": 0.0,
    "trend_acceleration": 0.0,
    "price_volatility": 0.0,
    "price_change_15m": 0.0,
    "volume_momentum": 0.0
  },
  "token_age_minutes": 185.17399648333333
}