{
  "trade_id": "TRADE_20250123_141945_766",
  "token_address": "D7uKTX12tHtaVHjeGpJ8RhpAVkNk2x6m9HPehRPmpump",
  "token_symbol": "Yuli",
  "entry_time": "2025-01-23T17:49:36.106822",
  "entry_price": 8.208168889960995e-06,
  "market_price": 7.137538165183475e-06,
  "position_size": 100,
  "confidence_score": 1.0,
  "features": {
    "momentum_5m": 0.0,
    "momentum_7m": 0.0,
    "trend_acceleration": 0.0,
    "price_volatility": 0.0,
    "price_change_15m": 0.0,
    "volume_momentum": 0.0
  },
  "token_age_minutes": 180.64667509999998
}