{
  "trade_id": "TRADE_20250123_141945_911",
  "token_address": "t6Xf9SWnQ5ZByseRB1DgLpcatbXpXQj9geQadwjpump",
  "token_symbol": "JFK",
  "entry_time": "2025-01-23T17:57:28.083207",
  "entry_price": 8.085308083376118e-06,
  "market_price": 7.0307026811966245e-06,
  "position_size": 100,
  "confidence_score": 1.0,
  "features": {
    "momentum_5m": 0.0,
    "momentum_7m": 0.0,
    "trend_acceleration": 0.0,
    "price_volatility": 0.0,
    "price_change_15m": 0.0,
    "volume_momentum": 0.0
  },
  "token_age_minutes": 190.05576263333333
}