{
  "trade_id": "TRADE_20250123_141945_77",
  "token_address": "BrLCy3PKCE3bg9wB8n1fpsnNSYt1x1pUA5UhJdq1pump",
  "token_symbol": "GT3RS",
  "entry_time": "2025-01-23T17:25:30.048338",
  "entry_price": 8.121158730759577e-06,
  "market_price": 7.061877157182242e-06,
  "position_size": 100,
  "confidence_score": 1.0,
  "features": {
    "momentum_5m": 0.0,
    "momentum_7m": 0.0,
    "trend_acceleration": 0.0,
    "price_volatility": 0.0,
    "price_change_15m": 0.0,
    "volume_momentum": 0.0
  },
  "token_age_minutes": 182.57437568333336
}