{
  "trade_id": "TRADE_20250123_141945_751",
  "token_address": "84sSCRRBS8gA7gHxioHK2Ygw9EsFf7pfaQgPCu6rpump",
  "token_symbol": "MomCale",
  "entry_time": "2025-01-23T17:48:40.574042",
  "entry_price": 8.488364491934706e-06,
  "market_price": 7.3811865147258324e-06,
  "position_size": 100,
  "confidence_score": 1.0,
  "features": {
    "momentum_5m": 0.0,
    "momentum_7m": 0.0,
    "trend_acceleration": 0.0,
    "price_volatility": 0.0,
    "price_change_15m": 0.0,
    "volume_momentum": 0.0
  },
  "token_age_minutes": 180.67416450000002
}