{
  "trade_id": "TRADE_20250123_141945_1248",
  "token_address": "4ejSt3Ad1N8QMgvfax48BSzYjcxWD9KBaeuW8nnopump",
  "token_symbol": "CRUSH",
  "entry_time": "2025-01-23T18:20:46.640915",
  "entry_price": 7.968844605749391e-06,
  "market_price": 6.929430091955992e-06,
  "position_size": 100,
  "confidence_score": 1.0,
  "features": {
    "momentum_5m": 0.0,
    "momentum_7m": 0.0,
    "trend_acceleration": 0.0,
    "price_volatility": 0.0,
    "price_change_15m": 0.0,
    "volume_momentum": 0.0
  },
  "token_age_minutes": 180.79826641666665
}