{
  "trade_id": "TRADE_20250123_141945_1098",
  "token_address": "HvQ8exzpnh2JA3f6SmQAsma2zG6E5uaXBoGmvZMapump",
  "token_symbol": "CRYPTO ERA",
  "entry_time": "2025-01-23T18:07:27.344220",
  "entry_price": 7.990448392122517e-06,
  "market_price": 6.948215993150016e-06,
  "position_size": 100,
  "confidence_score": 1.0,
  "features": {
    "momentum_5m": 0.0,
    "momentum_7m": 0.0,
    "trend_acceleration": 0.0,
    "price_volatility": 0.0,
    "price_change_15m": 0.0,
    "volume_momentum": 0.0
  },
  "token_age_minutes": 184.42883401666668
}