{
  "trade_id": "TRADE_20250123_141945_741",
  "token_address": "EepibLgaPkDJWCzYkT74BBmwyaNoKK9TZPi2GkUYpump",
  "token_symbol": "EO14174",
  "entry_time": "2025-01-23T17:48:30.419473",
  "entry_price": 8.242503766595049e-06,
  "market_price": 7.167394579647869e-06,
  "position_size": 100,
  "confidence_score": 1.0,
  "features": {
    "momentum_5m": 0.0,
    "momentum_7m": 0.0,
    "trend_acceleration": 0.0,
    "price_volatility": 0.0,
    "price_change_15m": 0.0,
    "volume_momentum": 0.0
  },
  "token_age_minutes": 184.57681528333333
}