{
  "trade_id": "TRADE_20250123_141945_922",
  "token_address": "DKQLwUytRtJn9VJFzpm756mxkeVwXQZmYB6Zz85wpump",
  "token_symbol": "EIDO",
  "entry_time": "2025-01-23T17:57:33.111759",
  "entry_price": 8.089062615232027e-06,
  "market_price": 7.0339674915061105e-06,
  "position_size": 100,
  "confidence_score": 1.0,
  "features": {
    "momentum_5m": 0.0,
    "momentum_7m": 0.0,
    "trend_acceleration": 0.0,
    "price_volatility": 0.0,
    "price_change_15m": 0.0,
    "volume_momentum": 0.0
  },
  "token_age_minutes": 195.32390716666666
}