{
  "trade_id": "TRADE_20250123_141945_27",
  "token_address": "3fGkHm4NBsZEfjGqMH26XjyFZxmBAwY45Qes65VMpump",
  "token_symbol": "SG",
  "entry_time": "2025-01-23T17:22:28.433570",
  "entry_price": 8.259165664254875e-06,
  "market_price": 7.181883186308588e-06,
  "position_size": 100,
  "confidence_score": 1.0,
  "features": {
    "momentum_5m": 0.0,
    "momentum_7m": 0.0,
    "trend_acceleration": 0.0,
    "price_volatility": 0.0,
    "price_change_15m": 0.0,
    "volume_momentum": 0.0
  },
  "token_age_minutes": 180.96022991666666
}