{
  "trade_id": "TRADE_20250123_141945_1017",
  "token_address": "F5rNJp7BHAUqNKp76BhBMyza3Xw4Q91LeWAtNbTepump",
  "token_symbol": "John AI",
  "entry_time": "2025-01-23T18:03:34.590190",
  "entry_price": 7.99909665955719e-06,
  "market_price": 6.955736225701905e-06,
  "position_size": 100,
  "confidence_score": 1.0,
  "features": {
    "momentum_5m": 0.0,
    "momentum_7m": 0.0,
    "trend_acceleration": 0.0,
    "price_volatility": 0.0,
    "price_change_15m": 0.0,
    "volume_momentum": 0.0
  },
  "token_age_minutes": 212.42308755000002
}