{
  "trade_id": "TRADE_20250123_141945_1037",
  "token_address": "DaNEGxQNiHo1PRbNaLGy6Ppmtm35cCkkBTmfTTd7pump",
  "token_symbol": "CRY",
  "entry_time": "2025-01-23T18:04:36.252798",
  "entry_price": 8.23000343211498e-06,
  "market_price": 7.156524723578244e-06,
  "position_size": 100,
  "confidence_score": 1.0,
  "features": {
    "momentum_5m": 0.0,
    "momentum_7m": 0.0,
    "trend_acceleration": 0.0,
    "price_volatility": 0.0,
    "price_change_15m": 0.0,
    "volume_momentum": 0.0
  },
  "token_age_minutes": 208.43121426666667
}