{
  "trade_id": "TRADE_20250123_141945_335",
  "token_address": "3qqPewh9cMZ6AT8MFjTabTLfZjRKQ7PWspvjk8sApump",
  "token_symbol": "PEAC",
  "entry_time": "2025-01-23T17:35:27.791775",
  "entry_price": 8.185275573443082e-06,
  "market_price": 7.117630933428767e-06,
  "position_size": 100,
  "confidence_score": 1.0,
  "features": {
    "momentum_5m": 0.0,
    "momentum_7m": 0.0,
    "trend_acceleration": 0.0,
    "price_volatility": 0.0,
    "price_change_15m": 0.0,
    "volume_momentum": 0.0
  },
  "token_age_minutes": 180.36015216666667
}