{
  "trade_id": "TRADE_20250123_141945_1194",
  "token_address": "3UcYb79j2Wm8YfBDdgjq4euK71AU6RT5CHhbAKyipump",
  "token_symbol": "DEGEN",
  "entry_time": "2025-01-23T18:16:35.046389",
  "entry_price": 8.33792968031671e-06,
  "market_price": 7.250373635058009e-06,
  "position_size": 100,
  "confidence_score": 1.0,
  "features": {
    "momentum_5m": 0.0,
    "momentum_7m": 0.0,
    "trend_acceleration": 0.0,
    "price_volatility": 0.0,
    "price_change_15m": 0.0,
    "volume_momentum": 0.0
  },
  "token_age_minutes": 212.60912646666665
}