{
  "trade_id": "TRADE_20250123_141945_651",
  "token_address": "8T5FN6ahxaSKvUtVQ8uFNaeDfeW7Zfnar9EuVEYspump",
  "token_symbol": "trumppump",
  "entry_time": "2025-01-23T17:44:40.266695",
  "entry_price": 8.238549568817513e-06,
  "market_price": 7.1639561467978384e-06,
  "position_size": 100,
  "confidence_score": 1.0,
  "features": {
    "momentum_5m": 0.0,
    "momentum_7m": 0.0,
    "trend_acceleration": 0.0,
    "price_volatility": 0.0,
    "price_change_15m": 0.0,
    "volume_momentum": 0.0
  },
  "token_age_minutes": 181.57702821666666
}