{
  "trade_id": "TRADE_20250123_141945_627",
  "token_address": "79P1Q8YSPdQzM7AwCHzFF5581aLv4L6vSynk7HDpump",
  "token_symbol": "RUGPULL",
  "entry_time": "2025-01-23T17:44:26.360016",
  "entry_price": 8.108948067870474e-06,
  "market_price": 7.051259189452587e-06,
  "position_size": 100,
  "confidence_score": 1.0,
  "features": {
    "momentum_5m": 0.0,
    "momentum_7m": 0.0,
    "trend_acceleration": 0.0,
    "price_volatility": 0.0,
    "price_change_15m": 0.0,
    "volume_momentum": 0.0
  },
  "token_age_minutes": 199.3731101
}