{
  "trade_id": "TRADE_20250123_141945_376",
  "token_address": "66ioe88Tj6ESMk7GA8p5MBgYcyKk5K6DnAVTLJr2pump",
  "token_symbol": "ELONVINE",
  "entry_time": "2025-01-23T17:36:32.512195",
  "entry_price": 8.026292366754009e-06,
  "market_price": 6.979384666742616e-06,
  "position_size": 100,
  "confidence_score": 1.0,
  "features": {
    "momentum_5m": 0.0,
    "momentum_7m": 0.0,
    "trend_acceleration": 0.0,
    "price_volatility": 0.0,
    "price_change_15m": 0.0,
    "volume_momentum": 0.0
  },
  "token_age_minutes": 180.0205004166667
}