{
  "trade_id": "TRADE_20250123_141945_855",
  "token_address": "GqKzcwTT7R5JMxCrYb42RTNWDjgSVDBwejXr7hZSpump",
  "token_symbol": "SMR",
  "entry_time": "2025-01-23T17:52:35.384775",
  "entry_price": 9.077139614237903e-06,
  "market_price": 7.893164881946003e-06,
  "position_size": 100,
  "confidence_score": 1.0,
  "features": {
    "momentum_5m": 0.0,
    "momentum_7m": 0.0,
    "trend_acceleration": 0.0,
    "price_volatility": 0.0,
    "price_change_15m": 0.0,
    "volume_momentum": 0.0
  },
  "token_age_minutes": 199.61452624999998
}