{
  "trade_id": "TRADE_20250123_141945_805",
  "token_address": "3AxXFHu463agSscHVE2muXdxXfbMCzim1bBSB2NVpump",
  "token_symbol": "NMS",
  "entry_time": "2025-01-23T17:51:29.709514",
  "entry_price": 9.33064601740974e-06,
  "market_price": 8.113605232530209e-06,
  "position_size": 100,
  "confidence_score": 1.0,
  "features": {
    "momentum_5m": 0.0,
    "momentum_7m": 0.0,
    "trend_acceleration": 0.0,
    "price_volatility": 0.0,
    "price_change_15m": 0.0,
    "volume_momentum": 0.0
  },
  "token_age_minutes": 198.12198806666666
}