{
  "trade_id": "TRADE_20250123_141945_928",
  "token_address": "3nEz7omwGMyppotD3urZJydA88C3s7cVqBZjH7DCpump",
  "token_symbol": "DAO",
  "entry_time": "2025-01-23T17:57:35.126796",
  "entry_price": 8.28163314909618e-06,
  "market_price": 7.2014201296488525e-06,
  "position_size": 100,
  "confidence_score": 1.0,
  "features": {
    "momentum_5m": 0.0,
    "momentum_7m": 0.0,
    "trend_acceleration": 0.0,
    "price_volatility": 0.0,
    "price_change_15m": 0.0,
    "volume_momentum": 0.0
  },
  "token_age_minutes": 200.48229101666666
}