{
  "trade_id": "TRADE_20250123_141945_400",
  "token_address": "4ZWvq9xFvcRuuETEP21szxrMYgSrwsHFk6YydSEbpump",
  "token_symbol": "Abe",
  "entry_time": "2025-01-23T17:37:33.146447",
  "entry_price": 8.078839155972047e-06,
  "market_price": 7.0250775269322155e-06,
  "position_size": 100,
  "confidence_score": 1.0,
  "features": {
    "momentum_5m": 0.0,
    "momentum_7m": 0.0,
    "trend_acceleration": 0.0,
    "price_volatility": 0.0,
    "price_change_15m": 0.0,
    "volume_momentum": 0.0
  },
  "token_age_minutes": 180.84810056666666
}