{
  "trade_id": "TRADE_20250123_141945_107",
  "token_address": "HZzgmSGTiBjQKjxyR8qm2FiCJJQURV5ExDN37h7Fpump",
  "token_symbol": "TDAS",
  "entry_time": "2025-01-23T17:26:34.434030",
  "entry_price": 8.247144131866507e-06,
  "market_price": 7.17142967988392e-06,
  "position_size": 100,
  "confidence_score": 1.0,
  "features": {
    "momentum_5m": 0.0,
    "momentum_7m": 0.0,
    "trend_acceleration": 0.0,
    "price_volatility": 0.0,
    "price_change_15m": 0.0,
    "volume_momentum": 0.0
  },
  "token_age_minutes": 180.52638693333336
}