{
  "trade_id": "TRADE_20250123_141945_1291",
  "token_address": "EagYidPjbKDBtK2Z1Crj19EH8D1wpqSFAaTzkE74pump",
  "token_symbol": "KEWSG",
  "entry_time": "2025-01-23T18:24:36.443697",
  "entry_price": 8.246487723011915e-06,
  "market_price": 7.170858889575579e-06,
  "position_size": 100,
  "confidence_score": 1.0,
  "features": {
    "momentum_5m": 0.0,
    "momentum_7m": 0.0,
    "trend_acceleration": 0.0,
    "price_volatility": 0.0,
    "price_change_15m": 0.0,
    "volume_momentum": 0.0
  },
  "token_age_minutes": 238.13760259999998
}