{
  "trade_id": "TRADE_20250123_141945_818",
  "token_address": "GpMB9Zx2fDdNHgPXkMT8ahhs19HzERVBr5jBVFQdpump",
  "token_symbol": "DIALUP",
  "entry_time": "2025-01-23T17:51:32.096029",
  "entry_price": 8.201832397597304e-06,
  "market_price": 7.132028171823742e-06,
  "position_size": 100,
  "confidence_score": 1.0,
  "features": {
    "momentum_5m": 0.0,
    "momentum_7m": 0.0,
    "trend_acceleration": 0.0,
    "price_volatility": 0.0,
    "price_change_15m": 0.0,
    "volume_momentum": 0.0
  },
  "token_age_minutes": 204.37385566666666
}