{
  "trade_id": "TRADE_20250123_141945_15",
  "token_address": "32b14KA2UvLKZVgeAxaEZL2BQuLmRsm92RSJ5FkUpump",
  "token_symbol": "BASKET",
  "entry_time": "2025-01-23T17:21:20.350784",
  "entry_price": 8.357415098943187e-06,
  "market_price": 7.267317477341903e-06,
  "position_size": 100,
  "confidence_score": 1.0,
  "features": {
    "momentum_5m": 0.0,
    "momentum_7m": 0.0,
    "trend_acceleration": 0.0,
    "price_volatility": 0.0,
    "price_change_15m": 0.0,
    "volume_momentum": 0.0
  },
  "token_age_minutes": 181.18845916666666
}