{
  "trade_id": "TRADE_20250123_141945_642",
  "token_address": "73xKRpLpkq7J2EbiMS6SLGmXFXN3QyE7NPxpEPJcpump",
  "token_symbol": "UNIX",
  "entry_time": "2025-01-23T17:44:35.162492",
  "entry_price": 8.026953058670871e-06,
  "market_price": 6.9799591814529315e-06,
  "position_size": 100,
  "confidence_score": 1.0,
  "features": {
    "momentum_5m": 0.0,
    "momentum_7m": 0.0,
    "trend_acceleration": 0.0,
    "price_volatility": 0.0,
    "price_change_15m": 0.0,
    "volume_momentum": 0.0
  },
  "token_age_minutes": 180.07435853333334
}