{
  "trade_id": "TRADE_20250123_141945_952",
  "token_address": "4wMx675z1DXsU8ZdCWCvFvwzn7iCwGaCPgekQQtTpump",
  "token_symbol": "AOT",
  "entry_time": "2025-01-23T17:58:40.805689",
  "entry_price": 6.539783879746387e-06,
  "market_price": 5.686768591083815e-06,
  "position_size": 100,
  "confidence_score": 1.0,
  "features": {
    "momentum_5m": -0.03878849152731889,
    "momentum_7m": -0.03878849152731889,
    "trend_acceleration": -0.016765958805485093,
    "price_volatility": 0.0201768097893158,
    "price_change_15m": -0.03878849152731889,
    "volume_momentum": 0.000646699523776606
  },
  "token_age_minutes": 180.69745696666666
}