{
  "trade_id": "TRADE_20250123_141945_458",
  "token_address": "8y3m7UXHQFzE8ZTrRiBnRcg6AwXs54VaD5oyXHPcpump",
  "token_symbol": "SFR",
  "entry_time": "2025-01-23T17:38:37.978071",
  "entry_price": 8.237809995368813e-06,
  "market_price": 7.163313039451143e-06,
  "position_size": 100,
  "confidence_score": 1.0,
  "features": {
    "momentum_5m": 0.0,
    "momentum_7m": 0.0,
    "trend_acceleration": 0.0,
    "price_volatility": 0.0,
    "price_change_15m": 0.0,
    "volume_momentum": 0.0
  },
  "token_age_minutes": 192.87234623333333
}