{
  "trade_id": "TRADE_20250123_141945_869",
  "token_address": "At1Xzqb2QHfRmku2N2waAD24HrT9u77TVEDX59ccpump",
  "token_symbol": "SNDAS",
  "entry_time": "2025-01-23T17:53:32.610714",
  "entry_price": 9.109382946907534e-06,
  "market_price": 7.92120256252829e-06,
  "position_size": 100,
  "confidence_score": 1.0,
  "features": {
    "momentum_5m": 0.0,
    "momentum_7m": 0.0,
    "trend_acceleration": 0.0,
    "price_volatility": 0.0,
    "price_change_15m": 0.0,
    "volume_momentum": 0.0
  },
  "token_age_minutes": 191.41442305
}