{
  "trade_id": "TRADE_20250123_141945_645",
  "token_address": "9d3JLgLkX9FGeW3xPRLeTXDXt7k1iUcocazY6c1Jpump",
  "token_symbol": null,
  "entry_time": "2025-01-23T17:44:36.920492",
  "entry_price": 8.034083285929832e-06,
  "market_price": 6.9861593790694205e-06,
  "position_size": 100,
  "confidence_score": 1.0,
  "features": {
    "momentum_5m": 0.0,
    "momentum_7m": 0.0,
    "trend_acceleration": 0.0,
    "price_volatility": 0.0,
    "price_change_15m": 0.0,
    "volume_momentum": 0.0
  },
  "token_age_minutes": 180.63004293333333
}