{
  "trade_id": "TRADE_20250123_141945_1067",
  "token_address": "3aiTo2y86X2FgN7Qytm4Uo3rTJCS1VmS991n2c6vpump",
  "token_symbol": "NIGRO",
  "entry_time": "2025-01-23T18:05:42.419136",
  "entry_price": 8.251016397425745e-06,
  "market_price": 7.174796867326735e-06,
  "position_size": 100,
  "confidence_score": 1.0,
  "features": {
    "momentum_5m": 0.0,
    "momentum_7m": 0.0,
    "trend_acceleration": 0.0,
    "price_volatility": 0.0,
    "price_change_15m": 0.0,
    "volume_momentum": 0.0
  },
  "token_age_minutes": 210.2912563666667
}