{
  "trade_id": "TRADE_20250123_141945_1250",
  "token_address": "Evd41F9xW8gazGHnX7J9BEMRAJvq3cmwd2uJRW7Lpump",
  "token_symbol": "BTC",
  "entry_time": "2025-01-23T18:21:33.282166",
  "entry_price": 8.251305459477485e-06,
  "market_price": 7.175048225632595e-06,
  "position_size": 100,
  "confidence_score": 1.0,
  "features": {
    "momentum_5m": 0.0,
    "momentum_7m": 0.0,
    "trend_acceleration": 0.0,
    "price_volatility": 0.0,
    "price_change_15m": 0.0,
    "volume_momentum": 0.0
  },
  "token_age_minutes": 212.55516413333334
}