{
  "trade_id": "TRADE_20250123_141945_1279",
  "token_address": "EaJHYao8x29X7ZeeUEJHRTN6fFhKnTuvTTuvqhGdpump",
  "token_symbol": "PORTNOY",
  "entry_time": "2025-01-23T18:23:42.325806",
  "entry_price": 8.304066108204886e-06,
  "market_price": 7.220927050612945e-06,
  "position_size": 100,
  "confidence_score": 1.0,
  "features": {
    "momentum_5m": 0.0,
    "momentum_7m": 0.0,
    "trend_acceleration": 0.0,
    "price_volatility": 0.0,
    "price_change_15m": 0.0,
    "volume_momentum": 0.0
  },
  "token_age_minutes": 215.48011116666666
}