{
  "trade_id": "TRADE_20250123_141945_532",
  "token_address": "Goc46hFrSAxpiQZH1yn7GkzzaEdQJuudx682Bz2epump",
  "token_symbol": "NDS",
  "entry_time": "2025-01-23T17:40:37.314172",
  "entry_price": 7.914556018888001e-06,
  "market_price": 6.882222625120001e-06,
  "position_size": 100,
  "confidence_score": 1.0,
  "features": {
    "momentum_5m": 0.0,
    "momentum_7m": 0.0,
    "trend_acceleration": 0.0,
    "price_volatility": 0.0,
    "price_change_15m": 0.0,
    "volume_momentum": 0.0
  },
  "token_age_minutes": 187.12406203333333
}