{
  "trade_id": "TRADE_20250123_141945_501",
  "token_address": "5ePEHJAd3MBFS99rkmsnXEfVcnK5omEcVPtd4rsnpump",
  "token_symbol": "CWG",
  "entry_time": "2025-01-23T17:40:21.591097",
  "entry_price": 8.072621684173242e-06,
  "market_price": 7.019671029715863e-06,
  "position_size": 100,
  "confidence_score": 1.0,
  "features": {
    "momentum_5m": 0.0,
    "momentum_7m": 0.0,
    "trend_acceleration": 0.0,
    "price_volatility": 0.0,
    "price_change_15m": 0.0,
    "volume_momentum": 0.0
  },
  "token_age_minutes": 189.00925538333334
}