{
  "trade_id": "TRADE_20250123_141945_527",
  "token_address": "HKyo2moHHm3AdN3vcpG6nJjUx8YtSgHKy7CmiL4xpump",
  "token_symbol": "test",
  "entry_time": "2025-01-23T17:40:32.975097",
  "entry_price": 8.166297879891607e-06,
  "market_price": 7.1011285912100935e-06,
  "position_size": 100,
  "confidence_score": 1.0,
  "features": {
    "momentum_5m": 0.0,
    "momentum_7m": 0.0,
    "trend_acceleration": 0.0,
    "price_volatility": 0.0,
    "price_change_15m": 0.021138575817357452,
    "volume_momentum": 0.0
  },
  "token_age_minutes": 188.62245091666668
}