{
  "trade_id": "TRADE_20250123_141945_289",
  "token_address": "8bz5BzBmgKkrzDF36pRsazmZ6udJU4tFEEoYJmsZpump",
  "token_symbol": "BAGS",
  "entry_time": "2025-01-23T17:33:30.282080",
  "entry_price": 8.529837853846757e-06,
  "market_price": 7.417250307692833e-06,
  "position_size": 100,
  "confidence_score": 1.0,
  "features": {
    "momentum_5m": 0.0,
    "momentum_7m": 0.0,
    "trend_acceleration": 0.0,
    "price_volatility": 0.0,
    "price_change_15m": 0.0,
    "volume_momentum": 0.0
  },
  "token_age_minutes": 180.11205933333335
}