{
  "trade_id": "TRADE_20250123_141945_966",
  "token_address": "GMu7rs2QDtx1Ng7V64apsnd1sZFH7p3xwu92PZJypump",
  "token_symbol": "AXIOM",
  "entry_time": "2025-01-23T17:59:32.949872",
  "entry_price": 8.474249388934004e-06,
  "market_price": 7.368912512116525e-06,
  "position_size": 100,
  "confidence_score": 1.0,
  "features": {
    "momentum_5m": 0.0,
    "momentum_7m": 0.0,
    "trend_acceleration": 0.0,
    "price_volatility": 0.0,
    "price_change_15m": 0.0,
    "volume_momentum": 0.0
  },
  "token_age_minutes": 198.62319668333333
}