{
  "trade_id": "TRADE_20250123_141945_586",
  "token_address": "DR6xVxJDp87GKtM5ePvy9V26pmEMnCchdrFQpAX4pump",
  "token_symbol": "SNDAS",
  "entry_time": "2025-01-23T17:43:25.053277",
  "entry_price": 8.153844263477452e-06,
  "market_price": 7.090299359545612e-06,
  "position_size": 100,
  "confidence_score": 1.0,
  "features": {
    "momentum_5m": 0.0,
    "momentum_7m": 0.0,
    "trend_acceleration": 0.0,
    "price_volatility": 0.0,
    "price_change_15m": 0.0,
    "volume_momentum": 0.0
  },
  "token_age_minutes": 183.82127706666668
}