{
  "trade_id": "TRADE_20250123_141945_641",
  "token_address": "3M3K4YpigpGC4HFgyth3Y7EZB6C7Yd9AaCpufWJ4pump",
  "token_symbol": "SPFY",
  "entry_time": "2025-01-23T17:44:33.898795",
  "entry_price": 8.106497332903275e-06,
  "market_price": 7.0491281155680665e-06,
  "position_size": 100,
  "confidence_score": 1.0,
  "features": {
    "momentum_5m": 0.0,
    "momentum_7m": 0.0,
    "trend_acceleration": 0.0,
    "price_volatility": 0.0,
    "price_change_15m": 0.0,
    "volume_momentum": 0.0
  },
  "token_age_minutes": 180.11770223333332
}