{
  "trade_id": "TRADE_20250123_141945_554",
  "token_address": "CjkipNKTEmY91zxUNNYTGBXv1MTE4NVmPq9aWjb4pump",
  "token_symbol": "BSCAN",
  "entry_time": "2025-01-23T17:41:34.489015",
  "entry_price": 8.26867235640646e-06,
  "market_price": 7.1901498751360536e-06,
  "position_size": 100,
  "confidence_score": 1.0,
  "features": {
    "momentum_5m": 0.0,
    "momentum_7m": 0.0,
    "trend_acceleration": 0.0,
    "price_volatility": 0.0,
    "price_change_15m": 0.0,
    "volume_momentum": 0.0
  },
  "token_age_minutes": 180.04719658333335
}