{
  "trade_id": "TRADE_20250123_141945_544",
  "token_address": "xCDYEmbTsArh7D7FDfoM5pd7MCBR78X9iUvKai2pump",
  "token_symbol": "USA",
  "entry_time": "2025-01-23T17:41:29.157953",
  "entry_price": 7.932046408543678e-06,
  "market_price": 6.897431659603198e-06,
  "position_size": 100,
  "confidence_score": 1.0,
  "features": {
    "momentum_5m": 0.0,
    "momentum_7m": 0.0,
    "trend_acceleration": 0.0,
    "price_volatility": 0.0,
    "price_change_15m": 0.0,
    "volume_momentum": 0.0
  },
  "token_age_minutes": 180.49434914999998
}