{
  "trade_id": "TRADE_20250123_141945_948",
  "token_address": "6pib6wrytLK6aqCt5sByB5EibutsDXpfcS5fLQMqpump",
  "token_symbol": "NDAS",
  "entry_time": "2025-01-23T17:58:39.122923",
  "entry_price": 8.264498883444119e-06,
  "market_price": 7.186520768212278e-06,
  "position_size": 100,
  "confidence_score": 1.0,
  "features": {
    "momentum_5m": 0.0,
    "momentum_7m": 0.0,
    "trend_acceleration": 0.0,
    "price_volatility": 0.0,
    "price_change_15m": 0.0,
    "volume_momentum": 0.0
  },
  "token_age_minutes": 201.30758634999998
}