{
  "trade_id": "TRADE_20250123_141945_1242",
  "token_address": "6sMvTw4pTBvoQHHqhURa99e2XvHf18ZorFeTHXQJpump",
  "token_symbol": "RCoin",
  "entry_time": "2025-01-23T18:20:35.248188",
  "entry_price": 7.96895081465789e-06,
  "market_price": 6.929522447528601e-06,
  "position_size": 100,
  "confidence_score": 1.0,
  "features": {
    "momentum_5m": 0.0,
    "momentum_7m": 0.0,
    "trend_acceleration": 0.0,
    "price_volatility": 0.0,
    "price_change_15m": 0.0,
    "volume_momentum": 0.0
  },
  "token_age_minutes": 187.38055983333334
}