{
  "trade_id": "TRADE_20250123_141945_620",
  "token_address": "2bf4njUpoVFSz78p3PoEhfJifG3PRZ4icGozsip3pump",
  "token_symbol": "H4X0R",
  "entry_time": "2025-01-23T17:43:41.045773",
  "entry_price": 8.315686328099582e-06,
  "market_price": 7.2310315896518105e-06,
  "position_size": 100,
  "confidence_score": 1.0,
  "features": {
    "momentum_5m": 0.0,
    "momentum_7m": 0.0,
    "trend_acceleration": 0.0,
    "price_volatility": 0.0,
    "price_change_15m": 0.0,
    "volume_momentum": 0.0
  },
  "token_age_minutes": 187.52501393333333
}