{
  "trade_id": "TRADE_20250123_141945_797",
  "token_address": "4B9fdg2ZvocUsnCoKwWHjJR5zt7JsHiBSACr16YCpump",
  "token_symbol": "ETH",
  "entry_time": "2025-01-23T17:50:37.412338",
  "entry_price": 8.51980310454081e-06,
  "market_price": 7.4085244387311404e-06,
  "position_size": 100,
  "confidence_score": 1.0,
  "features": {
    "momentum_5m": 0.0,
    "momentum_7m": 0.0,
    "trend_acceleration": 0.0,
    "price_volatility": 0.0,
    "price_change_15m": 0.0,
    "volume_momentum": 0.0
  },
  "token_age_minutes": 195.34588513333335
}