{
  "trade_id": "TRADE_20250123_141945_1055",
  "token_address": "DEd7FyBNT5mBieRtCNPHRVz2y8GLhhE84pqaGPe7pump",
  "token_symbol": "ag",
  "entry_time": "2025-01-23T18:05:38.344630",
  "entry_price": 8.222786112424244e-06,
  "market_price": 7.1502487934123865e-06,
  "position_size": 100,
  "confidence_score": 1.0,
  "features": {
    "momentum_5m": 0.0,
    "momentum_7m": 0.0,
    "trend_acceleration": 0.0,
    "price_volatility": 0.0,
    "price_change_15m": 0.0,
    "volume_momentum": 0.0
  },
  "token_age_minutes": 225.25954986666665
}