{
  "trade_id": "TRADE_20250123_141945_965",
  "token_address": "EfQA6ZTZShDV8uy7VETicJVtFBiaw7s4aqdskUzTpump",
  "token_symbol": "MARS",
  "entry_time": "2025-01-23T17:59:31.498380",
  "entry_price": 8.094924163271982e-06,
  "market_price": 7.039064489801724e-06,
  "position_size": 100,
  "confidence_score": 1.0,
  "features": {
    "momentum_5m": 0.0,
    "momentum_7m": 0.0,
    "trend_acceleration": 0.0,
    "price_volatility": 0.0,
    "price_change_15m": 0.0,
    "volume_momentum": 0.0
  },
  "token_age_minutes": 189.39070236666666
}