{
  "trade_id": "TRADE_20250123_141945_225",
  "token_address": "G7rvN2Bw53uv6PweJDrBdLTatU9zmGrxFoqmVcWvpump",
  "token_symbol": "TWIT",
  "entry_time": "2025-01-23T17:32:21.535638",
  "entry_price": 1.069477919282466e-05,
  "market_price": 9.299807993760575e-06,
  "position_size": 100,
  "confidence_score": 1.0,
  "features": {
    "momentum_5m": 0.0,
    "momentum_7m": 0.0,
    "trend_acceleration": 0.0,
    "price_volatility": 0.0,
    "price_change_15m": 0.0,
    "volume_momentum": 0.0
  },
  "token_age_minutes": 191.88991428333333
}