{
  "trade_id": "TRADE_20250123_141945_705",
  "token_address": "55vbX8baE41CFh88sMKovgrdyy7uQsu9ND8s1AxDpump",
  "token_symbol": "LBT",
  "entry_time": "2025-01-23T17:47:29.260643",
  "entry_price": 8.389609047303537e-06,
  "market_price": 7.295312215046554e-06,
  "position_size": 100,
  "confidence_score": 1.0,
  "features": {
    "momentum_5m": 0.0,
    "momentum_7m": 0.0,
    "trend_acceleration": 0.0,
    "price_volatility": 0.0,
    "price_change_15m": 0.0,
    "volume_momentum": 0.0
  },
  "token_age_minutes": 190.39434111666665
}