{
  "trade_id": "TRADE_20250123_141945_83",
  "token_address": "7o8yvx2DzcnRhEQYAK3NhPV2NhSNBto9g5gag5X8pump",
  "token_symbol": "BTCRESERVE",
  "entry_time": "2025-01-23T17:25:36.162989",
  "entry_price": 8.70319247094822e-06,
  "market_price": 7.5679934529984525e-06,
  "position_size": 100,
  "confidence_score": 1.0,
  "features": {
    "momentum_5m": 0.0,
    "momentum_7m": 0.0,
    "trend_acceleration": 0.0,
    "price_volatility": 0.0,
    "price_change_15m": 0.0,
    "volume_momentum": 0.0
  },
  "token_age_minutes": 180.43782258333334
}