{
  "trade_id": "TRADE_20250123_141945_456",
  "token_address": "HZxR586q8BW5v7pvAKVTkRpNx2YhcC9KxfGEaWKhpump",
  "token_symbol": "NDAS",
  "entry_time": "2025-01-23T17:38:37.717589",
  "entry_price": 9.388343500649935e-06,
  "market_price": 8.1637769570869e-06,
  "position_size": 100,
  "confidence_score": 1.0,
  "features": {
    "momentum_5m": 0.0,
    "momentum_7m": 0.0,
    "trend_acceleration": 0.0,
    "price_volatility": 0.0,
    "price_change_15m": 0.0,
    "volume_momentum": 0.0
  },
  "token_age_minutes": 198.23816586666666
}