{
  "trade_id": "TRADE_20250123_141945_1287",
  "token_address": "6pjc1qyUWdR3bAKGWmPNA5suZbvYeVBAro5fvvJ2pump",
  "token_symbol": "LT",
  "entry_time": "2025-01-23T18:24:32.063048",
  "entry_price": 8.179921945871894e-06,
  "market_price": 7.112975605105995e-06,
  "position_size": 100,
  "confidence_score": 1.0,
  "features": {
    "momentum_5m": 0.0,
    "momentum_7m": 0.0,
    "trend_acceleration": 0.0,
    "price_volatility": 0.0,
    "price_change_15m": 0.0,
    "volume_momentum": 0.0
  },
  "token_age_minutes": 219.29042626666666
}