{
  "trade_id": "TRADE_20250123_141945_251",
  "token_address": "HZt4A3LJQxFV3ssXZ5nZQM31idm3x4u7zPTzQtVYpump",
  "token_symbol": "NDAS",
  "entry_time": "2025-01-23T17:32:32.221556",
  "entry_price": 8.288656465942355e-06,
  "market_price": 7.207527361689006e-06,
  "position_size": 100,
  "confidence_score": 1.0,
  "features": {
    "momentum_5m": 0.0,
    "momentum_7m": 0.0,
    "trend_acceleration": 0.0,
    "price_volatility": 0.0,
    "price_change_15m": 0.0,
    "volume_momentum": 0.0
  },
  "token_age_minutes": 189.54964113333332
}