{
  "trade_id": "TRADE_20250123_141945_165",
  "token_address": "57xppnixuiDze8U96J7W7S35AykbtXDLYahFREJhpump",
  "token_symbol": "GMGN.AI",
  "entry_time": "2025-01-23T17:30:26.470903",
  "entry_price": 8.259404598932579e-06,
  "market_price": 7.182090955593548e-06,
  "position_size": 100,
  "confidence_score": 1.0,
  "features": {
    "momentum_5m": 0.0,
    "momentum_7m": 0.0,
    "trend_acceleration": 0.0,
    "price_volatility": 0.0,
    "price_change_15m": 0.0,
    "volume_momentum": 0.0
  },
  "token_age_minutes": 180.18794921666668
}