{
  "trade_id": "TRADE_20250123_141945_1016",
  "token_address": "Enn8SWSjTcUsrAC7KZ4scPHvaCyAtHZzRj2kDKhfpump",
  "token_symbol": "NFT",
  "entry_time": "2025-01-23T18:03:30.755997",
  "entry_price": 7.95667989530415e-06,
  "market_price": 6.9188520828731745e-06,
  "position_size": 100,
  "confidence_score": 1.0,
  "features": {
    "momentum_5m": 0.0,
    "momentum_7m": 0.0,
    "trend_acceleration": 0.0,
    "price_volatility": 0.0,
    "price_change_15m": 0.0,
    "volume_momentum": 0.0
  },
  "token_age_minutes": 183.42870913333334
}