{
  "trade_id": "TRADE_20250123_141945_594",
  "token_address": "6Us3vPMdyghsCPpDaebXS5HmJqCNXMcaov6Wztq6pump",
  "token_symbol": "NDAS",
  "entry_time": "2025-01-23T17:43:26.143275",
  "entry_price": 8.261029796998986e-06,
  "market_price": 7.183504171303467e-06,
  "position_size": 100,
  "confidence_score": 1.0,
  "features": {
    "momentum_5m": 0.0,
    "momentum_7m": 0.0,
    "trend_acceleration": 0.0,
    "price_volatility": 0.0,
    "price_change_15m": 0.0,
    "volume_momentum": 0.0
  },
  "token_age_minutes": 185.37150771666666
}