{
  "trade_id": "TRADE_20250123_141945_1032",
  "token_address": "D9EsDJrZaqXscce1aR7LMkqPrHD4RmMbrBsUCQP7pump",
  "token_symbol": "JFK",
  "entry_time": "2025-01-23T18:04:33.140329",
  "entry_price": 8.251452744497133e-06,
  "market_price": 7.175176299562725e-06,
  "position_size": 100,
  "confidence_score": 1.0,
  "features": {
    "momentum_5m": 0.0,
    "momentum_7m": 0.0,
    "trend_acceleration": 0.0,
    "price_volatility": 0.0,
    "price_change_15m": 0.0,
    "volume_momentum": 0.0
  },
  "token_age_minutes": 195.56206688333333
}