{
  "trade_id": "TRADE_20250123_141945_649",
  "token_address": "EKAW7wKjRWHyzQCj7vMqaYMJQxZ54tnt8DUr3Kqjpump",
  "token_symbol": "HS",
  "entry_time": "2025-01-23T17:44:37.296492",
  "entry_price": 8.041631949435286e-06,
  "market_price": 6.992723434291553e-06,
  "position_size": 100,
  "confidence_score": 1.0,
  "features": {
    "momentum_5m": 0.0,
    "momentum_7m": 0.0,
    "trend_acceleration": 0.0,
    "price_volatility": 0.0,
    "price_change_15m": 0.0,
    "volume_momentum": 0.0
  },
  "token_age_minutes": 181.23010608333334
}