{
  "trade_id": "TRADE_20250123_141945_664",
  "token_address": "AXM232vyws3VhXx1PJEbhjEFMJBshFjpCQR4PABwpump",
  "token_symbol": "SOL",
  "entry_time": "2025-01-23T17:45:30.261592",
  "entry_price": 8.315306827181339e-06,
  "market_price": 7.2307015888533394e-06,
  "position_size": 100,
  "confidence_score": 1.0,
  "features": {
    "momentum_5m": 0.0,
    "momentum_7m": 0.0,
    "trend_acceleration": 0.0,
    "price_volatility": 0.0,
    "price_change_15m": 0.0,
    "volume_momentum": 0.0
  },
  "token_age_minutes": 200.92601601666667
}