{
  "trade_id": "TRADE_20250123_141945_262",
  "token_address": "BdBvo1NYP6LJx4VtApbtfs58UDo2UQjVzQUe5M1Epump",
  "token_symbol": "EnvoyAI",
  "entry_time": "2025-01-23T17:32:35.132690",
  "entry_price": 7.938871365788595e-06,
  "market_price": 6.903366405033561e-06,
  "position_size": 100,
  "confidence_score": 1.0,
  "features": {
    "momentum_5m": 0.0,
    "momentum_7m": 0.0,
    "trend_acceleration": 0.0,
    "price_volatility": 0.0,
    "price_change_15m": 0.0,
    "volume_momentum": 0.0
  },
  "token_age_minutes": 182.38344360000002
}