{
  "trade_id": "TRADE_20250123_141945_93",
  "token_address": "A1uh5MADxWhDvMhsmcM586Ka5SDcFMDMkM8C4GSgpump",
  "token_symbol": "NDA-8203",
  "entry_time": "2025-01-23T17:26:23.191759",
  "entry_price": 8.138632019411596e-06,
  "market_price": 7.077071321227475e-06,
  "position_size": 100,
  "confidence_score": 1.0,
  "features": {
    "momentum_5m": 0.0,
    "momentum_7m": 0.0,
    "trend_acceleration": 0.0,
    "price_volatility": 0.0,
    "price_change_15m": 0.0,
    "volume_momentum": 0.0
  },
  "token_age_minutes": 183.75722416666667
}