{
  "trade_id": "TRADE_20250123_141945_517",
  "token_address": "HxKUxcRY2P7Ts5q6cViDwc5s2hcsNHjCMigNZuejpump",
  "token_symbol": "TCH",
  "entry_time": "2025-01-23T17:40:25.171224",
  "entry_price": 8.313141585650688e-06,
  "market_price": 7.228818770131034e-06,
  "position_size": 100,
  "confidence_score": 1.0,
  "features": {
    "momentum_5m": 0.0,
    "momentum_7m": 0.0,
    "trend_acceleration": 0.0,
    "price_volatility": 0.0,
    "price_change_15m": 0.0,
    "volume_momentum": 0.0
  },
  "token_age_minutes": 186.32764461666665
}