{
  "trade_id": "TRADE_20250123_141945_285",
  "token_address": "12pskyDSZis9jMXXcwxxV9o2hCZkwtAhPhEzZi6opump",
  "token_symbol": "DTJ",
  "entry_time": "2025-01-23T17:33:28.297039",
  "entry_price": 8.287403558205933e-06,
  "market_price": 7.206437876700812e-06,
  "position_size": 100,
  "confidence_score": 1.0,
  "features": {
    "momentum_5m": 0.0,
    "momentum_7m": 0.0,
    "trend_acceleration": 0.0,
    "price_volatility": 0.0,
    "price_change_15m": 0.0,
    "volume_momentum": 0.0
  },
  "token_age_minutes": 189.25103546666665
}