{
  "trade_id": "TRADE_20250123_141945_672",
  "token_address": "FWgeeSPVpPS9HtJMhWQTF13T4y1Z11QZ3EhEzzrtpump",
  "token_symbol": "MindSage",
  "entry_time": "2025-01-23T17:45:37.555779",
  "entry_price": 8.084700215702506e-06,
  "market_price": 7.030174100610875e-06,
  "position_size": 100,
  "confidence_score": 1.0,
  "features": {
    "momentum_5m": 0.0,
    "momentum_7m": 0.0,
    "trend_acceleration": 0.0,
    "price_volatility": 0.0,
    "price_change_15m": 0.0,
    "volume_momentum": 0.0
  },
  "token_age_minutes": 189.37621535000002
}