{
  "trade_id": "TRADE_20250123_141945_876",
  "token_address": "7pP5T4Y7ZnZb8xK4MDtr8oMPbb8NYwiRpqg3hFUopump",
  "token_symbol": "NFA",
  "entry_time": "2025-01-23T17:54:36.240697",
  "entry_price": 6.02009976172554e-06,
  "market_price": 5.234869358022209e-06,
  "position_size": 100,
  "confidence_score": 1.0,
  "features": {
    "momentum_5m": 0.0,
    "momentum_7m": 0.0,
    "trend_acceleration": 0.0,
    "price_volatility": 0.0,
    "price_change_15m": 0.0,
    "volume_momentum": 0.0
  },
  "token_age_minutes": 191.03623763333331
}