{
  "trade_id": "TRADE_20250123_141945_298",
  "token_address": "AZ3f2D9nMVJutoe3xsXUKrfLmJuRSZDo52Yysxqrpump",
  "token_symbol": "TIBMB",
  "entry_time": "2025-01-23T17:33:36.487692",
  "entry_price": 8.21518609190796e-06,
  "market_price": 7.143640079919966e-06,
  "position_size": 100,
  "confidence_score": 1.0,
  "features": {
    "momentum_5m": 0.0,
    "momentum_7m": 0.0,
    "trend_acceleration": 0.0,
    "price_volatility": 0.0,
    "price_change_15m": 0.0,
    "volume_momentum": 0.0
  },
  "token_age_minutes": 181.08331548333334
}