{
  "trade_id": "TRADE_20250123_141945_524",
  "token_address": "4ZhuhHendbgfh7AuucsN4BM7UEHR6HLnyChTKg9Tpump",
  "token_symbol": "LEIA",
  "entry_time": "2025-01-23T17:40:29.353473",
  "entry_price": 8.263507391989149e-06,
  "market_price": 7.185658601729696e-06,
  "position_size": 100,
  "confidence_score": 1.0,
  "features": {
    "momentum_5m": 0.0,
    "momentum_7m": 0.0,
    "trend_acceleration": 0.0,
    "price_volatility": 0.0,
    "price_change_15m": 0.0,
    "volume_momentum": 0.0
  },
  "token_age_minutes": 189.43989031666666
}