{
  "trade_id": "TRADE_20250123_141945_293",
  "token_address": "3Pbh3LodFnYRU1YHqMuKr38sLZqabFfpjkcxJhbFpump",
  "token_symbol": "SBT",
  "entry_time": "2025-01-23T17:33:34.664628",
  "entry_price": 8.712129154479069e-06,
  "market_price": 7.575764482155713e-06,
  "position_size": 100,
  "confidence_score": 1.0,
  "features": {
    "momentum_5m": 0.0,
    "momentum_7m": 0.0,
    "trend_acceleration": 0.0,
    "price_volatility": 0.0,
    "price_change_15m": 0.0,
    "volume_momentum": 0.0
  },
  "token_age_minutes": 181.23410333333334
}