{
  "trade_id": "TRADE_20250123_141945_754",
  "token_address": "4VvAFQ37QzckeBScZzLXm137MaUqF9zeQes5rdvcpump",
  "token_symbol": "JFK",
  "entry_time": "2025-01-23T17:48:41.639564",
  "entry_price": 5.151574687407251e-06,
  "market_price": 4.479630162962828e-06,
  "position_size": 100,
  "confidence_score": 1.0,
  "features": {
    "momentum_5m": 0.0,
    "momentum_7m": 0.0,
    "trend_acceleration": 0.0,
    "price_volatility": 0.0,
    "price_change_15m": 0.010728312334176149,
    "volume_momentum": 0.0
  },
  "token_age_minutes": 180.67687385
}