{
  "trade_id": "TRADE_20250123_141945_568",
  "token_address": "44mJEwgJrG6SF1tPbm3L4sVXjw5twrhegweFTqy7pump",
  "token_symbol": "MM",
  "entry_time": "2025-01-23T17:42:29.416697",
  "entry_price": 8.646840136767433e-06,
  "market_price": 7.51899142327603e-06,
  "position_size": 100,
  "confidence_score": 1.0,
  "features": {
    "momentum_5m": 0.0,
    "momentum_7m": 0.0,
    "trend_acceleration": 0.0,
    "price_volatility": 0.0,
    "price_change_15m": 0.0,
    "volume_momentum": 0.0
  },
  "token_age_minutes": 184.08935411666667
}