{
  "trade_id": "TRADE_20250123_141945_199",
  "token_address": "3uJgZZNhWM7cGQbvsqhd47usePG1YsjAFw9NpSiHpump",
  "token_symbol": "NFTs ",
  "entry_time": "2025-01-23T17:31:24.682501",
  "entry_price": 8.145456707877795e-06,
  "market_price": 7.083005832937215e-06,
  "position_size": 100,
  "confidence_score": 1.0,
  "features": {
    "momentum_5m": 0.0,
    "momentum_7m": 0.0,
    "trend_acceleration": 0.0,
    "price_volatility": 0.0,
    "price_change_15m": 0.0,
    "volume_momentum": 0.0
  },
  "token_age_minutes": 182.15358503333334
}