{
  "trade_id": "TRADE_20250123_141945_844",
  "token_address": "6ihnoc9eKtmvpp214E4ZcyfsNVo9asLJKAsNXCDRpump",
  "token_symbol": "CUBAN",
  "entry_time": "2025-01-23T17:52:23.219558",
  "entry_price": 5.532617789898667e-06,
  "market_price": 4.810971991216232e-06,
  "position_size": 100,
  "confidence_score": 1.0,
  "features": {
    "momentum_5m": 0.0,
    "momentum_7m": 0.0,
    "trend_acceleration": 0.0,
    "price_volatility": 0.0,
    "price_change_15m": 0.0,
    "volume_momentum": 0.0
  },
  "token_age_minutes": 194.18242416666666
}