{
  "trade_id": "TRADE_20250123_141945_968",
  "token_address": "DmNcqgtGYbuZgVKPQDrNdiQXM8TTUV7u1p366EFKpump",
  "token_symbol": "EIDO",
  "entry_time": "2025-01-23T17:59:32.965876",
  "entry_price": 8.053427463231616e-06,
  "market_price": 7.002980402810101e-06,
  "position_size": 100,
  "confidence_score": 1.0,
  "features": {
    "momentum_5m": 0.0,
    "momentum_7m": 0.0,
    "trend_acceleration": 0.0,
    "price_volatility": 0.0,
    "price_change_15m": 0.0,
    "volume_momentum": 0.0
  },
  "token_age_minutes": 188.43706941666667
}