{
  "trade_id": "TRADE_20250123_141945_831",
  "token_address": "HbY2KRU3t9rkpZ1TvfHyWvwJTy4Hi7H6aU17qdwNpump",
  "token_symbol": "PlonK",
  "entry_time": "2025-01-23T17:51:38.171984",
  "entry_price": 8.048255027108741e-06,
  "market_price": 6.998482632268471e-06,
  "position_size": 100,
  "confidence_score": 1.0,
  "features": {
    "momentum_5m": 0.0,
    "momentum_7m": 0.0,
    "trend_acceleration": 0.0,
    "price_volatility": 0.0,
    "price_change_15m": 0.0,
    "volume_momentum": 0.0
  },
  "token_age_minutes": 180.35497158333334
}