{
  "trade_id": "TRADE_20250123_141945_1230",
  "token_address": "y9VDi8Z6g5g3hSSnSebYwvX1vLaytducM3MAbiFpump",
  "token_symbol": "NDAS",
  "entry_time": "2025-01-23T18:19:33.626356",
  "entry_price": 7.90745730332729e-06,
  "market_price": 6.876049828980252e-06,
  "position_size": 100,
  "confidence_score": 1.0,
  "features": {
    "momentum_5m": 0.0,
    "momentum_7m": 0.0,
    "trend_acceleration": 0.0,
    "price_volatility": 0.0,
    "price_change_15m": 0.0,
    "volume_momentum": 0.0
  },
  "token_age_minutes": 189.30962938333332
}