{
  "trade_id": "TRADE_20250123_141945_129",
  "token_address": "AbgBV66kH8n1UQibAxUhgMA3wBkTnJhx7qs5Vjq3pump",
  "token_symbol": "NDAS",
  "entry_time": "2025-01-23T17:28:28.552181",
  "entry_price": 8.227940212648173e-06,
  "market_price": 7.1547306196940635e-06,
  "position_size": 100,
  "confidence_score": 1.0,
  "features": {
    "momentum_5m": 0.0,
    "momentum_7m": 0.0,
    "trend_acceleration": 0.0,
    "price_volatility": 0.0,
    "price_change_15m": 0.0,
    "volume_momentum": 0.0
  },
  "token_age_minutes": 180.6358151166667
}