{
  "trade_id": "TRADE_20250123_141945_103",
  "token_address": "ExV4VxBYCxTUe8AH3XFPkgC9Pih9jUASFtu5PbC5pump",
  "token_symbol": " SHEPERD",
  "entry_time": "2025-01-23T17:26:31.008918",
  "entry_price": 8.174665635386166e-06,
  "market_price": 7.108404900335797e-06,
  "position_size": 100,
  "confidence_score": 1.0,
  "features": {
    "momentum_5m": 0.0,
    "momentum_7m": 0.0,
    "trend_acceleration": 0.0,
    "price_volatility": 0.0,
    "price_change_15m": 0.0,
    "volume_momentum": 0.0
  },
  "token_age_minutes": 180.64303351666666
}