{
  "trade_id": "TRADE_20250123_141945_629",
  "token_address": "FswaowYXf6wQ9PG3ZEpk78sjzqqxG1FD5FGmagiMpump",
  "token_symbol": "GF ART",
  "entry_time": "2025-01-23T17:44:27.490552",
  "entry_price": 7.960872313493213e-06,
  "market_price": 6.9224976639071425e-06,
  "position_size": 100,
  "confidence_score": 1.0,
  "features": {
    "momentum_5m": 0.0,
    "momentum_7m": 0.0,
    "trend_acceleration": 0.0,
    "price_volatility": 0.0,
    "price_change_15m": 0.0,
    "volume_momentum": 0.0
  },
  "token_age_minutes": 180.48814583333333
}