{
  "trade_id": "TRADE_20250123_141945_1276",
  "token_address": "HBqn2bnTmoLxtxiWcVpLR1B8XxywtcSLRg55ozeYpump",
  "token_symbol": "Zit",
  "entry_time": "2025-01-23T18:23:40.078806",
  "entry_price": 8.13812699956383e-06,
  "market_price": 7.076632173533766e-06,
  "position_size": 100,
  "confidence_score": 1.0,
  "features": {
    "momentum_5m": 0.0,
    "momentum_7m": 0.0,
    "trend_acceleration": 0.0,
    "price_volatility": 0.0,
    "price_change_15m": 0.0,
    "volume_momentum": 0.0
  },
  "token_age_minutes": 217.35276411666666
}