{
  "trade_id": "TRADE_20250123_141945_180",
  "token_address": "HWBF8ebMWaA8ZzYkEE7W6Rgxhew7vA3Wxn1uZu6Kpump",
  "token_symbol": "77.7MMcap",
  "entry_time": "2025-01-23T17:30:29.768031",
  "entry_price": 8.09614069524307e-06,
  "market_price": 7.040122343689628e-06,
  "position_size": 100,
  "confidence_score": 1.0,
  "features": {
    "momentum_5m": 0.0,
    "momentum_7m": 0.0,
    "trend_acceleration": 0.0,
    "price_volatility": 0.0,
    "price_change_15m": 0.0,
    "volume_momentum": 0.0
  },
  "token_age_minutes": 189.08740924999998
}