{
  "trade_id": "TRADE_20250123_141945_1116",
  "token_address": "B35i1P9PzYTRuqsCFfadXHo23Ge2y2D7LE9ipDsnpump",
  "token_symbol": "FOX",
  "entry_time": "2025-01-23T18:09:36.684582",
  "entry_price": 7.980933198497496e-06,
  "market_price": 6.939941911736954e-06,
  "position_size": 100,
  "confidence_score": 1.0,
  "features": {
    "momentum_5m": 0.0,
    "momentum_7m": 0.0,
    "trend_acceleration": 0.0,
    "price_volatility": 0.0,
    "price_change_15m": 0.0,
    "volume_momentum": 0.0
  },
  "token_age_minutes": 220.03066303333333
}