{
  "trade_id": "TRADE_20250123_141945_282",
  "token_address": "3UfsWHuWL6Ewnn2KE8Bq1qL4K33NAiFBfQziGfWhpump",
  "token_symbol": "MADY",
  "entry_time": "2025-01-23T17:33:26.117511",
  "entry_price": 8.23825122023233e-06,
  "market_price": 7.163696713245506e-06,
  "position_size": 100,
  "confidence_score": 1.0,
  "features": {
    "momentum_5m": 0.0,
    "momentum_7m": 0.0,
    "trend_acceleration": 0.0,
    "price_volatility": 0.0,
    "price_change_15m": 0.0,
    "volume_momentum": 0.0
  },
  "token_age_minutes": 188.13239148333332
}