{
  "trade_id": "TRADE_20250123_141945_209",
  "token_address": "4EuV5YrJcy7joLZxFTXB6d91fEHMVpuWbKgkx9D1pump",
  "token_symbol": "COLO",
  "entry_time": "2025-01-23T17:31:30.169317",
  "entry_price": 8.249061667830461e-06,
  "market_price": 7.173097102461271e-06,
  "position_size": 100,
  "confidence_score": 1.0,
  "features": {
    "momentum_5m": 0.0,
    "momentum_7m": 0.0,
    "trend_acceleration": 0.0,
    "price_volatility": 0.0,
    "price_change_15m": 0.0,
    "volume_momentum": 0.0
  },
  "token_age_minutes": 187.11807566666667
}