{
  "trade_id": "TRADE_20250123_141945_561",
  "token_address": "72DCFBERzBZBy731XqPTpRZCE6LaCJuQqT227yQTpump",
  "token_symbol": "slibar",
  "entry_time": "2025-01-23T17:42:21.593838",
  "entry_price": 8.278376389399341e-06,
  "market_price": 7.198588164695079e-06,
  "position_size": 100,
  "confidence_score": 1.0,
  "features": {
    "momentum_5m": 0.0,
    "momentum_7m": 0.0,
    "trend_acceleration": 0.0,
    "price_volatility": 0.0,
    "price_change_15m": 0.0,
    "volume_momentum": 0.0
  },
  "token_age_minutes": 188.27327151666665
}