{
  "trade_id": "TRADE_20250123_141945_510",
  "token_address": "As7Fza2RqLLeGRzrSAKND9n9nhJMQb8n1VGgG9dwpump",
  "token_symbol": "WHO",
  "entry_time": "2025-01-23T17:40:23.836204",
  "entry_price": 8.247170380277223e-06,
  "market_price": 7.171452504588891e-06,
  "position_size": 100,
  "confidence_score": 1.0,
  "features": {
    "momentum_5m": 0.0,
    "momentum_7m": 0.0,
    "trend_acceleration": 0.0,
    "price_volatility": 0.0,
    "price_change_15m": 0.0,
    "volume_momentum": 0.0
  },
  "token_age_minutes": 189.48412148333333
}