{
  "trade_id": "TRADE_20250123_141945_1005",
  "token_address": "6VRBALrkpXo3AFeqpN7GiC9eU5TkXrrxxTVL8fGmpump",
  "token_symbol": "DPED",
  "entry_time": "2025-01-23T18:02:26.897452",
  "entry_price": 8.02772796880123e-06,
  "market_price": 6.980633016348896e-06,
  "position_size": 100,
  "confidence_score": 1.0,
  "features": {
    "momentum_5m": 0.0,
    "momentum_7m": 0.0,
    "trend_acceleration": 0.0,
    "price_volatility": 0.0,
    "price_change_15m": 0.0,
    "volume_momentum": 0.0
  },
  "token_age_minutes": 193.17688613333334
}