{
  "trade_id": "TRADE_20250123_141945_91",
  "token_address": "G5XjC4cxAm9xxDKqbPSu4aK9BsHvXihh1DUB3wWrpump",
  "token_symbol": "MOONG",
  "entry_time": "2025-01-23T17:26:23.051827",
  "entry_price": 8.215770368420695e-06,
  "market_price": 7.144148146452779e-06,
  "position_size": 100,
  "confidence_score": 1.0,
  "features": {
    "momentum_5m": 0.0,
    "momentum_7m": 0.0,
    "trend_acceleration": 0.0,
    "price_volatility": 0.0,
    "price_change_15m": 0.0,
    "volume_momentum": 0.0
  },
  "token_age_minutes": 181.72991731666667
}