{
  "trade_id": "TRADE_20250123_141945_899",
  "token_address": "3u6vukhugEeZ3DD4NcddPMJ9XXrKsx7EzkV4qnhfpump",
  "token_symbol": "NDT",
  "entry_time": "2025-01-23T17:56:30.828948",
  "entry_price": 8.380556058277653e-06,
  "market_price": 7.28744005067622e-06,
  "position_size": 100,
  "confidence_score": 1.0,
  "features": {
    "momentum_5m": 0.0,
    "momentum_7m": 0.0,
    "trend_acceleration": 0.0,
    "price_volatility": 0.0,
    "price_change_15m": 0.0,
    "volume_momentum": 0.0
  },
  "token_age_minutes": 191.25468973333332
}