{
  "trade_id": "TRADE_20250123_141945_1157",
  "token_address": "DyyrX9kh3QoRspXXL2g4veJWL7g5FRSpSgc6rhZMpump",
  "token_symbol": "(TMT)",
  "entry_time": "2025-01-23T18:14:32.816546",
  "entry_price": 8.055371326493672e-06,
  "market_price": 7.0046707186901505e-06,
  "position_size": 100,
  "confidence_score": 1.0,
  "features": {
    "momentum_5m": 0.0,
    "momentum_7m": 0.0,
    "trend_acceleration": 0.0,
    "price_volatility": 0.0,
    "price_change_15m": 0.0,
    "volume_momentum": 0.0
  },
  "token_age_minutes": 201.31412173333334
}