{
  "trade_id": "TRADE_20250123_141945_1167",
  "token_address": "9JQs1CPAyVEqxu1h7jhnYfSXH1YT65Punn8T75TRpump",
  "token_symbol": "Aivatar",
  "entry_time": "2025-01-23T18:15:28.461974",
  "entry_price": 8.226171370620049e-06,
  "market_price": 7.1531924961913476e-06,
  "position_size": 100,
  "confidence_score": 1.0,
  "features": {
    "momentum_5m": 0.0,
    "momentum_7m": 0.0,
    "trend_acceleration": 0.0,
    "price_volatility": 0.0,
    "price_change_15m": 0.0,
    "volume_momentum": 0.0
  },
  "token_age_minutes": 216.44631773333333
}