{
  "trade_id": "TRADE_20250123_141945_1110",
  "token_address": "Am2gSjPSrnRYUukxwuzm1W4AUNFxaL1FMMZjzTTZpump",
  "token_symbol": "ib",
  "entry_time": "2025-01-23T18:08:28.754315",
  "entry_price": 8.526576544020354e-06,
  "market_price": 7.414414386104657e-06,
  "position_size": 100,
  "confidence_score": 1.0,
  "features": {
    "momentum_5m": 0.0,
    "momentum_7m": 0.0,
    "trend_acceleration": 0.0,
    "price_volatility": 0.0,
    "price_change_15m": 0.0,
    "volume_momentum": 0.0
  },
  "token_age_minutes": 209.17876591666666
}