{
  "trade_id": "TRADE_20250123_141945_564",
  "token_address": "6S9xM44pamUtWH9fBzs8xKFYJRfkd12JseV8LaURpump",
  "token_symbol": "Tackleagle",
  "entry_time": "2025-01-23T17:42:25.018490",
  "entry_price": 8.49842438090824e-06,
  "market_price": 7.389934244268035e-06,
  "position_size": 100,
  "confidence_score": 1.0,
  "features": {
    "momentum_5m": 0.0,
    "momentum_7m": 0.0,
    "trend_acceleration": 0.0,
    "price_volatility": 0.0,
    "price_change_15m": 0.0,
    "volume_momentum": 0.0
  },
  "token_age_minutes": 183.07966883333333
}