{
  "trade_id": "TRADE_20250123_141945_521",
  "token_address": "B7UMg4KHuT9WftJs8SoNU75JrA9LejfwnmSZWxyBpump",
  "token_symbol": "EU",
  "entry_time": "2025-01-23T17:40:29.207473",
  "entry_price": 8.468584931150192e-06,
  "market_price": 7.363986896652341e-06,
  "position_size": 100,
  "confidence_score": 1.0,
  "features": {
    "momentum_5m": 0.0,
    "momentum_7m": 0.0,
    "trend_acceleration": 0.0,
    "price_volatility": 0.0,
    "price_change_15m": 0.0,
    "volume_momentum": 0.0
  },
  "token_age_minutes": 189.67635389999998
}