{
  "trade_id": "TRADE_20250123_141945_1046",
  "token_address": "8cY5cHgDhtTqcP8yUNfm34nd8hSKAtxjzsmvhcDpump",
  "token_symbol": "14067",
  "entry_time": "2025-01-23T18:04:41.528542",
  "entry_price": 8.239636808862432e-06,
  "market_price": 7.1649015729238554e-06,
  "position_size": 100,
  "confidence_score": 1.0,
  "features": {
    "momentum_5m": 0.0,
    "momentum_7m": 0.0,
    "trend_acceleration": 0.0,
    "price_volatility": 0.0,
    "price_change_15m": 0.0,
    "volume_momentum": 0.0
  },
  "token_age_minutes": 182.53138173333335
}