{
  "trade_id": "TRADE_20250123_141945_1158",
  "token_address": "kHE3AU9mkehaAfps1t47AhJG7juyd3woW9zVXDKpump",
  "token_symbol": "NDMS",
  "entry_time": "2025-01-23T18:14:32.826547",
  "entry_price": 5.606615081105265e-06,
  "market_price": 4.875317461830665e-06,
  "position_size": 100,
  "confidence_score": 1.0,
  "features": {
    "momentum_5m": 0.0,
    "momentum_7m": 0.0,
    "trend_acceleration": 0.0,
    "price_volatility": 0.0,
    "price_change_15m": 0.00126351799243829,
    "volume_momentum": 0.0
  },
  "token_age_minutes": 215.23650311666668
}