{
  "trade_id": "TRADE_20250123_141945_1053",
  "token_address": "AjWDoq4YWqPT6i3RmQMmiMRSRE3PaT51DQ9egvi1pump",
  "token_symbol": "GIGGA.FAT",
  "entry_time": "2025-01-23T18:05:38.285629",
  "entry_price": 7.934371360573163e-06,
  "market_price": 6.8994533570201415e-06,
  "position_size": 100,
  "confidence_score": 1.0,
  "features": {
    "momentum_5m": 0.0,
    "momentum_7m": 0.0,
    "trend_acceleration": 0.0,
    "price_volatility": 0.0,
    "price_change_15m": 0.0,
    "volume_momentum": 0.0
  },
  "token_age_minutes": 180.60143426666667
}