{
  "trade_id": "TRADE_20250123_141945_929",
  "token_address": "7XjfdwcRequx2d28ucbhWokmnxp4DPxFv8a3xZxhpump",
  "token_symbol": "VORA ",
  "entry_time": "2025-01-23T17:57:35.145800",
  "entry_price": 8.227813738337812e-06,
  "market_price": 7.154620642032881e-06,
  "position_size": 100,
  "confidence_score": 1.0,
  "features": {
    "momentum_5m": 0.0,
    "momentum_7m": 0.0,
    "trend_acceleration": 0.0,
    "price_volatility": 0.0,
    "price_change_15m": 0.0,
    "volume_momentum": 0.0
  },
  "token_age_minutes": 200.09859693333334
}