{
  "trade_id": "TRADE_20250123_141945_156",
  "token_address": "CH4Snt8X1VVEWN7ry5P5HF1AZYzSDWg1XDrYW1k7pump",
  "token_symbol": "SOLANA",
  "entry_time": "2025-01-23T17:29:40.152525",
  "entry_price": 8.23697348520166e-06,
  "market_price": 7.1625856393057915e-06,
  "position_size": 100,
  "confidence_score": 1.0,
  "features": {
    "momentum_5m": 0.0,
    "momentum_7m": 0.0,
    "trend_acceleration": 0.0,
    "price_volatility": 0.0,
    "price_change_15m": -0.05535524924233115,
    "volume_momentum": 0.0
  },
  "token_age_minutes": 181.04738976666667
}