{
  "trade_id": "TRADE_20250123_141945_268",
  "token_address": "EJkHX5CLmCfRsv69pgQcxB1ru7NezTnesATvM5Sipump",
  "token_symbol": "KLIKS",
  "entry_time": "2025-01-23T17:32:37.985603",
  "entry_price": 8.279393068758257e-06,
  "market_price": 7.199472233702833e-06,
  "position_size": 100,
  "confidence_score": 1.0,
  "features": {
    "momentum_5m": 0.0,
    "momentum_7m": 0.0,
    "trend_acceleration": 0.0,
    "price_volatility": 0.0,
    "price_change_15m": 0.0,
    "volume_momentum": 0.0
  },
  "token_age_minutes": 180.19134131666667
}