{
  "trade_id": "TRADE_20250123_141945_1040",
  "token_address": "4rdz6AoMaB99qZKbRSU27Fqdby8yVX5z56p48oJWpump",
  "token_symbol": "FREEDOM",
  "entry_time": "2025-01-23T18:04:37.206244",
  "entry_price": 8.403063888914837e-06,
  "market_price": 7.3070120773172504e-06,
  "position_size": 100,
  "confidence_score": 1.0,
  "features": {
    "momentum_5m": 0.0,
    "momentum_7m": 0.0,
    "trend_acceleration": 0.0,
    "price_volatility": 0.0,
    "price_change_15m": 0.0,
    "volume_momentum": 0.0
  },
  "token_age_minutes": 199.57068130000002
}