{
  "trade_id": "TRADE_20250123_141945_606",
  "token_address": "9fQGzZPh6RfEN9qpxwxGSaH6GhaWT1RVJhQHZg1Gpump",
  "token_symbol": "SFR",
  "entry_time": "2025-01-23T17:43:35.758876",
  "entry_price": 8.295114261498374e-06,
  "market_price": 7.213142836085543e-06,
  "position_size": 100,
  "confidence_score": 1.0,
  "features": {
    "momentum_5m": 0.0,
    "momentum_7m": 0.0,
    "trend_acceleration": 0.0,
    "price_volatility": 0.0,
    "price_change_15m": 0.0,
    "volume_momentum": 0.0
  },
  "token_age_minutes": 184.77947726666667
}