{
  "trade_id": "TRADE_20250123_141945_800",
  "token_address": "9K3r7fUg9yjmsBceffTYiFM1copVE2H1oGYjV65tpump",
  "token_symbol": "RUSSIA",
  "entry_time": "2025-01-23T17:51:26.734056",
  "entry_price": 7.93355282045652e-06,
  "market_price": 6.8987415830056695e-06,
  "position_size": 100,
  "confidence_score": 1.0,
  "features": {
    "momentum_5m": 0.0,
    "momentum_7m": 0.0,
    "trend_acceleration": 0.0,
    "price_volatility": 0.0,
    "price_change_15m": 0.0,
    "volume_momentum": 0.0
  },
  "token_age_minutes": 183.55981821666668
}