{
  "trade_id": "TRADE_20250123_141945_1163",
  "token_address": "2eN83FCxMvrQ78XjKgfAMsgGWMdk7Prq7qXPp3rspump",
  "token_symbol": "WWR",
  "entry_time": "2025-01-23T18:14:37.047234",
  "entry_price": 8.435633677490624e-06,
  "market_price": 7.335333632600543e-06,
  "position_size": 100,
  "confidence_score": 1.0,
  "features": {
    "momentum_5m": 0.0,
    "momentum_7m": 0.0,
    "trend_acceleration": 0.0,
    "price_volatility": 0.0,
    "price_change_15m": 0.0,
    "volume_momentum": 0.0
  },
  "token_age_minutes": 187.66790916666665
}