{
  "trade_id": "TRADE_20250123_141945_257",
  "token_address": "76xtiod7zLKYDP97QVwfCtQagu1NMLGP3Kq43Efwpump",
  "token_symbol": "AGORIA",
  "entry_time": "2025-01-23T17:32:33.429558",
  "entry_price": 8.249526516880805e-06,
  "market_price": 7.173501319026787e-06,
  "position_size": 100,
  "confidence_score": 1.0,
  "features": {
    "momentum_5m": 0.0,
    "momentum_7m": 0.0,
    "trend_acceleration": 0.0,
    "price_volatility": 0.0,
    "price_change_15m": 0.0,
    "volume_momentum": 0.0
  },
  "token_age_minutes": 189.93302078333332
}