{
  "trade_id": "TRADE_20250123_141945_1174",
  "token_address": "2eBDzB34UvM92RBAvDp7DdEqN9qqPjX8hmMGK8Qqpump",
  "token_symbol": "PWG",
  "entry_time": "2025-01-23T18:15:34.708626",
  "entry_price": 8.162008092084383e-06,
  "market_price": 7.097398340942942e-06,
  "position_size": 100,
  "confidence_score": 1.0,
  "features": {
    "momentum_5m": 0.0,
    "momentum_7m": 0.0,
    "trend_acceleration": 0.0,
    "price_volatility": 0.0,
    "price_change_15m": 0.0,
    "volume_momentum": 0.0
  },
  "token_age_minutes": 209.38662778333335
}