{
  "trade_id": "TRADE_20250123_141945_167",
  "token_address": "Fcpg8dz8s526tWtj9NAYSyAP7kdHmVbCYhR5g2iWpump",
  "token_symbol": "RTRS-743CB",
  "entry_time": "2025-01-23T17:30:28.431406",
  "entry_price": 8.25465882202777e-06,
  "market_price": 7.177964193067627e-06,
  "position_size": 100,
  "confidence_score": 1.0,
  "features": {
    "momentum_5m": 0.0,
    "momentum_7m": 0.0,
    "trend_acceleration": 0.0,
    "price_volatility": 0.0,
    "price_change_15m": 0.0,
    "volume_momentum": 0.0
  },
  "token_age_minutes": 190.26730356666667
}