{
  "trade_id": "TRADE_20250123_141945_128",
  "token_address": "3xb9TBDuHpn9nDEQR97yYMztJjqct2AAmYv2MZZEpump",
  "token_symbol": "Kwai",
  "entry_time": "2025-01-23T17:28:26.137077",
  "entry_price": 8.260881187430499e-06,
  "market_price": 7.1833749455917395e-06,
  "position_size": 100,
  "confidence_score": 1.0,
  "features": {
    "momentum_5m": 0.0,
    "momentum_7m": 0.0,
    "trend_acceleration": 0.0,
    "price_volatility": 0.0,
    "price_change_15m": 0.0,
    "volume_momentum": 0.0
  },
  "token_age_minutes": 180.43871666666666
}