{
  "trade_id": "TRADE_20250123_141945_1205",
  "token_address": "Hbk5PRmXxZgZ1S2dbcpCf8vdssjJSMsDgtTxrkskpump",
  "token_symbol": "0.18",
  "entry_time": "2025-01-23T18:17:33.643166",
  "entry_price": 8.598100131443142e-06,
  "market_price": 7.476608809950559e-06,
  "position_size": 100,
  "confidence_score": 1.0,
  "features": {
    "momentum_5m": 0.0,
    "momentum_7m": 0.0,
    "trend_acceleration": 0.0,
    "price_volatility": 0.0,
    "price_change_15m": 0.0,
    "volume_momentum": 0.0
  },
  "token_age_minutes": 183.54769691666667
}