{
  "trade_id": "TRADE_20250123_141945_771",
  "token_address": "44v2d5H1ucnbRoRxCKs2j3HBQDwAovs5N7T76yFKpump",
  "token_symbol": "dexquark",
  "entry_time": "2025-01-23T17:49:41.234486",
  "entry_price": 8.24087366336718e-06,
  "market_price": 7.165977098580158e-06,
  "position_size": 100,
  "confidence_score": 1.0,
  "features": {
    "momentum_5m": 0.0,
    "momentum_7m": 0.0,
    "trend_acceleration": 0.0,
    "price_volatility": 0.0,
    "price_change_15m": 0.0,
    "volume_momentum": 0.0
  },
  "token_age_minutes": 180.58223248333334
}