{
  "trade_id": "TRADE_20250123_141945_514",
  "token_address": "J7tVfJiAojkeK19ZnzuBL3o8jUdaM3ef35nvygeopump",
  "token_symbol": "DAS",
  "entry_time": "2025-01-23T17:40:24.507761",
  "entry_price": 8.123167876417943e-06,
  "market_price": 7.06362424036343e-06,
  "position_size": 100,
  "confidence_score": 1.0,
  "features": {
    "momentum_5m": 0.0,
    "momentum_7m": 0.0,
    "trend_acceleration": 0.0,
    "price_volatility": 0.0,
    "price_change_15m": 0.0,
    "volume_momentum": 0.0
  },
  "token_age_minutes": 180.73028161666667
}