{
  "trade_id": "TRADE_20250123_141945_350",
  "token_address": "88U3f67NoVKUhEj2DkdehNHioKVjArkmEmbXvLNBpump",
  "token_symbol": "Twg1mcbot",
  "entry_time": "2025-01-23T17:36:24.436031",
  "entry_price": 8.253232525714924e-06,
  "market_price": 7.176723935404282e-06,
  "position_size": 100,
  "confidence_score": 1.0,
  "features": {
    "momentum_5m": 0.0,
    "momentum_7m": 0.0,
    "trend_acceleration": 0.0,
    "price_volatility": 0.0,
    "price_change_15m": 0.0,
    "volume_momentum": 0.0
  },
  "token_age_minutes": 189.23605031666665
}