{
  "trade_id": "TRADE_20250123_141945_340",
  "token_address": "7jw7USu2FMm65pkqsE1MaE8a3Bhdw4pgkbJZXsQzpump",
  "token_symbol": "NDAS",
  "entry_time": "2025-01-23T17:35:32.966505",
  "entry_price": 0.0002522441153843269,
  "market_price": 0.0002193427090298495,
  "position_size": 100,
  "confidence_score": 1.0,
  "features": {
    "momentum_5m": 0.0,
    "momentum_7m": 0.0,
    "trend_acceleration": 0.0,
    "price_volatility": 0.0,
    "price_change_15m": 0.0,
    "volume_momentum": 0.0
  },
  "token_age_minutes": 180.7228623
}