{
  "trade_id": "TRADE_20250123_141945_106",
  "token_address": "8reTeVUEzLNTUGb724kFYVYZxVtVV7dQmny81nqdpump",
  "token_symbol": "RTRS",
  "entry_time": "2025-01-23T17:26:32.060957",
  "entry_price": 8.011355305686885e-06,
  "market_price": 6.966395917988597e-06,
  "position_size": 100,
  "confidence_score": 1.0,
  "features": {
    "momentum_5m": 0.0,
    "momentum_7m": 0.0,
    "trend_acceleration": 0.0,
    "price_volatility": 0.0,
    "price_change_15m": 0.0,
    "volume_momentum": 0.0
  },
  "token_age_minutes": 186.48784433333333
}