{
  "trade_id": "TRADE_20250123_141945_442",
  "token_address": "2ZjGFmGhkpoP9KK7MyLd7JPjPZGXoJNLid2u9Rxqpump",
  "token_symbol": "VIBES",
  "entry_time": "2025-01-23T17:38:32.020018",
  "entry_price": 7.937990690842732e-06,
  "market_price": 6.902600600732811e-06,
  "position_size": 100,
  "confidence_score": 1.0,
  "features": {
    "momentum_5m": 0.0,
    "momentum_7m": 0.0,
    "trend_acceleration": 0.0,
    "price_volatility": 0.0,
    "price_change_15m": 0.0,
    "volume_momentum": 0.0
  },
  "token_age_minutes": 187.52538504999998
}