{
  "trade_id": "TRADE_20250123_141945_1292",
  "token_address": "HvqZFftnkX6943LePjKYPcjhAZ47NG2W3xE65BQBpump",
  "token_symbol": "ELONVINE",
  "entry_time": "2025-01-23T18:24:39.215696",
  "entry_price": 7.977637901321468e-06,
  "market_price": 6.937076435931713e-06,
  "position_size": 100,
  "confidence_score": 1.0,
  "features": {
    "momentum_5m": 0.0,
    "momentum_7m": 0.0,
    "trend_acceleration": 0.0,
    "price_volatility": 0.0,
    "price_change_15m": 0.0,
    "volume_momentum": 0.0
  },
  "token_age_minutes": 180.70177073333335
}