{
  "trade_id": "TRADE_20250123_141945_348",
  "token_address": "FW8rBU6LqnhX2B1jh4Goz21JV6Gqw5QnUPREGs4ppump",
  "token_symbol": "EXEPump",
  "entry_time": "2025-01-23T17:35:40.183482",
  "entry_price": 8.264030095101555e-06,
  "market_price": 7.1861131261752664e-06,
  "position_size": 100,
  "confidence_score": 1.0,
  "features": {
    "momentum_5m": 0.0,
    "momentum_7m": 0.0,
    "trend_acceleration": 0.0,
    "price_volatility": 0.0,
    "price_change_15m": 0.0,
    "volume_momentum": 0.0
  },
  "token_age_minutes": 190.81430758333332
}