{
  "trade_id": "TRADE_20250123_141945_738",
  "token_address": "6FF3jtvL3VYyYSkuidemLBH9WSA3P81SPLkAgqAUpump",
  "token_symbol": "SNDA",
  "entry_time": "2025-01-23T17:48:29.612170",
  "entry_price": 8.075020229942089e-06,
  "market_price": 7.021756721688773e-06,
  "position_size": 100,
  "confidence_score": 1.0,
  "features": {
    "momentum_5m": 0.0,
    "momentum_7m": 0.0,
    "trend_acceleration": 0.0,
    "price_volatility": 0.0,
    "price_change_15m": 0.0,
    "volume_momentum": 0.0
  },
  "token_age_minutes": 184.33323626666666
}