{
  "trade_id": "TRADE_20250123_141945_334",
  "token_address": "ELZN6uq9ruPNq2bv4P8ZEYuUhGrx7E4wGAT43ApHpump",
  "token_symbol": "John AI",
  "entry_time": "2025-01-23T17:35:27.731448",
  "entry_price": 8.43816334522392e-06,
  "market_price": 7.3375333436729744e-06,
  "position_size": 100,
  "confidence_score": 1.0,
  "features": {
    "momentum_5m": 0.0,
    "momentum_7m": 0.0,
    "trend_acceleration": 0.0,
    "price_volatility": 0.0,
    "price_change_15m": 0.0,
    "volume_momentum": 0.0
  },
  "token_age_minutes": 185.70239868333334
}