{
  "trade_id": "TRADE_20250123_141945_997",
  "token_address": "647tkciRgwfw51gJbqgGz6FiinvTJattPFsXx6QTpump",
  "token_symbol": "COLO",
  "entry_time": "2025-01-23T18:01:26.665357",
  "entry_price": 8.252104759858672e-06,
  "market_price": 7.175743269442325e-06,
  "position_size": 100,
  "confidence_score": 1.0,
  "features": {
    "momentum_5m": 0.0,
    "momentum_7m": 0.0,
    "trend_acceleration": 0.0,
    "price_volatility": 0.0,
    "price_change_15m": 0.0,
    "volume_momentum": 0.0
  },
  "token_age_minutes": 215.10402576666667
}