{
  "trade_id": "TRADE_20250123_141945_529",
  "token_address": "zGbsE7zFzQPzG9w3eCFjtZehkhN61rdo3WTpi9Kpump",
  "token_symbol": "DT",
  "entry_time": "2025-01-23T17:40:35.816276",
  "entry_price": 8.303547174944506e-06,
  "market_price": 7.2204758042995715e-06,
  "position_size": 100,
  "confidence_score": 1.0,
  "features": {
    "momentum_5m": 0.0,
    "momentum_7m": 0.0,
    "trend_acceleration": 0.0,
    "price_volatility": 0.0,
    "price_change_15m": 0.0,
    "volume_momentum": 0.0
  },
  "token_age_minutes": 180.47930201666668
}