{
  "trade_id": "TRADE_20250123_141945_993",
  "token_address": "Ao5Fm2GJ6KbKApV3qcnUanehAVbfdZsoKn1o8qJjpump",
  "token_symbol": "SK$",
  "entry_time": "2025-01-23T18:00:39.516352",
  "entry_price": 7.944535565651412e-06,
  "market_price": 6.908291796218619e-06,
  "position_size": 100,
  "confidence_score": 1.0,
  "features": {
    "momentum_5m": 0.0,
    "momentum_7m": 0.0,
    "trend_acceleration": 0.0,
    "price_volatility": 0.0,
    "price_change_15m": 0.0,
    "volume_momentum": 0.0
  },
  "token_age_minutes": 180.68128758333333
}