{
  "trade_id": "TRADE_20250123_141945_894",
  "token_address": "5MAAoRgkLstT9WqcGuXF68kSH8vLj4R9JoDdns3Fpump",
  "token_symbol": "STOCKPILE",
  "entry_time": "2025-01-23T17:56:30.098249",
  "entry_price": 8.504431718942539e-06,
  "market_price": 7.395158016471773e-06,
  "position_size": 100,
  "confidence_score": 1.0,
  "features": {
    "momentum_5m": 0.0,
    "momentum_7m": 0.0,
    "trend_acceleration": 0.0,
    "price_volatility": 0.0,
    "price_change_15m": 0.0,
    "volume_momentum": 0.0
  },
  "token_age_minutes": 191.34424804999998
}