{
  "trade_id": "TRADE_20250123_141945_316",
  "token_address": "HcxRY9WbbBc2xHPycZf3jpJJfUmUbEmETgRXq6E6pump",
  "token_symbol": "NMS",
  "entry_time": "2025-01-23T17:34:35.481470",
  "entry_price": 8.277823712989243e-06,
  "market_price": 7.1981075765123864e-06,
  "position_size": 100,
  "confidence_score": 1.0,
  "features": {
    "momentum_5m": 0.0,
    "momentum_7m": 0.0,
    "trend_acceleration": 0.0,
    "price_volatility": 0.0,
    "price_change_15m": 0.0,
    "volume_momentum": 0.0
  },
  "token_age_minutes": 180.51024871666667
}