{
  "trade_id": "TRADE_20250123_141945_507",
  "token_address": "9k8tXQWsg9nJedK5WbynN4mduCHVbXqZDohxbBBMpump",
  "token_symbol": "NDAR",
  "entry_time": "2025-01-23T17:40:22.800076",
  "entry_price": 9.257134880784735e-06,
  "market_price": 8.049682505030204e-06,
  "position_size": 100,
  "confidence_score": 1.0,
  "features": {
    "momentum_5m": 0.0,
    "momentum_7m": 0.0,
    "trend_acceleration": 0.0,
    "price_volatility": 0.0,
    "price_change_15m": 0.0,
    "volume_momentum": 0.0
  },
  "token_age_minutes": 185.04454593333332
}