{
  "trade_id": "TRADE_20250123_141945_305",
  "token_address": "AU71qdMXtUT56BDhfqn9qXVXwu9RyvcspBGjXARrpump",
  "token_symbol": "RTRS",
  "entry_time": "2025-01-23T17:34:26.623581",
  "entry_price": 8.262067634879976e-06,
  "market_price": 7.184406639026066e-06,
  "position_size": 100,
  "confidence_score": 1.0,
  "features": {
    "momentum_5m": 0.0,
    "momentum_7m": 0.0,
    "trend_acceleration": 0.0,
    "price_volatility": 0.0,
    "price_change_15m": 0.0,
    "volume_momentum": 0.0
  },
  "token_age_minutes": 192.6478115666667
}