{
  "trade_id": "TRADE_20250123_141945_1136",
  "token_address": "DMCwJUAS9XgyynHStMy45CTZbyVsqF1ohDcpgj6Apump",
  "token_symbol": "EIDO",
  "entry_time": "2025-01-23T18:11:39.841601",
  "entry_price": 8.177498680790343e-06,
  "market_price": 7.11086841807856e-06,
  "position_size": 100,
  "confidence_score": 1.0,
  "features": {
    "momentum_5m": 0.0,
    "momentum_7m": 0.0,
    "trend_acceleration": 0.0,
    "price_volatility": 0.0,
    "price_change_15m": 0.0,
    "volume_momentum": 0.0
  },
  "token_age_minutes": 204.66693761666664
}