{
  "trade_id": "TRADE_20250123_141945_146",
  "token_address": "3jdxnvByCu9gUvA1mixf8SVDoF1eFjVVBi5DDiyxpump",
  "token_symbol": "Pepe",
  "entry_time": "2025-01-23T17:29:29.014989",
  "entry_price": 8.557434658865683e-06,
  "market_price": 7.44124752944842e-06,
  "position_size": 100,
  "confidence_score": 1.0,
  "features": {
    "momentum_5m": 0.0,
    "momentum_7m": 0.0,
    "trend_acceleration": 0.0,
    "price_volatility": 0.0,
    "price_change_15m": 0.0,
    "volume_momentum": 0.0
  },
  "token_age_minutes": 183.72822781666667
}