{
  "trade_id": "TRADE_20250123_141945_808",
  "token_address": "HYiDA1ZD4Jn5dL7uTTorap3vppgpBdbCBapffUKtpump",
  "token_symbol": "UNCR",
  "entry_time": "2025-01-23T17:51:29.731515",
  "entry_price": 8.017160764849447e-06,
  "market_price": 6.971444143347346e-06,
  "position_size": 100,
  "confidence_score": 1.0,
  "features": {
    "momentum_5m": 0.0,
    "momentum_7m": 0.0,
    "trend_acceleration": 0.0,
    "price_volatility": 0.0,
    "price_change_15m": 0.0,
    "volume_momentum": 0.0
  },
  "token_age_minutes": 186.89267556666667
}