{
  "trade_id": "TRADE_20250123_141945_659",
  "token_address": "HmpPoL3fZH28gwUFLZ1faJ12TXrbmqfKRe4GZvGJpump",
  "token_symbol": "DIGITALAI",
  "entry_time": "2025-01-23T17:45:27.895300",
  "entry_price": 8.266039881499572e-06,
  "market_price": 7.187860766521368e-06,
  "position_size": 100,
  "confidence_score": 1.0,
  "features": {
    "momentum_5m": 0.0,
    "momentum_7m": 0.0,
    "trend_acceleration": 0.0,
    "price_volatility": 0.0,
    "price_change_15m": 0.0,
    "volume_momentum": 0.0
  },
  "token_age_minutes": 185.13166226666667
}