{
  "trade_id": "TRADE_20250123_141945_638",
  "token_address": "7zv69R3CLdqoeXmUtUZMawrQjubFXiuGDJPp8F3Rpump",
  "token_symbol": "TIPOB",
  "entry_time": "2025-01-23T17:44:31.575569",
  "entry_price": 8.536846098833819e-06,
  "market_price": 7.423344433768539e-06,
  "position_size": 100,
  "confidence_score": 1.0,
  "features": {
    "momentum_5m": 0.0,
    "momentum_7m": 0.0,
    "trend_acceleration": 0.0,
    "price_volatility": 0.0,
    "price_change_15m": 0.0,
    "volume_momentum": 0.0
  },
  "token_age_minutes": 180.35103941666665
}