{
  "trade_id": "TRADE_20250123_141945_1171",
  "token_address": "6hG1ES3sLqcqWeysEJty6PVs1seqgBt3WyamNbR3pump",
  "token_symbol": "SNDFS",
  "entry_time": "2025-01-23T18:15:30.410841",
  "entry_price": 9.186115469242722e-06,
  "market_price": 7.987926494993672e-06,
  "position_size": 100,
  "confidence_score": 1.0,
  "features": {
    "momentum_5m": 0.0,
    "momentum_7m": 0.0,
    "trend_acceleration": 0.0,
    "price_volatility": 0.0,
    "price_change_15m": 0.0,
    "volume_momentum": 0.0
  },
  "token_age_minutes": 212.40718066666668
}