{
  "trade_id": "TRADE_20250123_141945_1089",
  "token_address": "GRfogvia8AJCRpMkURdei6u17HCWkLg2nCC1w4Pfpump",
  "token_symbol": "NDAS",
  "entry_time": "2025-01-23T18:06:36.230858",
  "entry_price": 8.993560156005504e-06,
  "market_price": 7.8204870921787e-06,
  "position_size": 100,
  "confidence_score": 1.0,
  "features": {
    "momentum_5m": 0.0,
    "momentum_7m": 0.0,
    "trend_acceleration": 0.0,
    "price_volatility": 0.0,
    "price_change_15m": 0.0,
    "volume_momentum": 0.0
  },
  "token_age_minutes": 208.53448408333333
}