{
  "trade_id": "TRADE_20250123_141945_1083",
  "token_address": "36LhL7yRySvMWyQ4WFbCBKtvkqeykH6r8hAYrSeApump",
  "token_symbol": "NDA",
  "entry_time": "2025-01-23T18:06:32.264439",
  "entry_price": 8.073819358418401e-06,
  "market_price": 7.020712485581219e-06,
  "position_size": 100,
  "confidence_score": 1.0,
  "features": {
    "momentum_5m": 0.0,
    "momentum_7m": 0.0,
    "trend_acceleration": 0.0,
    "price_volatility": 0.0,
    "price_change_15m": 0.0,
    "volume_momentum": 0.0
  },
  "token_age_minutes": 208.6119520833333
}