{
  "trade_id": "TRADE_20250123_141945_86",
  "token_address": "AMAPhzcjKzV7RtoL1v86NZxeivqNtaw8wwuS2oY7pump",
  "token_symbol": "lama",
  "entry_time": "2025-01-23T17:25:37.166733",
  "entry_price": 8.431553525828664e-06,
  "market_price": 7.3317856746336215e-06,
  "position_size": 100,
  "confidence_score": 1.0,
  "features": {
    "momentum_5m": 0.0,
    "momentum_7m": 0.0,
    "trend_acceleration": 0.0,
    "price_volatility": 0.0,
    "price_change_15m": 0.0,
    "volume_momentum": 0.0
  },
  "token_age_minutes": 181.65446288333334
}