{
  "trade_id": "TRADE_20250123_141945_1300",
  "token_address": "3Ux6AkQ63f8N64Vyo3DTNuBkTJpBNJLSpyVVtEj9pump",
  "token_symbol": "Neuro",
  "entry_time": "2025-01-23T18:24:44.457495",
  "entry_price": 8.253007305892313e-06,
  "market_price": 7.176528092080273e-06,
  "position_size": 100,
  "confidence_score": 1.0,
  "features": {
    "momentum_5m": 0.0,
    "momentum_7m": 0.0,
    "trend_acceleration": 0.0,
    "price_volatility": 0.0,
    "price_change_15m": 0.0,
    "volume_momentum": 0.0
  },
  "token_age_minutes": 219.81840216666666
}