{
  "trade_id": "TRADE_20250123_141945_982",
  "token_address": "CQe6DYm2tj38zpje2R3uMqqJpTy15nGEV1dfpR2Ppump",
  "token_symbol": "WCAC",
  "entry_time": "2025-01-23T17:59:40.093177",
  "entry_price": 8.36559113910533e-06,
  "market_price": 7.274427077482895e-06,
  "position_size": 100,
  "confidence_score": 1.0,
  "features": {
    "momentum_5m": 0.0,
    "momentum_7m": 0.0,
    "trend_acceleration": 0.0,
    "price_volatility": 0.0,
    "price_change_15m": 0.0,
    "volume_momentum": 0.0
  },
  "token_age_minutes": 190.66348003333331
}