{
  "trade_id": "TRADE_20250123_141945_548",
  "token_address": "2aytp1yqkPDkNSGt4XnaTi2bxwRqGjNgRrQ6QEE4pump",
  "token_symbol": "CELITHAR",
  "entry_time": "2025-01-23T17:41:29.431953",
  "entry_price": 8.380871382965153e-06,
  "market_price": 7.287714246056655e-06,
  "position_size": 100,
  "confidence_score": 1.0,
  "features": {
    "momentum_5m": 0.0,
    "momentum_7m": 0.0,
    "trend_acceleration": 0.0,
    "price_volatility": 0.0,
    "price_change_15m": 0.0,
    "volume_momentum": 0.0
  },
  "token_age_minutes": 189.07263131666664
}