{
  "trade_id": "TRADE_20250123_141945_1172",
  "token_address": "5tofMmkPBpQfDDzqQWfvb34p52FsjPK9RDEuyDzypump",
  "token_symbol": "CLAUDE",
  "entry_time": "2025-01-23T18:15:31.448775",
  "entry_price": 8.708618821361838e-06,
  "market_price": 7.572712018575512e-06,
  "position_size": 100,
  "confidence_score": 1.0,
  "features": {
    "momentum_5m": 0.0,
    "momentum_7m": 0.0,
    "trend_acceleration": 0.0,
    "price_volatility": 0.0,
    "price_change_15m": 0.0,
    "volume_momentum": 0.0
  },
  "token_age_minutes": 207.42517636666668
}