{
  "trade_id": "TRADE_20250123_141945_480",
  "token_address": "AyUXrR1c33WjL16mXFXUVMTZahQvfaX9CHthXmw3pump",
  "token_symbol": "Fox",
  "entry_time": "2025-01-23T17:39:34.262672",
  "entry_price": 8.395252840388556e-06,
  "market_price": 7.300219861207441e-06,
  "position_size": 100,
  "confidence_score": 1.0,
  "features": {
    "momentum_5m": 0.0,
    "momentum_7m": 0.0,
    "trend_acceleration": 0.0,
    "price_volatility": 0.0,
    "price_change_15m": 0.0,
    "volume_momentum": 0.0
  },
  "token_age_minutes": 188.76547388333333
}