{
  "trade_id": "TRADE_20250123_141945_1023",
  "token_address": "PkV3WuU8T1ya1L6SPaJLxjrqh1WJkYpmuS8xpfEpump",
  "token_symbol": "BBG",
  "entry_time": "2025-01-23T18:04:31.177646",
  "entry_price": 8.050704392852541e-06,
  "market_price": 7.0006125155239485e-06,
  "position_size": 100,
  "confidence_score": 1.0,
  "features": {
    "momentum_5m": 0.0,
    "momentum_7m": 0.0,
    "trend_acceleration": 0.0,
    "price_volatility": 0.0,
    "price_change_15m": 0.0,
    "volume_momentum": 0.0
  },
  "token_age_minutes": 192.36345931666668
}