{
  "trade_id": "TRADE_20250123_141945_750",
  "token_address": "GTVvQiufb3Ur9enWH4Cp4WJP7fvyLkBcUayAVVUBpump",
  "token_symbol": "USA",
  "entry_time": "2025-01-23T17:48:40.506251",
  "entry_price": 8.028506058694734e-06,
  "market_price": 6.9813096162562915e-06,
  "position_size": 100,
  "confidence_score": 1.0,
  "features": {
    "momentum_5m": 0.0,
    "momentum_7m": 0.0,
    "trend_acceleration": 0.0,
    "price_volatility": 0.0,
    "price_change_15m": 0.0,
    "volume_momentum": 0.0
  },
  "token_age_minutes": 180.56648533333333
}