{
  "trade_id": "TRADE_20250123_141945_1076",
  "token_address": "8ALrA7JSu936eA8pBHrVh4ZDpWDSQ3i1U6xNnxJMpump",
  "token_symbol": "OKXBULL",
  "entry_time": "2025-01-23T18:05:44.536863",
  "entry_price": 9.601846691977604e-06,
  "market_price": 8.349431906067483e-06,
  "position_size": 100,
  "confidence_score": 1.0,
  "features": {
    "momentum_5m": 0.0,
    "momentum_7m": 0.0,
    "trend_acceleration": 0.0,
    "price_volatility": 0.0,
    "price_change_15m": 0.0,
    "volume_momentum": 0.0
  },
  "token_age_minutes": 200.43229638333332
}