{
  "trade_id": "TRADE_20250123_141945_1010",
  "token_address": "J313eXAT86b4wUFJF2wh8qK2628DhvatExG9Gnospump",
  "token_symbol": "NDAS",
  "entry_time": "2025-01-23T18:02:35.737404",
  "entry_price": 8.236424209839743e-06,
  "market_price": 7.162108008556299e-06,
  "position_size": 100,
  "confidence_score": 1.0,
  "features": {
    "momentum_5m": 0.0,
    "momentum_7m": 0.0,
    "trend_acceleration": 0.0,
    "price_volatility": 0.0,
    "price_change_15m": 0.0,
    "volume_momentum": 0.0
  },
  "token_age_minutes": 199.54817658333334
}