{
  "trade_id": "TRADE_20250123_141945_1224",
  "token_address": "2phM7C4QXWa2k9A4XWZdWJy5xch7KcDC9ZiLqua6pump",
  "token_symbol": "BSCAN",
  "entry_time": "2025-01-23T18:18:41.331020",
  "entry_price": 8.15002983688767e-06,
  "market_price": 7.086982466858844e-06,
  "position_size": 100,
  "confidence_score": 1.0,
  "features": {
    "momentum_5m": 0.0,
    "momentum_7m": 0.0,
    "trend_acceleration": 0.0,
    "price_volatility": 0.0,
    "price_change_15m": 0.0,
    "volume_momentum": 0.0
  },
  "token_age_minutes": 210.77753268333333
}