{
  "trade_id": "TRADE_20250123_141945_883",
  "token_address": "34ET31s8SkNZA1XMa8vWU3FTmLToThvEkj1z5rQWpump",
  "token_symbol": "WCOAAC",
  "entry_time": "2025-01-23T17:55:36.608425",
  "entry_price": 8.185426279067274e-06,
  "market_price": 7.1177619817976305e-06,
  "position_size": 100,
  "confidence_score": 1.0,
  "features": {
    "momentum_5m": 0.0,
    "momentum_7m": 0.0,
    "trend_acceleration": 0.0,
    "price_volatility": 0.0,
    "price_change_15m": 0.0,
    "volume_momentum": 0.0
  },
  "token_age_minutes": 186.34363268333334
}