{
  "trade_id": "TRADE_20250123_141945_1084",
  "token_address": "6pcDbmz1tixTeZUbVg8URT6SsXU7QbodKNhhL3KLpump",
  "token_symbol": "NDAS",
  "entry_time": "2025-01-23T18:06:32.282438",
  "entry_price": 8.324939468109713e-06,
  "market_price": 7.239077798356273e-06,
  "position_size": 100,
  "confidence_score": 1.0,
  "features": {
    "momentum_5m": 0.0,
    "momentum_7m": 0.0,
    "trend_acceleration": 0.0,
    "price_volatility": 0.0,
    "price_change_15m": 0.0,
    "volume_momentum": 0.0
  },
  "token_age_minutes": 208.94604476666666
}