{
  "trade_id": "TRADE_20250123_141945_847",
  "token_address": "F6vNM5MPr2zBtUXHLcmzz2VhY2bMUmp1EbV7Y3spump",
  "token_symbol": "CHEESRFUL ",
  "entry_time": "2025-01-23T17:52:28.075032",
  "entry_price": 8.246362572554933e-06,
  "market_price": 7.170750063091247e-06,
  "position_size": 100,
  "confidence_score": 1.0,
  "features": {
    "momentum_5m": 0.0,
    "momentum_7m": 0.0,
    "trend_acceleration": 0.0,
    "price_volatility": 0.0,
    "price_change_15m": 0.0,
    "volume_momentum": 0.0
  },
  "token_age_minutes": 193.15154451666666
}