{
  "trade_id": "TRADE_20250123_141945_1141",
  "token_address": "7R7Fc7YmYXpn87517BJvLt9ansCHHzeC1fLuhsnmpump",
  "token_symbol": "Grigala",
  "entry_time": "2025-01-23T18:12:44.921860",
  "entry_price": 8.236148813914496e-06,
  "market_price": 7.161868533838692e-06,
  "position_size": 100,
  "confidence_score": 1.0,
  "features": {
    "momentum_5m": 0.0,
    "momentum_7m": 0.0,
    "trend_acceleration": 0.0,
    "price_volatility": 0.0,
    "price_change_15m": 0.0,
    "volume_momentum": 0.0
  },
  "token_age_minutes": 215.46947778333333
}