{
  "trade_id": "TRADE_20250123_141945_720",
  "token_address": "2MnhXNLFsLNotrzcyd99jyCA9CthRuTb48wYh6zjpump",
  "token_symbol": "HRTC",
  "entry_time": "2025-01-23T17:48:24.869589",
  "entry_price": 8.13301538097855e-06,
  "market_price": 7.072187287807434e-06,
  "position_size": 100,
  "confidence_score": 1.0,
  "features": {
    "momentum_5m": 0.0,
    "momentum_7m": 0.0,
    "trend_acceleration": 0.0,
    "price_volatility": 0.0,
    "price_change_15m": 0.0,
    "volume_momentum": 0.0
  },
  "token_age_minutes": 191.75740881666667
}