{
  "trade_id": "TRADE_20250123_141945_566",
  "token_address": "AZvq4vtBW7JNm2KHy3hUzFU542gsKuuyeQSF4gtLpump",
  "token_symbol": "NDAS-9404",
  "entry_time": "2025-01-23T17:42:25.378404",
  "entry_price": 8.270418765199077e-06,
  "market_price": 7.191668491477458e-06,
  "position_size": 100,
  "confidence_score": 1.0,
  "features": {
    "momentum_5m": 0.0,
    "momentum_7m": 0.0,
    "trend_acceleration": 0.0,
    "price_volatility": 0.0,
    "price_change_15m": 0.0,
    "volume_momentum": 0.0
  },
  "token_age_minutes": 198.16772111666666
}