{
  "trade_id": "TRADE_20250123_141945_370",
  "token_address": "Dw5HQxhgGQ5Zpyjw3cMKN2ZoicVKdZKJyqd4QxWEpump",
  "token_symbol": "PUMPFUN",
  "entry_time": "2025-01-23T17:36:29.309414",
  "entry_price": 8.272605202933168e-06,
  "market_price": 7.1935697416810165e-06,
  "position_size": 100,
  "confidence_score": 1.0,
  "features": {
    "momentum_5m": 0.0,
    "momentum_7m": 0.0,
    "trend_acceleration": 0.0,
    "price_volatility": 0.0,
    "price_change_15m": 0.0,
    "volume_momentum": 0.0
  },
  "token_age_minutes": 189.76128693333334
}