{
  "trade_id": "TRADE_20250123_141945_605",
  "token_address": "3JrRYc3pmt6UNdG9dshpk9oLTUK1ZwXxfwcjr6Lopump",
  "token_symbol": "DITF",
  "entry_time": "2025-01-23T17:43:34.807488",
  "entry_price": 8.262638208374713e-06,
  "market_price": 7.184902789891055e-06,
  "position_size": 100,
  "confidence_score": 1.0,
  "features": {
    "momentum_5m": 0.0,
    "momentum_7m": 0.0,
    "trend_acceleration": 0.0,
    "price_volatility": 0.0,
    "price_change_15m": 0.0,
    "volume_momentum": 0.0
  },
  "token_age_minutes": 181.7221538166667
}