{
  "trade_id": "TRADE_20250123_141945_452",
  "token_address": "BPYJgyJvPEFUJofQur8MZGUh6H3B3BFrHeFU9Z6qpump",
  "token_symbol": "Cerebrum",
  "entry_time": "2025-01-23T17:38:37.140253",
  "entry_price": 8.343453370496184e-06,
  "market_price": 7.2551768439097265e-06,
  "position_size": 100,
  "confidence_score": 1.0,
  "features": {
    "momentum_5m": 0.0,
    "momentum_7m": 0.0,
    "trend_acceleration": 0.0,
    "price_volatility": 0.0,
    "price_change_15m": 0.0,
    "volume_momentum": 0.0
  },
  "token_age_minutes": 180.93162378333332
}