{
  "trade_id": "TRADE_20250123_141945_1226",
  "token_address": "8Rnm72RsajAXgfzBCE7DyKnFe6FvBY5sa4BS9DGPpump",
  "token_symbol": "pepeh",
  "entry_time": "2025-01-23T18:18:43.457887",
  "entry_price": 8.18431969053516e-06,
  "market_price": 7.116799730900139e-06,
  "position_size": 100,
  "confidence_score": 1.0,
  "features": {
    "momentum_5m": 0.0,
    "momentum_7m": 0.0,
    "trend_acceleration": 0.0,
    "price_volatility": 0.0,
    "price_change_15m": 0.0,
    "volume_momentum": 0.0
  },
  "token_age_minutes": 219.13325391666666
}