{
  "trade_id": "TRADE_20250123_141945_1074",
  "token_address": "HR9pZtZLV2r8xQzdpPEfvkTya126exvuxArncXTqpump",
  "token_symbol": "Moonlight",
  "entry_time": "2025-01-23T18:05:44.479865",
  "entry_price": 8.281748886418978e-06,
  "market_price": 7.201520770799112e-06,
  "position_size": 100,
  "confidence_score": 1.0,
  "features": {
    "momentum_5m": 0.0,
    "momentum_7m": 0.0,
    "trend_acceleration": 0.0,
    "price_volatility": 0.0,
    "price_change_15m": 0.0,
    "volume_momentum": 0.0
  },
  "token_age_minutes": 207.40625713333333
}