{
  "trade_id": "TRADE_20250123_141945_313",
  "token_address": "F682tJoJrZsRL5PrmwxmQJZH3y6n69MdjfRFiPN7pump",
  "token_symbol": "Zeneca",
  "entry_time": "2025-01-23T17:34:29.713283",
  "entry_price": 8.294569170860507e-06,
  "market_price": 7.212668844226528e-06,
  "position_size": 100,
  "confidence_score": 1.0,
  "features": {
    "momentum_5m": 0.0,
    "momentum_7m": 0.0,
    "trend_acceleration": 0.0,
    "price_volatility": 0.0,
    "price_change_15m": 0.0,
    "volume_momentum": 0.0
  },
  "token_age_minutes": 190.42204153333333
}