{
  "trade_id": "TRADE_20250123_141945_511",
  "token_address": "4AMKdz2bbfNGuKvJfjUexKGfcfeDcGazNg7MQ5iGpump",
  "token_symbol": "STOCKPILE",
  "entry_time": "2025-01-23T17:40:23.858202",
  "entry_price": 1.9402058890666007e-05,
  "market_price": 1.6871355557100877e-05,
  "position_size": 100,
  "confidence_score": 1.0,
  "features": {
    "momentum_5m": 0.0,
    "momentum_7m": 0.0,
    "trend_acceleration": 0.009623696391143688,
    "price_volatility": 0.0,
    "price_change_15m": -0.04396948530388278,
    "volume_momentum": 0.0
  },
  "token_age_minutes": 188.14721246666667
}