{
  "trade_id": "TRADE_20250123_141945_68",
  "token_address": "7xV8qAn6aF2VC8PDnRMT8oABwXuH7YtELRX1F6nvpump",
  "token_symbol": "BONAD",
  "entry_time": "2025-01-23T17:25:22.895978",
  "entry_price": 8.196591187529905e-06,
  "market_price": 7.127470597852092e-06,
  "position_size": 100,
  "confidence_score": 1.0,
  "features": {
    "momentum_5m": 0.0,
    "momentum_7m": 0.0,
    "trend_acceleration": 0.0,
    "price_volatility": 0.0,
    "price_change_15m": 0.0,
    "volume_momentum": 0.0
  },
  "token_age_minutes": 184.05589686666664
}