{
  "trade_id": "TRADE_20250123_141945_201",
  "token_address": "AVKHSFHKrwPtp4jVpZg7Rpt8sSNQy6CEmRF523sDpump",
  "token_symbol": "BSCAN",
  "entry_time": "2025-01-23T17:31:28.174879",
  "entry_price": 1.0576528595124169e-05,
  "market_price": 9.196981387064495e-06,
  "position_size": 100,
  "confidence_score": 1.0,
  "features": {
    "momentum_5m": 0.006376026392211465,
    "momentum_7m": 0.006376026392211465,
    "trend_acceleration": -0.006376026392211465,
    "price_volatility": 0.004508531498957124,
    "price_change_15m": -0.017186606401354942,
    "volume_momentum": 0.00011556196920303741
  },
  "token_age_minutes": 184.31350609999998
}