{
  "trade_id": "TRADE_20250123_141945_1296",
  "token_address": "75aytxpkkamykZZgj3Gmkj9oPTxEkafroo7U5FG7pump",
  "token_symbol": "KAYNN",
  "entry_time": "2025-01-23T18:24:41.279495",
  "entry_price": 8.33242868186235e-06,
  "market_price": 7.245590158141173e-06,
  "position_size": 100,
  "confidence_score": 1.0,
  "features": {
    "momentum_5m": 0.0,
    "momentum_7m": 0.0,
    "trend_acceleration": 0.0,
    "price_volatility": 0.0,
    "price_change_15m": 0.0,
    "volume_momentum": 0.0
  },
  "token_age_minutes": 225.36116891666668
}