{
  "trade_id": "TRADE_20250123_141945_1145",
  "token_address": "9Hw85w7bhtn9nt2z2a6NC7EwpkjUJ6qpA4YVUi4Kpump",
  "token_symbol": "AegisAI",
  "entry_time": "2025-01-23T18:13:37.389475",
  "entry_price": 8.30395063305515e-06,
  "market_price": 7.220826637439262e-06,
  "position_size": 100,
  "confidence_score": 1.0,
  "features": {
    "momentum_5m": 0.0,
    "momentum_7m": 0.0,
    "trend_acceleration": 0.0,
    "price_volatility": 0.0,
    "price_change_15m": 0.0,
    "volume_momentum": 0.0
  },
  "token_age_minutes": 200.57919866666668
}