{
  "trade_id": "TRADE_20250123_141945_872",
  "token_address": "AE5r7wQqoTxnVqeuFm7r7TXmnc2ANyeKnhGM7z9cpump",
  "token_symbol": "EACHLABS",
  "entry_time": "2025-01-23T17:54:28.389683",
  "entry_price": 8.146637983761755e-06,
  "market_price": 7.084033029358048e-06,
  "position_size": 100,
  "confidence_score": 1.0,
  "features": {
    "momentum_5m": 0.0,
    "momentum_7m": 0.0,
    "trend_acceleration": 0.0,
    "price_volatility": 0.0,
    "price_change_15m": 0.0,
    "volume_momentum": 0.0
  },
  "token_age_minutes": 183.3707382833333
}