{
  "trade_id": "TRADE_20250123_141945_306",
  "token_address": "3wNzomT42H4BfiPXuJNA5jfhaCYm75vLqdHxQfu9pump",
  "token_symbol": "NDAS",
  "entry_time": "2025-01-23T17:34:26.636514",
  "entry_price": 8.331692421007979e-06,
  "market_price": 7.244949931311286e-06,
  "position_size": 100,
  "confidence_score": 1.0,
  "features": {
    "momentum_5m": 0.0,
    "momentum_7m": 0.0,
    "trend_acceleration": 0.0,
    "price_volatility": 0.0,
    "price_change_15m": 0.0,
    "volume_momentum": 0.0
  },
  "token_age_minutes": 189.9796804833333
}