{
  "trade_id": "TRADE_20250123_141945_1132",
  "token_address": "By6WHM8UBNF6EGCPiUCftHLEJ6SppVwafNRAv6XEpump",
  "token_symbol": "14067",
  "entry_time": "2025-01-23T18:11:32.748515",
  "entry_price": 8.064463307036595e-06,
  "market_price": 7.012576788727475e-06,
  "position_size": 100,
  "confidence_score": 1.0,
  "features": {
    "momentum_5m": 0.0,
    "momentum_7m": 0.0,
    "trend_acceleration": 0.0,
    "price_volatility": 0.0,
    "price_change_15m": 0.0,
    "volume_momentum": 0.0
  },
  "token_age_minutes": 189.39066461666667
}