{
  "trade_id": "TRADE_20250123_141945_739",
  "token_address": "3Po8n4NM6drBmLX76SCcSHK6erbziMPMuiCEXWb9pump",
  "token_symbol": "FART",
  "entry_time": "2025-01-23T17:48:29.664170",
  "entry_price": 8.206260852648232e-06,
  "market_price": 7.135879002302811e-06,
  "position_size": 100,
  "confidence_score": 1.0,
  "features": {
    "momentum_5m": 0.0,
    "momentum_7m": 0.0,
    "trend_acceleration": 0.0,
    "price_volatility": 0.0,
    "price_change_15m": 0.0,
    "volume_momentum": 0.0
  },
  "token_age_minutes": 199.03430343333332
}