{
  "trade_id": "TRADE_20250123_141945_119",
  "token_address": "AKJ1Z4bwc8Srtt2dSzH8hNh6c7zxxri4BhBbZJ4ipump",
  "token_symbol": "Ponzi",
  "entry_time": "2025-01-23T17:27:29.601074",
  "entry_price": 8.505117541693625e-06,
  "market_price": 7.3957543840814135e-06,
  "position_size": 100,
  "confidence_score": 1.0,
  "features": {
    "momentum_5m": 0.0,
    "momentum_7m": 0.0,
    "trend_acceleration": 0.0,
    "price_volatility": 0.0,
    "price_change_15m": 0.0,
    "volume_momentum": 0.0
  },
  "token_age_minutes": 180.41265861666668
}