{
  "trade_id": "TRADE_20250123_141945_733",
  "token_address": "6paK3T5J1ceT5Ky6VboqWS3TzB18T61TNj1WYZ3fpump",
  "token_symbol": "IB",
  "entry_time": "2025-01-23T17:48:28.868699",
  "entry_price": 8.289042501928356e-06,
  "market_price": 7.207863045155093e-06,
  "position_size": 100,
  "confidence_score": 1.0,
  "features": {
    "momentum_5m": 0.0,
    "momentum_7m": 0.0,
    "trend_acceleration": 0.0,
    "price_volatility": 0.0,
    "price_change_15m": 0.0,
    "volume_momentum": 0.0
  },
  "token_age_minutes": 189.7499646
}