{
  "trade_id": "TRADE_20250123_141945_1261",
  "token_address": "99DqX718PBapHza93KMrLFDHVXjssZbvvThyxv3apump",
  "token_symbol": "LADYUSA",
  "entry_time": "2025-01-23T18:22:34.207314",
  "entry_price": 8.15344992905737e-06,
  "market_price": 7.089956460049888e-06,
  "position_size": 100,
  "confidence_score": 1.0,
  "features": {
    "momentum_5m": 0.0,
    "momentum_7m": 0.0,
    "trend_acceleration": 0.0,
    "price_volatility": 0.0,
    "price_change_15m": 0.0,
    "volume_momentum": 0.0
  },
  "token_age_minutes": 217.50669914999997
}