{
  "trade_id": "TRADE_20250123_141945_437",
  "token_address": "3CiEeNevKMymUo7Jm7KBTUr7dSbt85qFgPBqzSB3pump",
  "token_symbol": "CCAI",
  "entry_time": "2025-01-23T17:38:27.860653",
  "entry_price": 8.238810205725772e-06,
  "market_price": 7.164182787587628e-06,
  "position_size": 100,
  "confidence_score": 1.0,
  "features": {
    "momentum_5m": 0.0,
    "momentum_7m": 0.0,
    "trend_acceleration": 0.0,
    "price_volatility": 0.0,
    "price_change_15m": 0.0,
    "volume_momentum": 0.0
  },
  "token_age_minutes": 180.75698496666666
}