{
  "trade_id": "TRADE_20250123_141945_309",
  "token_address": "EexFyJwexvwvnJ3xS5z92PyyHYWaqwykGQ7fei4Wpump",
  "token_symbol": "JWAI",
  "entry_time": "2025-01-23T17:34:27.806642",
  "entry_price": 8.366834949913173e-06,
  "market_price": 7.275508652098412e-06,
  "position_size": 100,
  "confidence_score": 1.0,
  "features": {
    "momentum_5m": 0.0,
    "momentum_7m": 0.0,
    "trend_acceleration": 0.0,
    "price_volatility": 0.0,
    "price_change_15m": 0.0,
    "volume_momentum": 0.0
  },
  "token_age_minutes": 187.98563298333332
}