{
  "trade_id": "TRADE_20250123_141945_1180",
  "token_address": "ExRV9CBv9t5rsSmteZfWBCrqCGuyDfL6xAs1bThtpump",
  "token_symbol": "START UP",
  "entry_time": "2025-01-23T18:15:35.537604",
  "entry_price": 8.572287151965617e-06,
  "market_price": 7.4541627408396685e-06,
  "position_size": 100,
  "confidence_score": 1.0,
  "features": {
    "momentum_5m": 0.0,
    "momentum_7m": 0.0,
    "trend_acceleration": 0.0,
    "price_volatility": 0.0,
    "price_change_15m": 0.0,
    "volume_momentum": 0.0
  },
  "token_age_minutes": 208.57975403333333
}