{
  "trade_id": "TRADE_20250123_141945_154",
  "token_address": "4YLETbdUFRRQSCdME7C87YKqXLw92Ws7bvo5kVjfpump",
  "token_symbol": "PALISADES",
  "entry_time": "2025-01-23T17:29:38.331957",
  "entry_price": 8.25367085819264e-06,
  "market_price": 7.1771050940805566e-06,
  "position_size": 100,
  "confidence_score": 1.0,
  "features": {
    "momentum_5m": 0.0,
    "momentum_7m": 0.0,
    "trend_acceleration": 0.0,
    "price_volatility": 0.0,
    "price_change_15m": 0.0,
    "volume_momentum": 0.0
  },
  "token_age_minutes": 180.72363506666667
}