{
  "trade_id": "TRADE_20250123_141945_908",
  "token_address": "GP8fn5FYSWrksx2sAXBdUjEt7sfFxBp9n9WkBAppump",
  "token_symbol": "SNDA",
  "entry_time": "2025-01-23T17:57:28.017146",
  "entry_price": 7.870600658625034e-06,
  "market_price": 6.844000572717422e-06,
  "position_size": 100,
  "confidence_score": 1.0,
  "features": {
    "momentum_5m": 0.0,
    "momentum_7m": 0.0,
    "trend_acceleration": 0.0,
    "price_volatility": 0.0,
    "price_change_15m": 0.0,
    "volume_momentum": 0.0
  },
  "token_age_minutes": 200.12787851666664
}