{
  "trade_id": "TRADE_20250123_141945_1107",
  "token_address": "8smCww9n33RTBGme7dcpJj5bE6Nh5mzfDCqEaQbCpump",
  "token_symbol": "SMR",
  "entry_time": "2025-01-23T18:07:39.758411",
  "entry_price": 8.29933491367072e-06,
  "market_price": 7.216812968409322e-06,
  "position_size": 100,
  "confidence_score": 1.0,
  "features": {
    "momentum_5m": 0.0,
    "momentum_7m": 0.0,
    "trend_acceleration": 0.0,
    "price_volatility": 0.0,
    "price_change_15m": 0.0,
    "volume_momentum": 0.0
  },
  "token_age_minutes": 204.19800080000002
}