{
  "trade_id": "TRADE_20250123_141945_451",
  "token_address": "DEv39164D5Vb44tFpNuLwbmwPqhDpjUVj7ijseTPpump",
  "token_symbol": "AUSTRALIAN",
  "entry_time": "2025-01-23T17:38:36.952420",
  "entry_price": 8.354345597489987e-06,
  "market_price": 7.264648345643468e-06,
  "position_size": 100,
  "confidence_score": 1.0,
  "features": {
    "momentum_5m": 0.0,
    "momentum_7m": 0.0,
    "trend_acceleration": 0.0,
    "price_volatility": 0.0,
    "price_change_15m": 0.0,
    "volume_momentum": 0.0
  },
  "token_age_minutes": 188.19295298333333
}