{
  "trade_id": "TRADE_20250123_141945_380",
  "token_address": "3mytJBwX72YbU2JziiF8mWYbixFMzxJvheEoEf6Zpump",
  "token_symbol": "Franz",
  "entry_time": "2025-01-23T17:36:36.570963",
  "entry_price": 8.192776487190247e-06,
  "market_price": 7.124153467121954e-06,
  "position_size": 100,
  "confidence_score": 1.0,
  "features": {
    "momentum_5m": 0.0,
    "momentum_7m": 0.0,
    "trend_acceleration": 0.0,
    "price_volatility": 0.0,
    "price_change_15m": 0.0,
    "volume_momentum": 0.0
  },
  "token_age_minutes": 194.81856788333334
}