{
  "trade_id": "TRADE_20250123_141945_942",
  "token_address": "9rrAxyeEevkeFbp3k7eBqRgQj9YA9QpcPoEwtDrtpump",
  "token_symbol": "PWG",
  "entry_time": "2025-01-23T17:58:27.767644",
  "entry_price": 8.561520751986696e-06,
  "market_price": 7.444800653901476e-06,
  "position_size": 100,
  "confidence_score": 1.0,
  "features": {
    "momentum_5m": 0.0,
    "momentum_7m": 0.0,
    "trend_acceleration": 0.0,
    "price_volatility": 0.0,
    "price_change_15m": 0.0,
    "volume_momentum": 0.0
  },
  "token_age_minutes": 194.88995341666666
}