{
  "trade_id": "TRADE_20250123_141945_547",
  "token_address": "4DWF2hRo3U5zzWfQuqYA2f1vzL7F9Tzv2TSiAVVvpump",
  "token_symbol": "ROBLOXAI",
  "entry_time": "2025-01-23T17:41:29.429954",
  "entry_price": 8.05547422214202e-06,
  "market_price": 7.004760193166975e-06,
  "position_size": 100,
  "confidence_score": 1.0,
  "features": {
    "momentum_5m": 0.0,
    "momentum_7m": 0.0,
    "trend_acceleration": 0.0,
    "price_volatility": 0.0,
    "price_change_15m": 0.0,
    "volume_momentum": 0.0
  },
  "token_age_minutes": 186.04902366666664
}