{
  "trade_id": "TRADE_20250123_141945_1058",
  "token_address": "FmATXKkyYRkMBjKZsGEvRAJH362Hi9iB1J7H8oh2pump",
  "token_symbol": "SOL-X",
  "entry_time": "2025-01-23T18:05:38.366631",
  "entry_price": 8.163269127500126e-06,
  "market_price": 7.098494893478371e-06,
  "position_size": 100,
  "confidence_score": 1.0,
  "features": {
    "momentum_5m": 0.0,
    "momentum_7m": 0.0,
    "trend_acceleration": 0.0,
    "price_volatility": 0.0,
    "price_change_15m": 0.0,
    "volume_momentum": 0.0
  },
  "token_age_minutes": 195.34792961666665
}