{
  "trade_id": "TRADE_20250123_141945_192",
  "token_address": "2CEuuxJtFk28Cw8PVXdqXsPDgeuzswdHg4JxNWaJpump",
  "token_symbol": "CEO",
  "entry_time": "2025-01-23T17:30:34.837932",
  "entry_price": 9.642431304417054e-06,
  "market_price": 8.384722873406134e-06,
  "position_size": 100,
  "confidence_score": 1.0,
  "features": {
    "momentum_5m": 0.0,
    "momentum_7m": 0.0,
    "trend_acceleration": 0.0,
    "price_volatility": 0.0,
    "price_change_15m": 0.0,
    "volume_momentum": 0.0
  },
  "token_age_minutes": 182.17382688333333
}