{
  "trade_id": "TRADE_20250123_141945_155",
  "token_address": "Ejqs4fD2Cj2QpoLm2SEs93bVGB6kgqGeidhShPupump",
  "token_symbol": "ZUCKERBERG",
  "entry_time": "2025-01-23T17:29:40.062514",
  "entry_price": 0.2786006169095542,
  "market_price": 0.24226140600830798,
  "position_size": 100,
  "confidence_score": 1.0,
  "features": {
    "momentum_5m": 0.0,
    "momentum_7m": 0.0,
    "trend_acceleration": 0.0,
    "price_volatility": 0.0,
    "price_change_15m": 0.0,
    "volume_momentum": 0.0
  },
  "token_age_minutes": 180.20193991666665
}