{
  "trade_id": "TRADE_20250123_141945_994",
  "token_address": "6Cg3LtUEm4G9kH1xeCAGHa9psvvUGuezCLxRRPTypump",
  "token_symbol": "NDAS",
  "entry_time": "2025-01-23T18:00:39.525352",
  "entry_price": 8.244577099546184e-06,
  "market_price": 7.169197477866248e-06,
  "position_size": 100,
  "confidence_score": 1.0,
  "features": {
    "momentum_5m": 0.0,
    "momentum_7m": 0.0,
    "trend_acceleration": 0.0,
    "price_volatility": 0.0,
    "price_change_15m": 0.0,
    "volume_momentum": 0.0
  },
  "token_age_minutes": 208.92829996666666
}