{
  "trade_id": "TRADE_20250123_141945_1041",
  "token_address": "49Lifi7eRAA8T3BmbMmHxiJmTqkAEe2G1EHNDYKwpump",
  "token_symbol": "Mandu",
  "entry_time": "2025-01-23T18:04:37.274497",
  "entry_price": 8.287797073364502e-06,
  "market_price": 7.2067800637952195e-06,
  "position_size": 100,
  "confidence_score": 1.0,
  "features": {
    "momentum_5m": 0.0,
    "momentum_7m": 0.0,
    "trend_acceleration": 0.0,
    "price_volatility": 0.0,
    "price_change_15m": 0.0,
    "volume_momentum": 0.0
  },
  "token_age_minutes": 202.60723744999999
}