{
  "trade_id": "TRADE_20250123_141945_1140",
  "token_address": "CDApwjCGg6Tx9MoC7wCPGKjQ1vosvKrdZB7gSZjXpump",
  "token_symbol": "ADAM",
  "entry_time": "2025-01-23T18:12:39.845930",
  "entry_price": 8.175257031472156e-06,
  "market_price": 7.108919157801876e-06,
  "position_size": 100,
  "confidence_score": 1.0,
  "features": {
    "momentum_5m": 0.0,
    "momentum_7m": 0.0,
    "trend_acceleration": 0.0,
    "price_volatility": 0.0,
    "price_change_15m": 0.0,
    "volume_momentum": 0.0
  },
  "token_age_minutes": 185.75912438333336
}