{
  "trade_id": "TRADE_20250123_141945_1035",
  "token_address": "5GNHbfa3DNyYvVoAvPwcXWU3z1pLqzg8v35z5o1Kpump",
  "token_symbol": "DECAI",
  "entry_time": "2025-01-23T18:04:35.341619",
  "entry_price": 8.0980403430896e-06,
  "market_price": 7.041774211382261e-06,
  "position_size": 100,
  "confidence_score": 1.0,
  "features": {
    "momentum_5m": 0.0,
    "momentum_7m": 0.0,
    "trend_acceleration": 0.0,
    "price_volatility": 0.0,
    "price_change_15m": 0.0,
    "volume_momentum": 0.0
  },
  "token_age_minutes": 180.55113128333332
}