{
  "trade_id": "TRADE_20250123_141945_354",
  "token_address": "Gqi9krVvJrBKEPua6up7eoiiqx8pBL6SCBJHnHdtpump",
  "token_symbol": "DAS",
  "entry_time": "2025-01-23T17:36:24.510032",
  "entry_price": 8.300229514658569e-06,
  "market_price": 7.2175908823117995e-06,
  "position_size": 100,
  "confidence_score": 1.0,
  "features": {
    "momentum_5m": 0.0,
    "momentum_7m": 0.0,
    "trend_acceleration": 0.0,
    "price_volatility": 0.0,
    "price_change_15m": 0.0,
    "volume_momentum": 0.0
  },
  "token_age_minutes": 185.59277988333332
}