{
  "trade_id": "TRADE_20250123_141945_662",
  "token_address": "2Nssi66ptgqWbtWXTH4MqGAt4FKhMa8iwMBHsmXNpump",
  "token_symbol": "SPACES",
  "entry_time": "2025-01-23T17:45:29.092374",
  "entry_price": 8.110998115438055e-06,
  "market_price": 7.053041839511352e-06,
  "position_size": 100,
  "confidence_score": 1.0,
  "features": {
    "momentum_5m": 0.0,
    "momentum_7m": 0.0,
    "trend_acceleration": 0.0,
    "price_volatility": 0.0,
    "price_change_15m": 0.0,
    "volume_momentum": 0.0
  },
  "token_age_minutes": 201.78342713333333
}