{
  "trade_id": "TRADE_20250123_141945_217",
  "token_address": "DevsoVQU42s4vj4dCJ66A53cS7bPUmNusTevbQVqpump",
  "token_symbol": "KISSHOAN",
  "entry_time": "2025-01-23T17:31:34.871280",
  "entry_price": 8.26400427800632e-06,
  "market_price": 7.186090676527236e-06,
  "position_size": 100,
  "confidence_score": 1.0,
  "features": {
    "momentum_5m": 0.0,
    "momentum_7m": 0.0,
    "trend_acceleration": 0.0,
    "price_volatility": 0.0,
    "price_change_15m": 0.0,
    "volume_momentum": 0.0
  },
  "token_age_minutes": 180.70673941666666
}