{
  "trade_id": "TRADE_20250123_141945_633",
  "token_address": "7Q8komGSFgMgZShbwiDBdz9NUYPGq7GkXC263yjLpump",
  "token_symbol": "USA",
  "entry_time": "2025-01-23T17:44:29.628704",
  "entry_price": 8.01826629543214e-06,
  "market_price": 6.972405474288818e-06,
  "position_size": 100,
  "confidence_score": 1.0,
  "features": {
    "momentum_5m": 0.0,
    "momentum_7m": 0.0,
    "trend_acceleration": 0.0,
    "price_volatility": 0.0,
    "price_change_15m": 0.0,
    "volume_momentum": 0.0
  },
  "token_age_minutes": 180.53335241666667
}