{
  "trade_id": "TRADE_20250123_141945_1075",
  "token_address": "5T7ZXcgJXTJ9569z9aFKmbu1NbAF1gc6wbcpQXgxpump",
  "token_symbol": "FOX",
  "entry_time": "2025-01-23T18:05:44.483864",
  "entry_price": 8.34799865580892e-06,
  "market_price": 7.2591292659208005e-06,
  "position_size": 100,
  "confidence_score": 1.0,
  "features": {
    "momentum_5m": 0.0,
    "momentum_7m": 0.0,
    "trend_acceleration": 0.0,
    "price_volatility": 0.0,
    "price_change_15m": 0.0,
    "volume_momentum": 0.0
  },
  "token_age_minutes": 221.41659001666667
}