{
  "trade_id": "TRADE_20250123_141945_133",
  "token_address": "GUHcHaitojBXnb9E24tpydY8QjX1zAnu4YXxCNZPpump",
  "token_symbol": "CVENT",
  "entry_time": "2025-01-23T17:28:33.706974",
  "entry_price": 8.79294432470919e-06,
  "market_price": 7.646038543225383e-06,
  "position_size": 100,
  "confidence_score": 1.0,
  "features": {
    "momentum_5m": 0.0,
    "momentum_7m": 0.0,
    "trend_acceleration": 0.0,
    "price_volatility": 0.0,
    "price_change_15m": 0.0,
    "volume_momentum": 0.0
  },
  "token_age_minutes": 180.85361786666667
}