{
  "trade_id": "TRADE_20250123_141945_295",
  "token_address": "6W8iQeew6AP2vAeqjC4fsRXXV2wDUHnAo56h1Nonpump",
  "token_symbol": "SBR",
  "entry_time": "2025-01-23T17:33:35.390668",
  "entry_price": 8.258738478574032e-06,
  "market_price": 7.181511720499158e-06,
  "position_size": 100,
  "confidence_score": 1.0,
  "features": {
    "momentum_5m": 0.0,
    "momentum_7m": 0.0,
    "trend_acceleration": 0.0,
    "price_volatility": 0.0,
    "price_change_15m": 0.0,
    "volume_momentum": 0.0
  },
  "token_age_minutes": 180.78667446666665
}