{
  "trade_id": "TRADE_20250123_141945_302",
  "token_address": "CBkwR5ZMpUjc51gBQ5UX3K3h3rG6GDacHmJ2FFbypump",
  "token_symbol": "TIBMB",
  "entry_time": "2025-01-23T17:34:25.605980",
  "entry_price": 8.223388839496162e-06,
  "market_price": 7.1507729039097065e-06,
  "position_size": 100,
  "confidence_score": 1.0,
  "features": {
    "momentum_5m": 0.0,
    "momentum_7m": 0.0,
    "trend_acceleration": 0.0,
    "price_volatility": 0.0,
    "price_change_15m": 0.0,
    "volume_momentum": 0.0
  },
  "token_age_minutes": 180.70394894999998
}