{
  "trade_id": "TRADE_20250123_141945_949",
  "token_address": "EhGfo5sKi6XyVsY3vfT7eBW1xQDoAtLzDWxoCPY1pump",
  "token_symbol": "Vine Coin",
  "entry_time": "2025-01-23T17:58:40.667689",
  "entry_price": 8.320087844178109e-06,
  "market_price": 7.234858994937486e-06,
  "position_size": 100,
  "confidence_score": 1.0,
  "features": {
    "momentum_5m": 0.0,
    "momentum_7m": 0.0,
    "trend_acceleration": 0.0,
    "price_volatility": 0.0,
    "price_change_15m": 0.0,
    "volume_momentum": 0.0
  },
  "token_age_minutes": 213.74394798333333
}