{
  "trade_id": "TRADE_20250123_141945_1215",
  "token_address": "43bfxodym9YSA3HAMiQvUCMGjT2SapJMoGDjNPp2pump",
  "token_symbol": "PHOTON",
  "entry_time": "2025-01-23T18:17:43.922400",
  "entry_price": 8.011209571296664e-06,
  "market_price": 6.966269192431882e-06,
  "position_size": 100,
  "confidence_score": 1.0,
  "features": {
    "momentum_5m": 0.0,
    "momentum_7m": 0.0,
    "trend_acceleration": 0.0,
    "price_volatility": 0.0,
    "price_change_15m": 0.0,
    "volume_momentum": 0.0
  },
  "token_age_minutes": 180.36845291666666
}