{
  "trade_id": "TRADE_20250123_141945_588",
  "token_address": "5vTP4kSXvCSu7fTmdMu7m6Ns4gDaw9zr9GPMpAKopump",
  "token_symbol": "STOCKPILE",
  "entry_time": "2025-01-23T17:43:25.082275",
  "entry_price": 8.1234888837922e-06,
  "market_price": 7.063903377210609e-06,
  "position_size": 100,
  "confidence_score": 1.0,
  "features": {
    "momentum_5m": 0.0,
    "momentum_7m": 0.0,
    "trend_acceleration": 0.0,
    "price_volatility": 0.0,
    "price_change_15m": 0.0,
    "volume_momentum": 0.0
  },
  "token_age_minutes": 180.20671913333334
}