{
  "trade_id": "TRADE_20250123_141945_193",
  "token_address": "Bn4pnMe52aVkWUoa6B2nM9oqyeMgzfwVstEab6aopump",
  "token_symbol": "3SHOTS",
  "entry_time": "2025-01-23T17:30:34.838932",
  "entry_price": 8.872707023493299e-06,
  "market_price": 7.715397411733304e-06,
  "position_size": 100,
  "confidence_score": 1.0,
  "features": {
    "momentum_5m": 0.0,
    "momentum_7m": 0.0,
    "trend_acceleration": 0.0,
    "price_volatility": 0.0,
    "price_change_15m": 0.0,
    "volume_momentum": 0.0
  },
  "token_age_minutes": 181.88172771666666
}