{
  "trade_id": "TRADE_20250123_141945_1165",
  "token_address": "59XACcUfRZ25G2HhYUAaVnUAa4uVyahTTB5kZnu6pump",
  "token_symbol": "SPACEX",
  "entry_time": "2025-01-23T18:15:28.428974",
  "entry_price": 7.899994568239816e-06,
  "market_price": 6.86956049412158e-06,
  "position_size": 100,
  "confidence_score": 1.0,
  "features": {
    "momentum_5m": 0.0,
    "momentum_7m": 0.0,
    "trend_acceleration": 0.0,
    "price_volatility": 0.0,
    "price_change_15m": 0.0,
    "volume_momentum": 0.0
  },
  "token_age_minutes": 189.57442799999998
}