{
  "trade_id": "TRADE_20250123_141945_723",
  "token_address": "7QKJjFEyGynQA96ZRh1GAEcfWc5DBAeijGBeEfV3pump",
  "token_symbol": "BOOKING ",
  "entry_time": "2025-01-23T17:48:25.133258",
  "entry_price": 8.359008227410975e-06,
  "market_price": 7.268702806444327e-06,
  "position_size": 100,
  "confidence_score": 1.0,
  "features": {
    "momentum_5m": 0.0,
    "momentum_7m": 0.0,
    "trend_acceleration": 0.0,
    "price_volatility": 0.0,
    "price_change_15m": 0.0,
    "volume_momentum": 0.0
  },
  "token_age_minutes": 185.40067415000001
}