{
  "trade_id": "TRADE_20250123_141945_941",
  "token_address": "D9YjtF8115qLFLoKHNpUq36EUv8MN48XcGRuXswapump",
  "token_symbol": "IWG",
  "entry_time": "2025-01-23T17:58:24.817397",
  "entry_price": 8.402883630597893e-06,
  "market_price": 7.306855330954691e-06,
  "position_size": 100,
  "confidence_score": 1.0,
  "features": {
    "momentum_5m": 0.0,
    "momentum_7m": 0.0,
    "trend_acceleration": 0.0,
    "price_volatility": 0.0,
    "price_change_15m": 0.0,
    "volume_momentum": 0.0
  },
  "token_age_minutes": 194.83593263333333
}