{
  "trade_id": "TRADE_20250123_141945_227",
  "token_address": "GJpy99ESNbrog9RENMxNfw7yMM65UsDGQCq8aHJypump",
  "token_symbol": "NDAS",
  "entry_time": "2025-01-23T17:32:22.207639",
  "entry_price": 7.887829290792433e-06,
  "market_price": 6.858981991993421e-06,
  "position_size": 100,
  "confidence_score": 1.0,
  "features": {
    "momentum_5m": 0.0,
    "momentum_7m": 0.0,
    "trend_acceleration": 0.0,
    "price_volatility": 0.0,
    "price_change_15m": 0.0,
    "volume_momentum": 0.0
  },
  "token_age_minutes": 180.52892663333333
}