{
  "trade_id": "TRADE_20250123_141945_1274",
  "token_address": "3C9o1Qmd43Tmwh7bLx5JGAEHrD88ZXbghzKxU1jfpump",
  "token_symbol": "META",
  "entry_time": "2025-01-23T18:23:37.174428",
  "entry_price": 7.97548844940831e-06,
  "market_price": 6.935207347311574e-06,
  "position_size": 100,
  "confidence_score": 1.0,
  "features": {
    "momentum_5m": 0.0,
    "momentum_7m": 0.0,
    "trend_acceleration": 0.0,
    "price_volatility": 0.0,
    "price_change_15m": 0.0,
    "volume_momentum": 0.0
  },
  "token_age_minutes": 203.57615339999998
}