{
  "trade_id": "TRADE_20250123_141945_237",
  "token_address": "46TM6AgjvmrtWyjUDz8Nk6krmZof61oijasvJmg4pump",
  "token_symbol": "DOGEAID",
  "entry_time": "2025-01-23T17:32:24.670248",
  "entry_price": 8.69291214125827e-06,
  "market_price": 7.559054035876758e-06,
  "position_size": 100,
  "confidence_score": 1.0,
  "features": {
    "momentum_5m": 0.0,
    "momentum_7m": 0.0,
    "trend_acceleration": 0.0,
    "price_volatility": 0.0,
    "price_change_15m": 0.0,
    "volume_momentum": 0.0
  },
  "token_age_minutes": 187.14353148333333
}