{
  "trade_id": "TRADE_20250123_141945_363",
  "token_address": "twur68fBd8Xee9XpBtQGJu4NmnNBMmyJmBihyAPpump",
  "token_symbol": "CTO",
  "entry_time": "2025-01-23T17:36:26.851659",
  "entry_price": 8.298377524283927e-06,
  "market_price": 7.215980455899068e-06,
  "position_size": 100,
  "confidence_score": 1.0,
  "features": {
    "momentum_5m": 0.0,
    "momentum_7m": 0.0,
    "trend_acceleration": 0.0,
    "price_volatility": 0.0,
    "price_change_15m": 0.0,
    "volume_momentum": 0.0
  },
  "token_age_minutes": 186.54473278333336
}