{
  "trade_id": "TRADE_20250123_141945_1118",
  "token_address": "3sp5UREcFAXSTxhTuufYeHkFvch77BdBsF6uZRDepump",
  "token_symbol": "HELPDOG",
  "entry_time": "2025-01-23T18:09:39.277447",
  "entry_price": 8.809265582043653e-06,
  "market_price": 7.660230940907525e-06,
  "position_size": 100,
  "confidence_score": 1.0,
  "features": {
    "momentum_5m": 0.0,
    "momentum_7m": 0.0,
    "trend_acceleration": 0.0,
    "price_volatility": 0.0,
    "price_change_15m": 0.0,
    "volume_momentum": 0.0
  },
  "token_age_minutes": 212.47538396666667
}