{
  "trade_id": "TRADE_20250123_141945_921",
  "token_address": "AmBp8sBEbUx71ejze3XPXCh2KrzWyNCbtrf3QVaApump",
  "token_symbol": "Tranny",
  "entry_time": "2025-01-23T17:57:33.107759",
  "entry_price": 7.952697211413062e-06,
  "market_price": 6.915388879489619e-06,
  "position_size": 100,
  "confidence_score": 1.0,
  "features": {
    "momentum_5m": 0.0,
    "momentum_7m": 0.0,
    "trend_acceleration": 0.0,
    "price_volatility": 0.0,
    "price_change_15m": 0.0,
    "volume_momentum": 0.0
  },
  "token_age_minutes": 199.93885011666669
}