{
  "trade_id": "TRADE_20250123_141945_1113",
  "token_address": "4dVn5boNEx1pB9Bm6pPcJpEqVYsguDZKxMB6fPtYpump",
  "token_symbol": "PIKA",
  "entry_time": "2025-01-23T18:08:32.277476",
  "entry_price": 8.298709409032417e-06,
  "market_price": 7.216269051332538e-06,
  "position_size": 100,
  "confidence_score": 1.0,
  "features": {
    "momentum_5m": 0.0,
    "momentum_7m": 0.0,
    "trend_acceleration": 0.0,
    "price_volatility": 0.0,
    "price_change_15m": 0.0,
    "volume_momentum": 0.0
  },
  "token_age_minutes": 187.63394018333332
}