{
  "trade_id": "TRADE_20250123_141945_969",
  "token_address": "Bhv9xXdC1rT41jU7e9Kc4FXiFjLajcuy1gL1kyJWpump",
  "token_symbol": "aids",
  "entry_time": "2025-01-23T17:59:33.022874",
  "entry_price": 8.263738879240895e-06,
  "market_price": 7.185859894992084e-06,
  "position_size": 100,
  "confidence_score": 1.0,
  "features": {
    "momentum_5m": 0.0,
    "momentum_7m": 0.0,
    "trend_acceleration": 0.0,
    "price_volatility": 0.0,
    "price_change_15m": 0.0,
    "volume_momentum": 0.0
  },
  "token_age_minutes": 190.58582596666665
}