{
  "trade_id": "TRADE_20250123_141945_1080",
  "token_address": "EsD5pLCMiWd8Tx5LM5DHR5ZYtS5AiCfncGFfZSqjpump",
  "token_symbol": "CAT",
  "entry_time": "2025-01-23T18:06:31.260425",
  "entry_price": 8.136144997534034e-06,
  "market_price": 7.074908693507856e-06,
  "position_size": 100,
  "confidence_score": 1.0,
  "features": {
    "momentum_5m": 0.0,
    "momentum_7m": 0.0,
    "trend_acceleration": 0.0,
    "price_volatility": 0.0,
    "price_change_15m": 0.0,
    "volume_momentum": 0.0
  },
  "token_age_minutes": 199.23332243333334
}