{
  "trade_id": "TRADE_20250123_141945_1204",
  "token_address": "iRUPJGG7CjR4YVcHpGaeedFMVM7yaxVSh7G7sfwpump",
  "token_symbol": "ACT NS",
  "entry_time": "2025-01-23T18:16:45.251402",
  "entry_price": 8.27002806080128e-06,
  "market_price": 7.191328748522854e-06,
  "position_size": 100,
  "confidence_score": 1.0,
  "features": {
    "momentum_5m": 0.0,
    "momentum_7m": 0.0,
    "trend_acceleration": 0.0,
    "price_volatility": 0.0,
    "price_change_15m": 0.0,
    "volume_momentum": 0.0
  },
  "token_age_minutes": 201.82463908333332
}