{
  "trade_id": "TRADE_20250123_141945_576",
  "token_address": "Cpv9pw2dQLMDfMmqJs85oJpRQVySQMhB4rRLFocZpump",
  "token_symbol": "OCD",
  "entry_time": "2025-01-23T17:42:35.611014",
  "entry_price": 8.116523909862897e-06,
  "market_price": 7.057846878141651e-06,
  "position_size": 100,
  "confidence_score": 1.0,
  "features": {
    "momentum_5m": 0.0,
    "momentum_7m": 0.0,
    "trend_acceleration": 0.0,
    "price_volatility": 0.0,
    "price_change_15m": 0.0,
    "volume_momentum": 0.0
  },
  "token_age_minutes": 180.11542251666665
}