{
  "trade_id": "TRADE_20250123_141945_960",
  "token_address": "DDC2hnhxwqLxxKdYbmfj2RdpZ2uz8HkU4RVo57bcpump",
  "token_symbol": "NDFS",
  "entry_time": "2025-01-23T17:59:30.486013",
  "entry_price": 6.664789620546498e-06,
  "market_price": 5.795469235257825e-06,
  "position_size": 100,
  "confidence_score": 1.0,
  "features": {
    "momentum_5m": 0.0,
    "momentum_7m": 0.0,
    "trend_acceleration": 0.0,
    "price_volatility": 0.0,
    "price_change_15m": 0.0,
    "volume_momentum": 0.0
  },
  "token_age_minutes": 195.08908920000002
}