{
  "trade_id": "TRADE_20250123_141945_319",
  "token_address": "FvCLZwfXoRnnN5sHFnxmaXZAU233oJUex4cXEUWppump",
  "token_symbol": "NMN",
  "entry_time": "2025-01-23T17:34:39.110721",
  "entry_price": 5.266660267824623e-06,
  "market_price": 4.579704580717064e-06,
  "position_size": 100,
  "confidence_score": 1.0,
  "features": {
    "momentum_5m": 0.0,
    "momentum_7m": 0.0,
    "trend_acceleration": 0.0,
    "price_volatility": 0.0,
    "price_change_15m": 0.0,
    "volume_momentum": 0.0
  },
  "token_age_minutes": 180.79589108333332
}