{
  "trade_id": "TRADE_20250123_141945_1192",
  "token_address": "8MYpZ5u1xGrsYKUz6gD6BxMGjh3dXxKt3yiGejeRpump",
  "token_symbol": "NBR",
  "entry_time": "2025-01-23T18:16:34.033194",
  "entry_price": 8.162964628375611e-06,
  "market_price": 7.098230111630967e-06,
  "position_size": 100,
  "confidence_score": 1.0,
  "features": {
    "momentum_5m": 0.0,
    "momentum_7m": 0.0,
    "trend_acceleration": 0.0,
    "price_volatility": 0.0,
    "price_change_15m": 0.0,
    "volume_momentum": 0.0
  },
  "token_age_minutes": 215.91910643333333
}