{
  "trade_id": "TRADE_20250123_141945_742",
  "token_address": "45ttZsDHMYZJgVF6iKuFWiNFdzX1u9f2A8shf848pump",
  "token_symbol": "JFK",
  "entry_time": "2025-01-23T17:48:31.413114",
  "entry_price": 8.1614582303233e-06,
  "market_price": 7.096920200281131e-06,
  "position_size": 100,
  "confidence_score": 1.0,
  "features": {
    "momentum_5m": 0.0,
    "momentum_7m": 0.0,
    "trend_acceleration": 0.0,
    "price_volatility": 0.0,
    "price_change_15m": 0.0,
    "volume_momentum": 0.0
  },
  "token_age_minutes": 180.28792586666665
}