{
  "trade_id": "TRADE_20250123_141945_108",
  "token_address": "NJiQWtpZdVR8kxpDnGiqcaCg4MQA11MTwFMDvpHpump",
  "token_symbol": "YZI",
  "entry_time": "2025-01-23T17:26:36.432560",
  "entry_price": 1.3734692513732232e-05,
  "market_price": 1.194321088150629e-05,
  "position_size": 100,
  "confidence_score": 1.0,
  "features": {
    "momentum_5m": -0.002072870380219305,
    "momentum_7m": 0.0013769738473627946,
    "trend_acceleration": -3.386669406738041e-05,
    "price_volatility": 0.0010364351901096525,
    "price_change_15m": 0.0011086896776735244,
    "volume_momentum": 0.0016690981805798089
  },
  "token_age_minutes": 181.81814176666666
}