{
  "trade_id": "TRADE_20250123_141945_803",
  "token_address": "FzJH1TJxE7jaBaAZe7m7QErE3wmN9syq6T5QujvFpump",
  "token_symbol": "CBDS",
  "entry_time": "2025-01-23T17:51:28.051056",
  "entry_price": 8.724419859834086e-06,
  "market_price": 7.586452052029641e-06,
  "position_size": 100,
  "confidence_score": 1.0,
  "features": {
    "momentum_5m": 0.0,
    "momentum_7m": 0.0,
    "trend_acceleration": 0.0,
    "price_volatility": 0.0,
    "price_change_15m": 0.0,
    "volume_momentum": 0.0
  },
  "token_age_minutes": 180.36998344999998
}