{
  "trade_id": "TRADE_20250123_141945_791",
  "token_address": "2ERbdR3rvEZQfZzt36pAJuRXRxRkbcZgy7Qxwr7opump",
  "token_symbol": "BULLAI",
  "entry_time": "2025-01-23T17:50:32.596593",
  "entry_price": 8.300948431756829e-06,
  "market_price": 7.218216027614634e-06,
  "position_size": 100,
  "confidence_score": 1.0,
  "features": {
    "momentum_5m": 0.0,
    "momentum_7m": 0.0,
    "trend_acceleration": 0.0,
    "price_volatility": 0.0,
    "price_change_15m": 0.0,
    "volume_momentum": 0.0
  },
  "token_age_minutes": 208.32181761666666
}