{
  "trade_id": "TRADE_20250123_141945_61",
  "token_address": "8eMM1neak3M7XqAXEBeUuQQy3qQwC9zKDAaKoBfHpump",
  "token_symbol": "NDAS",
  "entry_time": "2025-01-23T17:24:33.793189",
  "entry_price": 8.308445274171592e-06,
  "market_price": 7.224735021018776e-06,
  "position_size": 100,
  "confidence_score": 1.0,
  "features": {
    "momentum_5m": 0.0,
    "momentum_7m": 0.0,
    "trend_acceleration": 0.0,
    "price_volatility": 0.0,
    "price_change_15m": 0.0,
    "volume_momentum": 0.0
  },
  "token_age_minutes": 180.43440353333332
}