{
  "trade_id": "TRADE_20250123_141945_545",
  "token_address": "76GqropbvTPmZtpXLDHqLwsvgLyw7zWz29hGiJf6pump",
  "token_symbol": "ALABS",
  "entry_time": "2025-01-23T17:41:29.391954",
  "entry_price": 8.228514794675633e-06,
  "market_price": 7.155230256239682e-06,
  "position_size": 100,
  "confidence_score": 1.0,
  "features": {
    "momentum_5m": 0.0,
    "momentum_7m": 0.0,
    "trend_acceleration": 0.0,
    "price_volatility": 0.0,
    "price_change_15m": 0.0,
    "volume_momentum": 0.0
  },
  "token_age_minutes": 187.84326928333334
}