{
  "trade_id": "TRADE_20250123_141945_772",
  "token_address": "GKc1C3mcJ5XW2Reo7mBh4fvrqc4c2WxEvu3aCREdpump",
  "token_symbol": "JFK",
  "entry_time": "2025-01-23T17:49:41.336486",
  "entry_price": 8.547696570757827e-06,
  "market_price": 7.432779626745938e-06,
  "position_size": 100,
  "confidence_score": 1.0,
  "features": {
    "momentum_5m": 0.0,
    "momentum_7m": 0.0,
    "trend_acceleration": 0.0,
    "price_volatility": 0.0,
    "price_change_15m": 0.0,
    "volume_momentum": 0.0
  },
  "token_age_minutes": 180.67426678333334
}