{
  "trade_id": "TRADE_20250123_141945_560",
  "token_address": "DT9UFyqD3U9KBordmRm1Y5zAyrV5oMfLZ5PHdqdopump",
  "token_symbol": "WHALE",
  "entry_time": "2025-01-23T17:42:21.368839",
  "entry_price": 8.059617120278373e-06,
  "market_price": 7.008362713285542e-06,
  "position_size": 100,
  "confidence_score": 1.0,
  "features": {
    "momentum_5m": 0.0,
    "momentum_7m": 0.0,
    "trend_acceleration": 0.0,
    "price_volatility": 0.0,
    "price_change_15m": 0.0,
    "volume_momentum": 0.0
  },
  "token_age_minutes": 188.39645898333336
}