{
  "trade_id": "TRADE_20250123_141945_860",
  "token_address": "HVsVF6xmryqnVrvMRb47P3G3dVXxdQMcD4QVDjZ2pump",
  "token_symbol": "$ASKJ",
  "entry_time": "2025-01-23T17:52:42.207882",
  "entry_price": 8.217307378750653e-06,
  "market_price": 7.145484677174481e-06,
  "position_size": 100,
  "confidence_score": 1.0,
  "features": {
    "momentum_5m": 0.0,
    "momentum_7m": 0.0,
    "trend_acceleration": 0.0,
    "price_volatility": 0.0,
    "price_change_15m": 0.0,
    "volume_momentum": 0.0
  },
  "token_age_minutes": 210.32140413333335
}