{
  "trade_id": "TRADE_20250123_141945_1072",
  "token_address": "GoS1FB7UxQLJ3qPhisYp6MQ3pLGXoT2hZxTRJahEpump",
  "token_symbol": "SBOT",
  "entry_time": "2025-01-23T18:05:43.612264",
  "entry_price": 9.996904674534232e-06,
  "market_price": 8.692960586551507e-06,
  "position_size": 100,
  "confidence_score": 1.0,
  "features": {
    "momentum_5m": 0.0,
    "momentum_7m": 0.0,
    "trend_acceleration": 0.0,
    "price_volatility": 0.0,
    "price_change_15m": 0.0,
    "volume_momentum": 0.0
  },
  "token_age_minutes": 197.63286886666668
}