{
  "trade_id": "TRADE_20250123_141945_842",
  "token_address": "G6J3JVA15DYZLG9361cixWdAQ3ZwKYrxThJKjVyapump",
  "token_symbol": "IB",
  "entry_time": "2025-01-23T17:51:42.195398",
  "entry_price": 8.644438075163102e-06,
  "market_price": 7.516902674054873e-06,
  "position_size": 100,
  "confidence_score": 1.0,
  "features": {
    "momentum_5m": 0.0,
    "momentum_7m": 0.0,
    "trend_acceleration": 0.0,
    "price_volatility": 0.0,
    "price_change_15m": 0.0,
    "volume_momentum": 0.0
  },
  "token_age_minutes": 192.24401455
}