{
  "trade_id": "TRADE_20250123_141945_323",
  "token_address": "6JbgYCb379UibzpfPw9p8S6ANEW2tkk57obaHwVdpump",
  "token_symbol": "ZELENSKY",
  "entry_time": "2025-01-23T17:35:25.693654",
  "entry_price": 8.268559568974765e-06,
  "market_price": 7.1900517991084915e-06,
  "position_size": 100,
  "confidence_score": 1.0,
  "features": {
    "momentum_5m": 0.0,
    "momentum_7m": 0.0,
    "trend_acceleration": 0.0,
    "price_volatility": 0.0,
    "price_change_15m": 0.0,
    "volume_momentum": 0.0
  },
  "token_age_minutes": 181.26041888333333
}