{
  "trade_id": "TRADE_20250123_141945_696",
  "token_address": "3YL79k5AV85WSYvKLLjF3r5YbSKA2uxufq8vRgUKpump",
  "token_symbol": "JFKFILES",
  "entry_time": "2025-01-23T17:46:34.299545",
  "entry_price": 8.28007416557587e-06,
  "market_price": 7.200064491805105e-06,
  "position_size": 100,
  "confidence_score": 1.0,
  "features": {
    "momentum_5m": 0.0,
    "momentum_7m": 0.0,
    "trend_acceleration": 0.0,
    "price_volatility": 0.0,
    "price_change_15m": 0.0,
    "volume_momentum": 0.0
  },
  "token_age_minutes": 180.36532641666665
}