{
  "trade_id": "TRADE_20250123_141945_229",
  "token_address": "BM9Pz7rCXUVqsEdKQNbZfB3c24TCGpbWDc3dyo9xpump",
  "token_symbol": "DISCORD",
  "entry_time": "2025-01-23T17:32:22.261637",
  "entry_price": 8.17284208932166e-06,
  "market_price": 7.106819208105791e-06,
  "position_size": 100,
  "confidence_score": 1.0,
  "features": {
    "momentum_5m": 0.0,
    "momentum_7m": 0.0,
    "trend_acceleration": 0.0,
    "price_volatility": 0.0,
    "price_change_15m": 0.0,
    "volume_momentum": 0.0
  },
  "token_age_minutes": 188.38526126666665
}