{
  "trade_id": "TRADE_20250123_141945_990",
  "token_address": "DS8LDsTVh9xtnh17CQ9nCNVCN5SwAc8vYpUTej4Qpump",
  "token_symbol": "Moose",
  "entry_time": "2025-01-23T18:00:37.093095",
  "entry_price": 8.317552073787566e-06,
  "market_price": 7.23265397720658e-06,
  "position_size": 100,
  "confidence_score": 1.0,
  "features": {
    "momentum_5m": 0.0,
    "momentum_7m": 0.0,
    "trend_acceleration": 0.0,
    "price_volatility": 0.0,
    "price_change_15m": 0.0,
    "volume_momentum": 0.0
  },
  "token_age_minutes": 190.42569980000002
}