{
  "trade_id": "TRADE_20250123_141945_1131",
  "token_address": "HVK78B1zGGtVWv6Kse5M5MU7fi4bnP23Jje8u6rYpump",
  "token_symbol": "CBDC",
  "entry_time": "2025-01-23T18:11:32.744512",
  "entry_price": 8.784103224247717e-06,
  "market_price": 7.638350629780624e-06,
  "position_size": 100,
  "confidence_score": 1.0,
  "features": {
    "momentum_5m": 0.0,
    "momentum_7m": 0.0,
    "trend_acceleration": 0.0,
    "price_volatility": 0.0,
    "price_change_15m": 0.0,
    "volume_momentum": 0.0
  },
  "token_age_minutes": 189.5243882
}