{
  "trade_id": "TRADE_20250123_141945_827",
  "token_address": "FWu4hab7yvzdnxjS2cR59TU9tFE2gQePpGSkiNogpump",
  "token_symbol": "TREN",
  "entry_time": "2025-01-23T17:51:37.145820",
  "entry_price": 8.126415085371282e-06,
  "market_price": 7.0664479003228546e-06,
  "position_size": 100,
  "confidence_score": 1.0,
  "features": {
    "momentum_5m": 0.0,
    "momentum_7m": 0.0,
    "trend_acceleration": 0.0,
    "price_volatility": 0.0,
    "price_change_15m": 0.0,
    "volume_momentum": 0.0
  },
  "token_age_minutes": 190.37361176666667
}