{
  "trade_id": "TRADE_20250123_141945_565",
  "token_address": "DtwEQbBqByXgGYSgB67ZD3fNYYPPBd2xRA3Z9aLBpump",
  "token_symbol": "OS",
  "entry_time": "2025-01-23T17:42:25.368400",
  "entry_price": 8.278367107625995e-06,
  "market_price": 7.198580093587823e-06,
  "position_size": 100,
  "confidence_score": 1.0,
  "features": {
    "momentum_5m": 0.0,
    "momentum_7m": 0.0,
    "trend_acceleration": 0.0,
    "price_volatility": 0.0,
    "price_change_15m": 0.0,
    "volume_momentum": 0.0
  },
  "token_age_minutes": 186.82733918333332
}