{
  "trade_id": "TRADE_20250123_141945_647",
  "token_address": "DkxzrCwB3b9jfYjbVTJsZWc6siaUxj69vEhuVN36pump",
  "token_symbol": "EIDO",
  "entry_time": "2025-01-23T17:44:37.248533",
  "entry_price": 8.325542437013657e-06,
  "market_price": 7.239602119142311e-06,
  "position_size": 100,
  "confidence_score": 1.0,
  "features": {
    "momentum_5m": 0.0,
    "momentum_7m": 0.0,
    "trend_acceleration": 0.0,
    "price_volatility": 0.0,
    "price_change_15m": 0.0,
    "volume_momentum": 0.0
  },
  "token_age_minutes": 180.53287998333332
}