{
  "trade_id": "TRADE_20250123_141945_292",
  "token_address": "vWhHPvxPdxjPLgN7n2nZ8u38shrwnp2bE6zCvnZpump",
  "token_symbol": "afafff",
  "entry_time": "2025-01-23T17:33:30.583220",
  "entry_price": 8.215479526761908e-06,
  "market_price": 7.143895240662529e-06,
  "position_size": 100,
  "confidence_score": 1.0,
  "features": {
    "momentum_5m": 0.0,
    "momentum_7m": 0.0,
    "trend_acceleration": 0.0,
    "price_volatility": 0.0,
    "price_change_15m": 0.0,
    "volume_momentum": 0.0
  },
  "token_age_minutes": 192.57135136666665
}