{
  "trade_id": "TRADE_20250123_141945_1088",
  "token_address": "G3WRnLwWGVh7vCSfnnR6RJSNp4yEpBFDPcN3RF6wpump",
  "token_symbol": "meteorapa",
  "entry_time": "2025-01-23T18:06:35.403662",
  "entry_price": 8.107846243272582e-06,
  "market_price": 7.050301081106593e-06,
  "position_size": 100,
  "confidence_score": 1.0,
  "features": {
    "momentum_5m": 0.0,
    "momentum_7m": 0.0,
    "trend_acceleration": 0.0,
    "price_volatility": 0.0,
    "price_change_15m": 0.0,
    "volume_momentum": 0.0
  },
  "token_age_minutes": 183.38871141666667
}