{
  "trade_id": "TRADE_20250123_141945_569",
  "token_address": "vVEZbpeWeKeoRPMgqi3am2cX8oooj1Q68xdwwRBpump",
  "token_symbol": "$HAMAN",
  "entry_time": "2025-01-23T17:42:30.297700",
  "entry_price": 8.03236227474245e-06,
  "market_price": 6.984662847602131e-06,
  "position_size": 100,
  "confidence_score": 1.0,
  "features": {
    "momentum_5m": 0.0,
    "momentum_7m": 0.0,
    "trend_acceleration": 0.0,
    "price_volatility": 0.0,
    "price_change_15m": 0.0,
    "volume_momentum": 0.0
  },
  "token_age_minutes": 180.63669083333335
}