{
  "trade_id": "TRADE_20250123_141945_215",
  "token_address": "FSrqraee4M4o66eZELfYndPperWbProynaEr8ewYpump",
  "token_symbol": "VAI",
  "entry_time": "2025-01-23T17:31:34.195950",
  "entry_price": 0.00036781207053315985,
  "market_price": 0.0003198365830723129,
  "position_size": 100,
  "confidence_score": 1.0,
  "features": {
    "momentum_5m": 0.0,
    "momentum_7m": 0.0,
    "trend_acceleration": 0.0,
    "price_volatility": 0.0,
    "price_change_15m": 0.0,
    "volume_momentum": 0.0
  },
  "token_age_minutes": 190.90118358333334
}