{
  "trade_id": "TRADE_20250123_141945_887",
  "token_address": "C7AewdARAZYieiN5F6Ljbg7d54imE4CY4mU5n4XVpump",
  "token_symbol": "NDAS",
  "entry_time": "2025-01-23T17:56:25.095438",
  "entry_price": 8.031741448389149e-06,
  "market_price": 6.98412299859926e-06,
  "position_size": 100,
  "confidence_score": 1.0,
  "features": {
    "momentum_5m": 0.0,
    "momentum_7m": 0.0,
    "trend_acceleration": 0.0,
    "price_volatility": 0.0,
    "price_change_15m": 0.0,
    "volume_momentum": 0.0
  },
  "token_age_minutes": 192.78158331666666
}