{
  "trade_id": "TRADE_20250123_141945_784",
  "token_address": "E4Je5sMvUB6mNiC2KHpRKmQsUPCV9QiKPDT8wg9qpump",
  "token_symbol": "Orca ",
  "entry_time": "2025-01-23T17:50:27.647413",
  "entry_price": 8.261025745125652e-06,
  "market_price": 7.18350064793535e-06,
  "position_size": 100,
  "confidence_score": 1.0,
  "features": {
    "momentum_5m": 0.0,
    "momentum_7m": 0.0,
    "trend_acceleration": 0.0,
    "price_volatility": 0.0,
    "price_change_15m": 0.0,
    "volume_momentum": 0.0
  },
  "token_age_minutes": 198.03295481666666
}