{
  "trade_id": "TRADE_20250123_141945_408",
  "token_address": "7BJi1gH3XYak6dgFH27yzXyCMBFhmhRxqNLTXEvspump",
  "token_symbol": "LIVE10M",
  "entry_time": "2025-01-23T17:37:37.061587",
  "entry_price": 8.675296311783423e-06,
  "market_price": 7.543735923289933e-06,
  "position_size": 100,
  "confidence_score": 1.0,
  "features": {
    "momentum_5m": 0.0038285001539510866,
    "momentum_7m": 0.0038285001539510866,
    "trend_acceleration": 0.0,
    "price_volatility": 0.0019142500769755433,
    "price_change_15m": 0.0038285001539510866,
    "volume_momentum": 3.713299929253289e-05
  },
  "token_age_minutes": 180.42796689999997
}