{
  "trade_id": "TRADE_20250123_141945_164",
  "token_address": "3xqhzzLrxJPT8RvbdXhdEs13aUgohL5jwurSCEW6pump",
  "token_symbol": "Ra",
  "entry_time": "2025-01-23T17:30:24.812144",
  "entry_price": 8.733991046030137e-06,
  "market_price": 7.594774822634902e-06,
  "position_size": 100,
  "confidence_score": 1.0,
  "features": {
    "momentum_5m": 0.0,
    "momentum_7m": 0.0,
    "trend_acceleration": 0.0,
    "price_volatility": 0.0,
    "price_change_15m": 0.0,
    "volume_momentum": 0.0
  },
  "token_age_minutes": 186.44328638333334
}