{
  "trade_id": "TRADE_20250123_141945_5",
  "token_address": "BoZis9Z1H5LAXLsxpW8BA3PSnw7qXrEnKRhdo74Mpump",
  "token_symbol": "SNAKEW",
  "entry_time": "2025-01-23T17:20:25.644323",
  "entry_price": 8.262918467606979e-06,
  "market_price": 7.1851464935712865e-06,
  "position_size": 100,
  "confidence_score": 1.0,
  "features": {
    "momentum_5m": 0.0,
    "momentum_7m": 0.0,
    "trend_acceleration": 0.0,
    "price_volatility": 0.0,
    "price_change_15m": 0.0,
    "volume_momentum": 0.0
  },
  "token_age_minutes": 180.58168436666668
}