{
  "trade_id": "TRADE_20250123_141945_484",
  "token_address": "69PHQUCQR3RQq48tJToMmbtCXhZV9AANT3XvozUypump",
  "token_symbol": "NDAS",
  "entry_time": "2025-01-23T17:39:34.677408",
  "entry_price": 7.961178760240772e-06,
  "market_price": 6.922764139339802e-06,
  "position_size": 100,
  "confidence_score": 1.0,
  "features": {
    "momentum_5m": 0.0,
    "momentum_7m": 0.0,
    "trend_acceleration": 0.0,
    "price_volatility": 0.0,
    "price_change_15m": 0.0,
    "volume_momentum": 0.0
  },
  "token_age_minutes": 180.67808358333332
}