{
  "trade_id": "TRADE_20250123_141945_1243",
  "token_address": "Bu3Lbz3CGtVAJbfqWFAD1f2EXw4dWf3yZKziachhpump",
  "token_symbol": "sifi",
  "entry_time": "2025-01-23T18:20:42.657476",
  "entry_price": 8.282673917714983e-06,
  "market_price": 7.202325145839115e-06,
  "position_size": 100,
  "confidence_score": 1.0,
  "features": {
    "momentum_5m": 0.0,
    "momentum_7m": 0.0,
    "trend_acceleration": 0.0,
    "price_volatility": 0.0,
    "price_change_15m": 0.0,
    "volume_momentum": 0.0
  },
  "token_age_minutes": 227.31303256666666
}