{
  "trade_id": "TRADE_20250123_141945_1202",
  "token_address": "8oCJDJNXVZr4mdWe6Gu3X6549WnKr9FsL5Mp6ye7pump",
  "token_symbol": "LIVE",
  "entry_time": "2025-01-23T18:16:41.291584",
  "entry_price": 8.036350000675466e-06,
  "market_price": 6.988130435369971e-06,
  "position_size": 100,
  "confidence_score": 1.0,
  "features": {
    "momentum_5m": 0.0,
    "momentum_7m": 0.0,
    "trend_acceleration": 0.0,
    "price_volatility": 0.0,
    "price_change_15m": 0.0,
    "volume_momentum": 0.0
  },
  "token_age_minutes": 190.44588371666666
}