{
  "trade_id": "TRADE_20250123_141945_861",
  "token_address": "DSbkDa4yp7NEGxiwsxFNvMMkMcQhX51BH8xar7QEpump",
  "token_symbol": "DOJO",
  "entry_time": "2025-01-23T17:52:42.262013",
  "entry_price": 8.128321014024776e-06,
  "market_price": 7.068105229586761e-06,
  "position_size": 100,
  "confidence_score": 1.0,
  "features": {
    "momentum_5m": 0.0,
    "momentum_7m": 0.0,
    "trend_acceleration": 0.0,
    "price_volatility": 0.0,
    "price_change_15m": 0.0,
    "volume_momentum": 0.0
  },
  "token_age_minutes": 188.53900033333332
}