{
  "trade_id": "TRADE_20250123_141945_126",
  "token_address": "FmfvdNXZknSCV4u6Qjxa65nmyX628mGcx9G3tjpYpump",
  "token_symbol": "CIA.A",
  "entry_time": "2025-01-23T17:28:22.335950",
  "entry_price": 8.300511370375623e-06,
  "market_price": 7.217835974239673e-06,
  "position_size": 100,
  "confidence_score": 1.0,
  "features": {
    "momentum_5m": 0.0,
    "momentum_7m": 0.0,
    "trend_acceleration": 0.0,
    "price_volatility": 0.0,
    "price_change_15m": 0.0,
    "volume_momentum": 0.0
  },
  "token_age_minutes": 180.36553121666665
}