{
  "trade_id": "TRADE_20250123_141945_497",
  "token_address": "28LFPw73RWt1juA7CtGrYNTLtuS4fx8JPqDydANhpump",
  "token_symbol": "leia",
  "entry_time": "2025-01-23T17:39:39.279827",
  "entry_price": 8.252471076080999e-06,
  "market_price": 7.176061805287826e-06,
  "position_size": 100,
  "confidence_score": 1.0,
  "features": {
    "momentum_5m": 0.0,
    "momentum_7m": 0.0,
    "trend_acceleration": 0.0,
    "price_volatility": 0.0,
    "price_change_15m": 0.0,
    "volume_momentum": 0.0
  },
  "token_age_minutes": 187.84492976666667
}