{
  "trade_id": "TRADE_20250123_141945_109",
  "token_address": "AGqU7t11HEgit1Jjb6iwgnpfrCnCaqjB5PW6Lf7ppump",
  "token_symbol": "NDAS",
  "entry_time": "2025-01-23T17:26:36.507560",
  "entry_price": 8.266550051972183e-06,
  "market_price": 7.18830439301929e-06,
  "position_size": 100,
  "confidence_score": 1.0,
  "features": {
    "momentum_5m": 0.0,
    "momentum_7m": 0.0,
    "trend_acceleration": 0.0,
    "price_volatility": 0.0,
    "price_change_15m": 0.0,
    "volume_momentum": 0.0
  },
  "token_age_minutes": 180.83225768333332
}