{
  "trade_id": "TRADE_20250123_141945_543",
  "token_address": "FHofQiw3aGyx5vWrq3XYx5WxHwoVVGf3Tw8Q7hqcpump",
  "token_symbol": "MEANING",
  "entry_time": "2025-01-23T17:41:26.861517",
  "entry_price": 8.25276386273891e-06,
  "market_price": 7.176316402381661e-06,
  "position_size": 100,
  "confidence_score": 1.0,
  "features": {
    "momentum_5m": 0.0,
    "momentum_7m": 0.0,
    "trend_acceleration": 0.0,
    "price_volatility": 0.0,
    "price_change_15m": 0.0,
    "volume_momentum": 0.0
  },
  "token_age_minutes": 185.73201676666667
}