{
  "trade_id": "TRADE_20250123_141945_266",
  "token_address": "5NFCf7iUV288C3ykDcZTjf4QkcuQEet1pcqk2kvwpump",
  "token_symbol": "AGAMOTTO",
  "entry_time": "2025-01-23T17:32:37.953693",
  "entry_price": 8.37954738302902e-06,
  "market_price": 7.286562941764366e-06,
  "position_size": 100,
  "confidence_score": 1.0,
  "features": {
    "momentum_5m": 0.0,
    "momentum_7m": 0.0,
    "trend_acceleration": 0.0,
    "price_volatility": 0.0,
    "price_change_15m": 0.0,
    "volume_momentum": 0.0
  },
  "token_age_minutes": 180.82776084999998
}