{
  "trade_id": "TRADE_20250123_141945_178",
  "token_address": "FvAzu5wEJS1NNBQWG8K9vFu9yVR9m19vMx2aCuHZpump",
  "token_symbol": "mia",
  "entry_time": "2025-01-23T17:30:29.564030",
  "entry_price": 8.276805633086347e-06,
  "market_price": 7.197222289640303e-06,
  "position_size": 100,
  "confidence_score": 1.0,
  "features": {
    "momentum_5m": 0.0,
    "momentum_7m": 0.0,
    "trend_acceleration": 0.0,
    "price_volatility": 0.0,
    "price_change_15m": 0.0,
    "volume_momentum": 0.0
  },
  "token_age_minutes": 185.50248276666667
}