{
  "trade_id": "TRADE_20250123_141945_745",
  "token_address": "8GerFgsy6463WxGDsrWJ1gfVVUe6v9oNEqjBbRTspump",
  "token_symbol": "SNAKEQ",
  "entry_time": "2025-01-23T17:48:33.989541",
  "entry_price": 8.650381410922268e-06,
  "market_price": 7.522070792106321e-06,
  "position_size": 100,
  "confidence_score": 1.0,
  "features": {
    "momentum_5m": 0.0,
    "momentum_7m": 0.0,
    "trend_acceleration": 0.0,
    "price_volatility": 0.0,
    "price_change_15m": 0.0,
    "volume_momentum": 0.0
  },
  "token_age_minutes": 188.51440728333333
}