{
  "trade_id": "TRADE_20250123_141945_145",
  "token_address": "F8Wm2p6MR5FRqgT1Sff8UrsXgudpeE5QX3LS6Qkrpump",
  "token_symbol": "CUM",
  "entry_time": "2025-01-23T17:29:26.276727",
  "entry_price": 8.265736656544604e-06,
  "market_price": 7.187597092647482e-06,
  "position_size": 100,
  "confidence_score": 1.0,
  "features": {
    "momentum_5m": 0.0,
    "momentum_7m": 0.0,
    "trend_acceleration": 0.0,
    "price_volatility": 0.0,
    "price_change_15m": 0.0,
    "volume_momentum": 0.0
  },
  "token_age_minutes": 183.83674046666664
}