{
  "trade_id": "TRADE_20250123_141945_287",
  "token_address": "AcF2Mssvod9yogo739jPcV7cJL5BmwEeEPQMRhkkpump",
  "token_symbol": "FCF",
  "entry_time": "2025-01-23T17:33:29.472062",
  "entry_price": 8.250025603815208e-06,
  "market_price": 7.173935307665398e-06,
  "position_size": 100,
  "confidence_score": 1.0,
  "features": {
    "momentum_5m": 0.0,
    "momentum_7m": 0.0,
    "trend_acceleration": 0.0,
    "price_volatility": 0.0,
    "price_change_15m": 0.0,
    "volume_momentum": 0.0
  },
  "token_age_minutes": 180.87021353333333
}