{
  "trade_id": "TRADE_20250123_141945_1185",
  "token_address": "EXHq6rPd3Gar2BudRpiohMXmMrALuhmEdSnqrS6Vpump",
  "token_symbol": "XTC",
  "entry_time": "2025-01-23T18:15:44.627813",
  "entry_price": 7.886342462453981e-06,
  "market_price": 6.8576890977860704e-06,
  "position_size": 100,
  "confidence_score": 1.0,
  "features": {
    "momentum_5m": 0.0,
    "momentum_7m": 0.0,
    "trend_acceleration": 0.0,
    "price_volatility": 0.0,
    "price_change_15m": 0.0,
    "volume_momentum": 0.0
  },
  "token_age_minutes": 182.57778948333333
}