{
  "trade_id": "TRADE_20250123_141945_892",
  "token_address": "9bfFXFbxk6Kks7sn3E4rkYc1NJVfPZBkaeNbetk4pump",
  "token_symbol": "FTV",
  "entry_time": "2025-01-23T17:56:30.035738",
  "entry_price": 8.017778352115072e-06,
  "market_price": 6.971981175752237e-06,
  "position_size": 100,
  "confidence_score": 1.0,
  "features": {
    "momentum_5m": 0.0,
    "momentum_7m": 0.0,
    "trend_acceleration": 0.0,
    "price_volatility": 0.0,
    "price_change_15m": 0.0,
    "volume_momentum": 0.0
  },
  "token_age_minutes": 188.39679343333333
}