{
  "trade_id": "TRADE_20250123_141945_958",
  "token_address": "FP3jtLjjwUYZ9tPJDPReHr65b3urzRZSBBgctjccpump",
  "token_symbol": "CGC",
  "entry_time": "2025-01-23T17:59:30.295569",
  "entry_price": 8.007199807605889e-06,
  "market_price": 6.962782441396425e-06,
  "position_size": 100,
  "confidence_score": 1.0,
  "features": {
    "momentum_5m": 0.0,
    "momentum_7m": 0.0,
    "trend_acceleration": 0.0,
    "price_volatility": 0.0,
    "price_change_15m": 0.0,
    "volume_momentum": 0.0
  },
  "token_age_minutes": 188.41695866666666
}