{
  "trade_id": "TRADE_20250123_141945_56",
  "token_address": "DqSyiqj4eATcRN2C9QKeeyzV9MKdiDRR7g6Lpmxzpump",
  "token_symbol": " tom",
  "entry_time": "2025-01-23T17:24:29.322781",
  "entry_price": 8.412450877869503e-06,
  "market_price": 7.315174676408264e-06,
  "position_size": 100,
  "confidence_score": 1.0,
  "features": {
    "momentum_5m": 0.0,
    "momentum_7m": 0.0,
    "trend_acceleration": 0.0,
    "price_volatility": 0.0,
    "price_change_15m": 0.0,
    "volume_momentum": 0.0
  },
  "token_age_minutes": 180.39887298333332
}