{
  "trade_id": "TRADE_20250123_141945_1054",
  "token_address": "7b232QDo3HoCLKce83GRHvs37ep3wF9A1QaaxKJmpump",
  "token_symbol": "1000000000",
  "entry_time": "2025-01-23T18:05:38.294630",
  "entry_price": 8.266441423147496e-06,
  "market_price": 7.1882099331717355e-06,
  "position_size": 100,
  "confidence_score": 1.0,
  "features": {
    "momentum_5m": 0.0,
    "momentum_7m": 0.0,
    "trend_acceleration": 0.0,
    "price_volatility": 0.0,
    "price_change_15m": 0.0,
    "volume_momentum": 0.0
  },
  "token_age_minutes": 206.06743298333333
}