{
  "trade_id": "TRADE_20250123_141945_24",
  "token_address": "CD4La8Lo2h2AcS9d2zGEZgUCeqfxKL5ZiExdPKBmpump",
  "token_symbol": "NEIROD",
  "entry_time": "2025-01-23T17:22:23.131826",
  "entry_price": 8.290925997439826e-06,
  "market_price": 7.209500867338979e-06,
  "position_size": 100,
  "confidence_score": 1.0,
  "features": {
    "momentum_5m": 0.0,
    "momentum_7m": 0.0,
    "trend_acceleration": 0.0,
    "price_volatility": 0.0,
    "price_change_15m": 0.0,
    "volume_momentum": 0.0
  },
  "token_age_minutes": 180.15428551666668
}