{
  "trade_id": "TRADE_20250123_141945_1210",
  "token_address": "sksBSsPs2f6WEibzppdgxd8pmW2zz2qRvg6MqFUpump",
  "token_symbol": "Lumbee",
  "entry_time": "2025-01-23T18:17:36.715318",
  "entry_price": 8.07741350107911e-06,
  "market_price": 7.023837827025314e-06,
  "position_size": 100,
  "confidence_score": 1.0,
  "features": {
    "momentum_5m": 0.0,
    "momentum_7m": 0.0,
    "trend_acceleration": 0.0,
    "price_volatility": 0.0,
    "price_change_15m": 0.0,
    "volume_momentum": 0.0
  },
  "token_age_minutes": 211.62842553333334
}