{
  "trade_id": "TRADE_20250123_141945_417",
  "token_address": "46bm8QiEsG7xyLkMPEMXgW3GzXy4E4GAActBRtjCpump",
  "token_symbol": "USAI",
  "entry_time": "2025-01-23T17:38:26.039410",
  "entry_price": 8.385183220517373e-06,
  "market_price": 7.291463670015108e-06,
  "position_size": 100,
  "confidence_score": 1.0,
  "features": {
    "momentum_5m": 0.0,
    "momentum_7m": 0.0,
    "trend_acceleration": 0.0,
    "price_volatility": 0.0,
    "price_change_15m": 0.0,
    "volume_momentum": 0.0
  },
  "token_age_minutes": 184.48456804999998
}