{
  "trade_id": "TRADE_20250123_141945_1097",
  "token_address": "6yxVcQZ9ZVZPFmzVhhFzgvaXdhpz5r9yFG6WFZFvpump",
  "token_symbol": "JFK",
  "entry_time": "2025-01-23T18:06:41.277575",
  "entry_price": 7.866353252391555e-06,
  "market_price": 6.840307175992658e-06,
  "position_size": 100,
  "confidence_score": 1.0,
  "features": {
    "momentum_5m": 0.0,
    "momentum_7m": 0.0,
    "trend_acceleration": 0.0,
    "price_volatility": 0.0,
    "price_change_15m": 0.0,
    "volume_momentum": 0.0
  },
  "token_age_minutes": 180.78378800000002
}