{
  "trade_id": "TRADE_20250123_141945_648",
  "token_address": "CVtqp7hVUHZ7RvdrhfGVuAaS2v1vVu9tkpNSAgk9pump",
  "token_symbol": "SENTIO",
  "entry_time": "2025-01-23T17:44:37.295493",
  "entry_price": 8.290042210010244e-06,
  "market_price": 7.208732356530648e-06,
  "position_size": 100,
  "confidence_score": 1.0,
  "features": {
    "momentum_5m": 0.0,
    "momentum_7m": 0.0,
    "trend_acceleration": 0.0,
    "price_volatility": 0.0,
    "price_change_15m": 0.0,
    "volume_momentum": 0.0
  },
  "token_age_minutes": 200.18826638333334
}