{
  "trade_id": "TRADE_20250123_141945_904",
  "token_address": "6DsTJSqrwkwiL3Vb2F6cHS37DFNgp9oVHimT9jjApump",
  "token_symbol": "ScioxAi",
  "entry_time": "2025-01-23T17:56:40.254583",
  "entry_price": 8.2225929289229e-06,
  "market_price": 7.150080807759044e-06,
  "position_size": 100,
  "confidence_score": 1.0,
  "features": {
    "momentum_5m": 0.0,
    "momentum_7m": 0.0,
    "trend_acceleration": 0.0,
    "price_volatility": 0.0,
    "price_change_15m": 0.0,
    "volume_momentum": 0.0
  },
  "token_age_minutes": 205.01710638333333
}