{
  "trade_id": "TRADE_20241229_224949_7",
  "token_address": "CmDUT8AK18nAhKnq4QQo29BfoHjYbiGyUZXALNkRpump",
  "token_symbol": "hoppi",
  "entry_time": "2024-12-29T23:28:46.119279",
  "market_price": 1.1599560518828128e-05,
  "entry_price_with_slippage": 1.3339494596652346e-05,
  "slippage_percent": 15,
  "position_size": 100,
  "confidence_score": 1.0,
  "features": {
    "momentum_5m": 0.5744171304836116,
    "volatility_5m": 0.18483425327837413,
    "momentum_7m": 0.6747619675748422,
    "trend_acceleration": 0.04862824542932022,
    "price_change_15m": 0.701782324088821,
    "relative_volume": 2.886294567734798
  }
}