{
  "trade_id": "TRADE_20241229_224949_5",
  "token_address": "Ba1n2EBvHHmjitsccRP4GFfYK35wt23WoibA9xBXpump",
  "token_symbol": "HORNY",
  "entry_time": "2024-12-29T23:25:13.037055",
  "market_price": 1.2322998513579678e-05,
  "entry_price_with_slippage": 1.4171448290616629e-05,
  "slippage_percent": 15,
  "position_size": 100,
  "confidence_score": 1.0,
  "features": {
    "momentum_5m": 0.5389792168730476,
    "volatility_5m": 0.19295704223548923,
    "momentum_7m": 0.6679781192252314,
    "trend_acceleration": 0.04733011851440827,
    "price_change_15m": 1.0090883581484151,
    "relative_volume": 2.508075558675352
  }
}