{
  "trade_id": "TRADE_20241229_224949_12",
  "token_address": "2aCDXovrfR41Yjh5entxVR2aFBhTgeyEscWMxDgMpump",
  "token_symbol": "FART",
  "entry_time": "2024-12-29T23:47:00.476315",
  "market_price": 9.996352160286975e-06,
  "entry_price_with_slippage": 1.149580498433002e-05,
  "slippage_percent": 15,
  "position_size": 100,
  "confidence_score": 1.0,
  "features": {
    "momentum_5m": 0.8191229585364161,
    "volatility_5m": 0.12014993347556917,
    "momentum_7m": 0.8819311674741357,
    "trend_acceleration": 0.03596786566921954,
    "price_change_15m": 0.7259991688194376,
    "relative_volume": 3.7040241912745424
  }
}