{
  "trade_id": "TRADE_20241229_224949_8",
  "token_address": "ZojjcXacBCk1YmRvAgxBLGp1qTcwV5MSC6tvweopump",
  "token_symbol": "PENGU",
  "entry_time": "2024-12-29T23:31:51.852666",
  "market_price": 9.293097499156191e-05,
  "entry_price_with_slippage": 0.0001068706212402962,
  "slippage_percent": 15,
  "position_size": 100,
  "confidence_score": 1.0,
  "features": {
    "momentum_5m": 0.42940110043036683,
    "volatility_5m": 0.14097638125259235,
    "momentum_7m": 0.4311820047126216,
    "trend_acceleration": 0.024036621721045842,
    "price_change_15m": 0.783374684963029,
    "relative_volume": 1.7918819982101508
  }
}