{
  "trade_id": "TRADE_20241229_224949_2",
  "token_address": "5ox3bfPRCvtvrH2DNMNMZTnKsscNETxEbTwcqT9Upump",
  "token_symbol": "CREAM",
  "entry_time": "2024-12-29T23:14:24.714684",
  "market_price": 1.160117248818429e-05,
  "entry_price_with_slippage": 1.3341348361411932e-05,
  "slippage_percent": 15,
  "position_size": 100,
  "confidence_score": 1.0,
  "features": {
    "momentum_5m": 0.5348942595889836,
    "volatility_5m": 0.18690693354106794,
    "momentum_7m": 0.5952658422528818,
    "trend_acceleration": 0.03229034990796753,
    "price_change_15m": 0.6060094639698128,
    "relative_volume": 2.8333333333333335
  }
}