{
    "3": {
        "num_trades": 5651,
        "avg_return": 2374.7704854547633,
        "median_return": 645.9482864573862,
        "max_return": 1479199.521567458,
        "win_rate": 1.0,
        "avg_max_return": 2374.7704854547633,
        "risk_reward": 0.07774464561255293,
        "profit_factor": Infinity,
        "sharpe_ratio": 0.07774464561255293,
        "max_drawdown": NaN
    },
    "5": {
        "num_trades": 5651,
        "avg_return": 2374.7704854547633,
        "median_return": 645.9482864573862,
        "max_return": 1479199.521567458,
        "win_rate": 1.0,
        "avg_max_return": 2374.7704854547633,
        "risk_reward": 0.07774464561255293,
        "profit_factor": Infinity,
        "sharpe_ratio": 0.07774464561255293,
        "max_drawdown": NaN
    },
    "10": {
        "num_trades": 5651,
        "avg_return": 2374.7704854547633,
        "median_return": 645.9482864573862,
        "max_return": 1479199.521567458,
        "win_rate": 1.0,
        "avg_max_return": 2374.7704854547633,
        "risk_reward": 0.07774464561255293,
        "profit_factor": Infinity,
        "sharpe_ratio": 0.07774464561255293,
        "max_drawdown": NaN
    },
    "15": {
        "num_trades": 5651,
        "avg_return": 2374.7704854547633,
        "median_return": 645.9482864573862,
        "max_return": 1479199.521567458,
        "win_rate": 1.0,
        "avg_max_return": 2374.7704854547633,
        "risk_reward": 0.07774464561255293,
        "profit_factor": Infinity,
        "sharpe_ratio": 0.07774464561255293,
        "max_drawdown": NaN
    },
    "30": {
        "num_trades": 5651,
        "avg_return": 2374.7704854547633,
        "median_return": 645.9482864573862,
        "max_return": 1479199.521567458,
        "win_rate": 1.0,
        "avg_max_return": 2374.7704854547633,
        "risk_reward": 0.07774464561255293,
        "profit_factor": Infinity,
        "sharpe_ratio": 0.07774464561255293,
        "max_drawdown": NaN
    },
    "45": {
        "num_trades": 5651,
        "avg_return": 2374.7704854547633,
        "median_return": 645.9482864573862,
        "max_return": 1479199.521567458,
        "win_rate": 1.0,
        "avg_max_return": 2374.7704854547633,
        "risk_reward": 0.07774464561255293,
        "profit_factor": Infinity,
        "sharpe_ratio": 0.07774464561255293,
        "max_drawdown": NaN
    },
    "60": {
        "num_trades": 5651,
        "avg_return": 2374.7704854547633,
        "median_return": 645.9482864573862,
        "max_return": 1479199.521567458,
        "win_rate": 1.0,
        "avg_max_return": 2374.7704854547633,
        "risk_reward": 0.07774464561255293,
        "profit_factor": Infinity,
        "sharpe_ratio": 0.07774464561255293,
        "max_drawdown": NaN
    }
}