{
  "trade_id": "TRADE_20250108_130244_55",
  "token_address": "3jm9oxLPqa1HLBMB6gbcNAPKpBv6hUuR42S5ymbQpump",
  "token_symbol": "MBRIDGE28 ",
  "entry_time": "2025-01-08T14:17:05.938079",
  "market_price": 2.1206714455243844e-05,
  "entry_price_with_slippage": 2.332738590076823e-05,
  "slippage_percent": 10.000000000000009,
  "position_size": 100,
  "confidence_score": 0.9131118330688093,
  "features": {
    "momentum_5m": 0.23733480897684256,
    "momentum_7m": 0.23733480897684256,
    "trend_acceleration": 0.030394689903015665,
    "price_change_15m": 0.16966774960321374
  }
}