{
  "trade_id": "TRADE_20250108_130244_11",
  "token_address": "AMPBrV89bHvnQkSD8Ttow8ELf2wAcb4ZXxyRsNchpump",
  "token_symbol": "AI",
  "entry_time": "2025-01-08T13:33:24.451232",
  "market_price": 1.5207280434268454e-05,
  "entry_price_with_slippage": 1.67280084776953e-05,
  "slippage_percent": 10.000000000000009,
  "position_size": 100,
  "confidence_score": 0.9910130872574698,
  "features": {
    "momentum_5m": 0.47790730651856594,
    "momentum_7m": 0.8210828571180198,
    "trend_acceleration": 0.034994380496674915,
    "price_change_15m": 1.1781994024424791
  }
}