{
  "trade_id": "TRADE_20250108_130244_27",
  "token_address": "cijKDAkpZhvGni16wPzJZrLwJV37xAR5vW7URpGpump",
  "token_symbol": "PHD",
  "entry_time": "2025-01-08T13:51:26.970844",
  "market_price": 9.62395094805964e-06,
  "entry_price_with_slippage": 1.0586346042865605e-05,
  "slippage_percent": 10.000000000000009,
  "position_size": 100,
  "confidence_score": 0.9069389238237806,
  "features": {
    "momentum_5m": 0.3676223143038775,
    "momentum_7m": 0.4742579953616559,
    "trend_acceleration": 0.03645099138100055,
    "price_change_15m": 0.16040838573567084
  }
}