{
  "trade_id": "TRADE_20250108_130244_24",
  "token_address": "AMPBrV89bHvnQkSD8Ttow8ELf2wAcb4ZXxyRsNchpump",
  "token_symbol": "AI",
  "entry_time": "2025-01-08T13:48:30.602229",
  "market_price": 2.615418578753766e-05,
  "entry_price_with_slippage": 2.876960436629143e-05,
  "slippage_percent": 10.000000000000009,
  "position_size": 100,
  "confidence_score": 1.0,
  "features": {
    "momentum_5m": 0.23112215198558017,
    "momentum_7m": 0.6237537489656264,
    "trend_acceleration": 0.04044018386447325,
    "price_change_15m": 0.3958441850140806
  }
}