{
  "trade_id": "TRADE_20250108_130244_78",
  "token_address": "EXf3y44puAf8GCBSgKX5qKazMFNVZKVBruxHC9nupump",
  "token_symbol": "Morphology",
  "entry_time": "2025-01-08T15:08:37.199443",
  "market_price": 1.7778810856094876e-05,
  "entry_price_with_slippage": 1.9556691941704364e-05,
  "slippage_percent": 10.000000000000009,
  "position_size": 100,
  "confidence_score": 1.0,
  "features": {
    "momentum_5m": 0.3038014727499654,
    "momentum_7m": 0.2992571123373191,
    "trend_acceleration": 0.021007705920781744,
    "price_change_15m": 0.49149662981420383
  }
}