{
  "trade_id": "TRADE_20250108_130244_13",
  "token_address": "3jm9oxLPqa1HLBMB6gbcNAPKpBv6hUuR42S5ymbQpump",
  "token_symbol": "MBRIDGE28 ",
  "entry_time": "2025-01-08T13:34:52.216040",
  "market_price": 1.697846445542705e-05,
  "entry_price_with_slippage": 1.8676310900969756e-05,
  "slippage_percent": 10.000000000000009,
  "position_size": 100,
  "confidence_score": 0.9336638724312676,
  "features": {
    "momentum_5m": 0.15843674520350737,
    "momentum_7m": 0.4899435219249255,
    "trend_acceleration": 0.01856179409268835,
    "price_change_15m": 1.0912185436265762
  }
}