{
  "trade_id": "TRADE_20250108_130244_40",
  "token_address": "E6HBubgDV5vJ7ybqV8GKav67tCYkaV9oQqx679ZZpump",
  "token_symbol": "RaR",
  "entry_time": "2025-01-08T13:58:19.762826",
  "market_price": 1.4202288969430118e-05,
  "entry_price_with_slippage": 1.562251786637313e-05,
  "slippage_percent": 10.000000000000009,
  "position_size": 100,
  "confidence_score": 1.0,
  "features": {
    "momentum_5m": 0.4236845498657038,
    "momentum_7m": 0.2424846601830677,
    "trend_acceleration": 0.027558324935729003,
    "price_change_15m": 0.4516120081961399
  }
}