{
  "trade_id": "TRADE_20250108_130244_47",
  "token_address": "AMPBrV89bHvnQkSD8Ttow8ELf2wAcb4ZXxyRsNchpump",
  "token_symbol": "AI",
  "entry_time": "2025-01-08T14:03:36.292911",
  "market_price": 3.591565977002009e-05,
  "entry_price_with_slippage": 3.95072257470221e-05,
  "slippage_percent": 10.000000000000009,
  "position_size": 100,
  "confidence_score": 0.9427464845789225,
  "features": {
    "momentum_5m": 0.20643518631234858,
    "momentum_7m": 0.2349889561710896,
    "trend_acceleration": 0.016016100694023705,
    "price_change_15m": 0.27387821645802823
  }
}