{
  "trade_id": "TRADE_20250108_130244_51",
  "token_address": "9EyrZHBNGADLPeXaHUcqkEo8xjqEfyG6eRKpuuYHpump",
  "token_symbol": "MLGKK",
  "entry_time": "2025-01-08T14:08:30.418141",
  "market_price": 1.0218459450642251e-05,
  "entry_price_with_slippage": 1.1240305395706478e-05,
  "slippage_percent": 10.000000000000009,
  "position_size": 100,
  "confidence_score": 1.0,
  "features": {
    "momentum_5m": 0.3860154799866329,
    "momentum_7m": 0.3860154799866329,
    "trend_acceleration": 0.04825193499832911,
    "price_change_15m": 0.3860154799866329
  }
}