{
  "trade_id": "TRADE_20250108_130244_56",
  "token_address": "EXf3y44puAf8GCBSgKX5qKazMFNVZKVBruxHC9nupump",
  "token_symbol": "Morphology",
  "entry_time": "2025-01-08T14:17:20.979996",
  "market_price": 8.383241986156613e-06,
  "entry_price_with_slippage": 9.221566184772276e-06,
  "slippage_percent": 10.000000000000009,
  "position_size": 100,
  "confidence_score": 0.9597861200831792,
  "features": {
    "momentum_5m": 0.301649902288637,
    "momentum_7m": 0.2973637673264573,
    "trend_acceleration": 0.020249835719467632,
    "price_change_15m": 0.23967918012476863
  }
}