{
  "trade_id": "TRADE_20250108_130244_31",
  "token_address": "3CzG2VLuP6YJRvYZmYdqF9zE6chhzqPhLSuetJx8pump",
  "token_symbol": "PLM",
  "entry_time": "2025-01-08T13:52:20.293773",
  "market_price": 0.00010924399258386766,
  "entry_price_with_slippage": 0.00012016839184225444,
  "slippage_percent": 10.000000000000009,
  "position_size": 100,
  "confidence_score": 1.0,
  "features": {
    "momentum_5m": 0.7455340414893303,
    "momentum_7m": 0.7455340414893303,
    "trend_acceleration": 0.09319175518616629,
    "price_change_15m": 0.7455340414893303
  }
}