{
  "trade_id": "TRADE_20250108_130244_65",
  "token_address": "3CzG2VLuP6YJRvYZmYdqF9zE6chhzqPhLSuetJx8pump",
  "token_symbol": "PLM",
  "entry_time": "2025-01-08T14:32:34.499487",
  "market_price": 0.0003047269259431886,
  "entry_price_with_slippage": 0.0003351996185375075,
  "slippage_percent": 10.000000000000009,
  "position_size": 100,
  "confidence_score": 0.9453100028191552,
  "features": {
    "momentum_5m": 0.26562034169786486,
    "momentum_7m": 0.2633980772895934,
    "trend_acceleration": 0.015584157525866421,
    "price_change_15m": 0.28420264134073636
  }
}