{
  "trade_id": "TRADE_20250108_130244_38",
  "token_address": "5GQM2AxsfJLVRcwyTSe9PJNXDFZYbfhJoS3PKph2pump",
  "token_symbol": "Large",
  "entry_time": "2025-01-08T13:55:59.966157",
  "market_price": 1.5163822421353816e-05,
  "entry_price_with_slippage": 1.66802046634892e-05,
  "slippage_percent": 10.000000000000009,
  "position_size": 100,
  "confidence_score": 0.9009576245661062,
  "features": {
    "momentum_5m": 0.3067225938731575,
    "momentum_7m": 0.45555966261018366,
    "trend_acceleration": 0.010095762456610619,
    "price_change_15m": 0.9609184068772294
  }
}