{
  "trade_id": "TRADE_20250108_130244_46",
  "token_address": "3CzG2VLuP6YJRvYZmYdqF9zE6chhzqPhLSuetJx8pump",
  "token_symbol": "PLM",
  "entry_time": "2025-01-08T14:02:24.354954",
  "market_price": 0.00013614913348944849,
  "entry_price_with_slippage": 0.00014976404683839334,
  "slippage_percent": 10.000000000000009,
  "position_size": 100,
  "confidence_score": 0.9929935147257352,
  "features": {
    "momentum_5m": 0.19439481178058826,
    "momentum_7m": 0.39680820089262947,
    "trend_acceleration": 0.030506870993079208,
    "price_change_15m": 1.1754326403134607
  }
}