{
  "trade_id": "TRADE_20250108_130244_61",
  "token_address": "AMPBrV89bHvnQkSD8Ttow8ELf2wAcb4ZXxyRsNchpump",
  "token_symbol": "AI",
  "entry_time": "2025-01-08T14:24:43.660080",
  "market_price": 4.416201678642148e-05,
  "entry_price_with_slippage": 4.857821846506363e-05,
  "slippage_percent": 10.000000000000009,
  "position_size": 100,
  "confidence_score": 1.0,
  "features": {
    "momentum_5m": 0.4132959745366718,
    "momentum_7m": 0.3638655337364911,
    "trend_acceleration": 0.02270406845375421,
    "price_change_15m": 1.3721258362004867
  }
}