{
  "trade_id": "TRADE_20250108_130244_29",
  "token_address": "AMPBrV89bHvnQkSD8Ttow8ELf2wAcb4ZXxyRsNchpump",
  "token_symbol": "AI",
  "entry_time": "2025-01-08T13:51:32.116733",
  "market_price": 3.331217265945859e-05,
  "entry_price_with_slippage": 3.664338992540445e-05,
  "slippage_percent": 10.000000000000009,
  "position_size": 100,
  "confidence_score": 1.0,
  "features": {
    "momentum_5m": 0.4982983842022457,
    "momentum_7m": 0.5784753271759959,
    "trend_acceleration": 0.023726407671247757,
    "price_change_15m": 0.7864495956060704
  }
}