{
  "trade_id": "TRADE_20250108_130244_2",
  "token_address": "7L8QTUaJQiNZGKdzh6WihNhP7rPHQoQTKZyFF7Jppump",
  "token_symbol": "rolly",
  "entry_time": "2025-01-08T13:22:41.625105",
  "market_price": 1.8608093144757334e-05,
  "entry_price_with_slippage": 2.046890245923307e-05,
  "slippage_percent": 10.000000000000009,
  "position_size": 100,
  "confidence_score": 0.9647044065077346,
  "features": {
    "momentum_5m": 0.33404911391988623,
    "momentum_7m": 0.643636007377655,
    "trend_acceleration": 0.024237370010160103,
    "price_change_15m": 1.8214448924650468
  }
}