{
  "trade_id": "TRADE_20250108_130244_3",
  "token_address": "2zQGztSBxegmW4aNVCkVwM72V5Bro19qWRtzTtG6pump",
  "token_symbol": "Paid?",
  "entry_time": "2025-01-08T13:24:04.100670",
  "market_price": 1.260304038351699e-05,
  "entry_price_with_slippage": 1.386334442186869e-05,
  "slippage_percent": 10.000000000000009,
  "position_size": 100,
  "confidence_score": 0.9045617192299589,
  "features": {
    "momentum_5m": 0.32190213601346884,
    "momentum_7m": 0.14546383955997655,
    "trend_acceleration": 0.03477034370661446,
    "price_change_15m": 0.4059603149975777
  }
}