{
  "trade_id": "TRADE_20250108_130244_18",
  "token_address": "2zQGztSBxegmW4aNVCkVwM72V5Bro19qWRtzTtG6pump",
  "token_symbol": "Paid?",
  "entry_time": "2025-01-08T13:44:10.092612",
  "market_price": 2.4033841959708057e-05,
  "entry_price_with_slippage": 2.6437226155678865e-05,
  "slippage_percent": 10.000000000000009,
  "position_size": 100,
  "confidence_score": 1.0,
  "features": {
    "momentum_5m": 0.35637687742870283,
    "momentum_7m": 0.37956575812093796,
    "trend_acceleration": 0.02469217470685066,
    "price_change_15m": 0.5690299974053301
  }
}