{
  "trade_id": "TRADE_20250108_130244_22",
  "token_address": "AMPBrV89bHvnQkSD8Ttow8ELf2wAcb4ZXxyRsNchpump",
  "token_symbol": "AI",
  "entry_time": "2025-01-08T13:45:29.130788",
  "market_price": 2.1104018596892753e-05,
  "entry_price_with_slippage": 2.321442045658203e-05,
  "slippage_percent": 10.000000000000009,
  "position_size": 100,
  "confidence_score": 0.9910443956788688,
  "features": {
    "momentum_5m": 0.54370758125176,
    "momentum_7m": 0.222755526349403,
    "trend_acceleration": 0.019104439567886877,
    "price_change_15m": 0.8492567461580804
  }
}