{
  "trade_id": "TRADE_20250108_130244_48",
  "token_address": "8VUG5kkGjRLuDsLFLv32TNxY7heeTDCR8L884Aa2pump",
  "token_symbol": "VLM",
  "entry_time": "2025-01-08T14:04:06.938025",
  "market_price": 1.0071906575440238e-05,
  "entry_price_with_slippage": 1.1079097232984263e-05,
  "slippage_percent": 10.000000000000009,
  "position_size": 100,
  "confidence_score": 0.929021224754194,
  "features": {
    "momentum_5m": 0.264559664906046,
    "momentum_7m": 0.30299195444731297,
    "trend_acceleration": 0.012902122475419414,
    "price_change_15m": 0.609327197421855
  }
}