{
  "trade_id": "TRADE_20250108_130244_72",
  "token_address": "8VUG5kkGjRLuDsLFLv32TNxY7heeTDCR8L884Aa2pump",
  "token_symbol": "VLM",
  "entry_time": "2025-01-08T14:47:20.147036",
  "market_price": 1.4172431013914503e-05,
  "entry_price_with_slippage": 1.5589674115305954e-05,
  "slippage_percent": 10.000000000000009,
  "position_size": 100,
  "confidence_score": 0.9461408783376184,
  "features": {
    "momentum_5m": 0.3585812226554712,
    "momentum_7m": 0.3493587007753234,
    "trend_acceleration": 0.014614087833761835,
    "price_change_15m": 0.36665719342737546
  }
}