{
  "trade_id": "TRADE_20250108_130244_20",
  "token_address": "HtsjBz5Upzym24P7vW2fGUeFoCURPk67bkLoit3Qpump",
  "token_symbol": "MLM",
  "entry_time": "2025-01-08T13:44:31.400645",
  "market_price": 1.4902967711787897e-05,
  "entry_price_with_slippage": 1.6393264482966686e-05,
  "slippage_percent": 10.000000000000009,
  "position_size": 100,
  "confidence_score": 1.0,
  "features": {
    "momentum_5m": 0.3815910192004188,
    "momentum_7m": 0.5259148682814361,
    "trend_acceleration": 0.026726839411823272,
    "price_change_15m": 0.9127350756714434
  }
}