{
  "trade_id": "TRADE_20250108_130244_7",
  "token_address": "2zQGztSBxegmW4aNVCkVwM72V5Bro19qWRtzTtG6pump",
  "token_symbol": "Paid?",
  "entry_time": "2025-01-08T13:30:05.983683",
  "market_price": 1.5317643384417306e-05,
  "entry_price_with_slippage": 1.6849407722859036e-05,
  "slippage_percent": 10.000000000000009,
  "position_size": 100,
  "confidence_score": 0.9857942055605082,
  "features": {
    "momentum_5m": 0.18863536444840667,
    "momentum_7m": 0.21539270829050383,
    "trend_acceleration": 0.034084877288320756,
    "price_change_15m": 0.4719617869301884
  }
}