{
  "trade_id": "TRADE_20250108_130244_68",
  "token_address": "3CzG2VLuP6YJRvYZmYdqF9zE6chhzqPhLSuetJx8pump",
  "token_symbol": "PLM",
  "entry_time": "2025-01-08T14:33:35.601264",
  "market_price": 0.00033507658405034716,
  "entry_price_with_slippage": 0.0003685842424553819,
  "slippage_percent": 10.000000000000009,
  "position_size": 100,
  "confidence_score": 1.0,
  "features": {
    "momentum_5m": 0.23467891696152443,
    "momentum_7m": 0.3539193675480492,
    "trend_acceleration": 0.024490877374311076,
    "price_change_15m": 0.875903403711815
  }
}