{
  "trade_id": "TRADE_20250108_130244_79",
  "token_address": "3CzG2VLuP6YJRvYZmYdqF9zE6chhzqPhLSuetJx8pump",
  "token_symbol": "PLM",
  "entry_time": "2025-01-08T15:09:47.646605",
  "market_price": 0.00010246068660256051,
  "entry_price_with_slippage": 0.00011270675526281658,
  "slippage_percent": 10.000000000000009,
  "position_size": 100,
  "confidence_score": 0.9413552272990078,
  "features": {
    "momentum_5m": 0.20269544209621415,
    "momentum_7m": 0.20478635770013542,
    "trend_acceleration": 0.01413552272990079,
    "price_change_15m": 0.49362619685960984
  }
}