{
  "trade_id": "TRADE_20250108_130244_25",
  "token_address": "AMPBrV89bHvnQkSD8Ttow8ELf2wAcb4ZXxyRsNchpump",
  "token_symbol": "AI",
  "entry_time": "2025-01-08T13:49:31.331251",
  "market_price": 2.8106246207793304e-05,
  "entry_price_with_slippage": 3.091687082857264e-05,
  "slippage_percent": 10.000000000000009,
  "position_size": 100,
  "confidence_score": 0.9823207340223228,
  "features": {
    "momentum_5m": 0.3317959363403671,
    "momentum_7m": 0.7833884451709294,
    "trend_acceleration": 0.01823207340223229,
    "price_change_15m": 0.3134224225798181
  }
}