{
  "trade_id": "TRADE_20250108_130244_60",
  "token_address": "HtsjBz5Upzym24P7vW2fGUeFoCURPk67bkLoit3Qpump",
  "token_symbol": "MLM",
  "entry_time": "2025-01-08T14:23:43.325695",
  "market_price": 2.3320361136458097e-05,
  "entry_price_with_slippage": 2.565239725010391e-05,
  "slippage_percent": 10.000000000000009,
  "position_size": 100,
  "confidence_score": 0.971178193534532,
  "features": {
    "momentum_5m": 0.40167859850837795,
    "momentum_7m": 0.44399192128759823,
    "trend_acceleration": 0.017117819353453217,
    "price_change_15m": 0.4838411430104459
  }
}