{
  "trade_id": "TRADE_20250108_130244_41",
  "token_address": "2QQba7i8ZXH8BsyMhsbH1jKAdrRDwqLpZsy3WE9rpump",
  "token_symbol": "BMT",
  "entry_time": "2025-01-08T13:58:33.315223",
  "market_price": 0.00010932901141558371,
  "entry_price_with_slippage": 0.0001202619125571421,
  "slippage_percent": 10.000000000000009,
  "position_size": 100,
  "confidence_score": 0.9830820328229906,
  "features": {
    "momentum_5m": 0.20217972068510148,
    "momentum_7m": 0.7486282460416769,
    "trend_acceleration": 0.018308203282299068,
    "price_change_15m": 1.4165530553301249
  }
}