{
  "trade_id": "TRADE_20250108_130244_23",
  "token_address": "AMPBrV89bHvnQkSD8Ttow8ELf2wAcb4ZXxyRsNchpump",
  "token_symbol": "AI",
  "entry_time": "2025-01-08T13:46:29.820208",
  "market_price": 2.413186700123113e-05,
  "entry_price_with_slippage": 2.6545053701354247e-05,
  "slippage_percent": 10.000000000000009,
  "position_size": 100,
  "confidence_score": 1.0,
  "features": {
    "momentum_5m": 0.49820031986849367,
    "momentum_7m": 0.6394707640393185,
    "trend_acceleration": 0.028377181341508212,
    "price_change_15m": 1.0311129936893852
  }
}