{
  "trade_id": "TRADE_20250108_130244_14",
  "token_address": "8VUG5kkGjRLuDsLFLv32TNxY7heeTDCR8L884Aa2pump",
  "token_symbol": "VLM",
  "entry_time": "2025-01-08T13:36:58.450737",
  "market_price": 1.1041784404281458e-05,
  "entry_price_with_slippage": 1.2145962844709605e-05,
  "slippage_percent": 10.000000000000009,
  "position_size": 100,
  "confidence_score": 1.0,
  "features": {
    "momentum_5m": 0.21952455286422157,
    "momentum_7m": 0.2569799614309918,
    "trend_acceleration": 0.027293780003895873,
    "price_change_15m": 0.5569098801084185
  }
}