{
  "trade_id": "TRADE_20250108_130244_71",
  "token_address": "2QQba7i8ZXH8BsyMhsbH1jKAdrRDwqLpZsy3WE9rpump",
  "token_symbol": "BMT",
  "entry_time": "2025-01-08T14:38:47.831162",
  "market_price": 0.00014067417518312002,
  "entry_price_with_slippage": 0.00015474159270143203,
  "slippage_percent": 10.000000000000009,
  "position_size": 100,
  "confidence_score": 0.9386643260659511,
  "features": {
    "momentum_5m": 0.4276779363982992,
    "momentum_7m": 0.4828827555441939,
    "trend_acceleration": 0.013866432606595105,
    "price_change_15m": 1.1131361598370466
  }
}