{
  "trade_id": "TRADE_20250108_130244_16",
  "token_address": "HtsjBz5Upzym24P7vW2fGUeFoCURPk67bkLoit3Qpump",
  "token_symbol": "MLM",
  "entry_time": "2025-01-08T13:41:30.328574",
  "market_price": 1.3058560493370452e-05,
  "entry_price_with_slippage": 1.4364416542707499e-05,
  "slippage_percent": 10.000000000000009,
  "position_size": 100,
  "confidence_score": 1.0,
  "features": {
    "momentum_5m": 0.3826907974517062,
    "momentum_7m": 0.372434776865169,
    "trend_acceleration": 0.02777210839391253,
    "price_change_15m": 1.3171384922505047
  }
}