{
  "trade_id": "TRADE_20250108_130244_63",
  "token_address": "AMPBrV89bHvnQkSD8Ttow8ELf2wAcb4ZXxyRsNchpump",
  "token_symbol": "AI",
  "entry_time": "2025-01-08T14:27:45.126269",
  "market_price": 4.5685904471523726e-05,
  "entry_price_with_slippage": 5.02544949186761e-05,
  "slippage_percent": 10.000000000000009,
  "position_size": 100,
  "confidence_score": 0.9764819660806743,
  "features": {
    "momentum_5m": 0.24940110304308627,
    "momentum_7m": 0.2962816961924126,
    "trend_acceleration": 0.01764819660806742,
    "price_change_15m": 0.6256259217316971
  }
}