{
  "trade_id": "TRADE_20250108_130244_57",
  "token_address": "8VUG5kkGjRLuDsLFLv32TNxY7heeTDCR8L884Aa2pump",
  "token_symbol": "VLM",
  "entry_time": "2025-01-08T14:18:11.308040",
  "market_price": 1.3022138637849002e-05,
  "entry_price_with_slippage": 1.4324352501633903e-05,
  "slippage_percent": 10.000000000000009,
  "position_size": 100,
  "confidence_score": 0.9952779605536808,
  "features": {
    "momentum_5m": 0.3290760358164049,
    "momentum_7m": 0.5435118202828877,
    "trend_acceleration": 0.02703755927372513,
    "price_change_15m": 0.292916940830521
  }
}