{
  "trade_id": "TRADE_20250108_130244_43",
  "token_address": "3jm9oxLPqa1HLBMB6gbcNAPKpBv6hUuR42S5ymbQpump",
  "token_symbol": "MBRIDGE28 ",
  "entry_time": "2025-01-08T14:00:00.222203",
  "market_price": 2.2380886244746605e-05,
  "entry_price_with_slippage": 2.4618974869221268e-05,
  "slippage_percent": 10.000000000000009,
  "position_size": 100,
  "confidence_score": 0.909352486674691,
  "features": {
    "momentum_5m": 0.3806951465483235,
    "momentum_7m": 0.33961471516312147,
    "trend_acceleration": 0.011200490942141345,
    "price_change_15m": 0.29602136587991645
  }
}