{
  "trade_id": "TRADE_20250116_123938_1",
  "token_symbol": "quvai",
  "entry_time": "2025-01-16T16:05:28.076335",
  "market_price": 1.1162964893219597e-05,
  "entry_price": 1.2837409627202535e-05,
  "position_size": 100,
  "confidence_score": 1.0,
  "features": {
    "momentum_5m": 0.872166074131518,
    "volatility_5m": 0.43608303706575907,
    "momentum_7m": 0.872166074131518,
    "trend_acceleration": 0.10902075926643975,
    "price_change_15m": 0.872166074131518
  }
}