{
  "trade_id": "TRADE_20250107_214059_80",
  "token_address": "7iPiRa3o3AjManTvuHSh54raZMiJYJLd4RHRKpb8pump",
  "token_symbol": "MMW",
  "entry_time": "2025-01-07T22:22:14.089794",
  "market_price": 7.523823057379228e-05,
  "entry_price_with_slippage": 8.276205363117152e-05,
  "slippage_percent": 10.000000000000009,
  "position_size": 100,
  "confidence_score": 0.8,
  "features": {
    "momentum_5m": 0.30130516040398003,
    "momentum_7m": 0.31013841887139515,
    "trend_acceleration": -0.005556502627332954,
    "price_change_15m": 1.2652165358429568
  }
}