{
  "trade_id": "TRADE_20250107_214059_64",
  "token_address": "EJhnUxteGouwVgG4JwQNvk7QNTZFFeevnCvAuQBWpump",
  "token_symbol": "#1",
  "entry_time": "2025-01-07T22:17:46.159637",
  "market_price": 1.2190456577986216e-05,
  "entry_price_with_slippage": 1.3409502235784838e-05,
  "slippage_percent": 10.000000000000009,
  "position_size": 100,
  "confidence_score": 0.7198836699814525,
  "features": {
    "momentum_5m": 0.49975146272690907,
    "momentum_7m": 0.4555003247747915,
    "trend_acceleration": 0.011988366998145247,
    "price_change_15m": 0.10001019267586209
  }
}