{
  "trade_id": "TRADE_20250107_214059_7",
  "token_address": "EJhnUxteGouwVgG4JwQNvk7QNTZFFeevnCvAuQBWpump",
  "token_symbol": "#1",
  "entry_time": "2025-01-07T21:59:39.766184",
  "market_price": 1.013258178609344e-05,
  "entry_price_with_slippage": 1.1145839964702784e-05,
  "slippage_percent": 10.000000000000009,
  "position_size": 100,
  "confidence_score": 0.7469152588662414,
  "features": {
    "momentum_5m": 0.21681054099242303,
    "momentum_7m": 0.2045881268433425,
    "trend_acceleration": 0.014691525886624146
  }
}