{
  "trade_id": "TRADE_20250107_214059_32",
  "token_address": "CDQQnevkVJMwAre1nw1DhMKxCf8oa3uLsJ85ZBigpump",
  "token_symbol": "A55&8008",
  "entry_time": "2025-01-07T22:08:05.757397",
  "market_price": 2.5068868635568172e-05,
  "entry_price_with_slippage": 2.757575549912499e-05,
  "slippage_percent": 10.000000000000009,
  "position_size": 100,
  "confidence_score": 0.751778456743544,
  "features": {
    "momentum_5m": 0.5196691690740658,
    "momentum_7m": 0.557611222965863,
    "trend_acceleration": -0.04916681153997994,
    "price_change_15m": 1.9765650965004995
  }
}