{
  "trade_id": "TRADE_20250107_214059_12",
  "token_address": "EJhnUxteGouwVgG4JwQNvk7QNTZFFeevnCvAuQBWpump",
  "token_symbol": "#1",
  "entry_time": "2025-01-07T22:02:40.812178",
  "market_price": 1.0177820022098653e-05,
  "entry_price_with_slippage": 1.119560202430852e-05,
  "slippage_percent": 10.000000000000009,
  "position_size": 100,
  "confidence_score": 0.7069129115107744,
  "features": {
    "momentum_5m": 0.12553032920861962,
    "momentum_7m": 0.37143190930220826,
    "trend_acceleration": 0.0013445928904314702,
    "price_change_15m": 0.5578525064111381
  }
}