{
  "trade_id": "TRADE_20250107_214059_114",
  "token_address": "GznFTovvsMMo4zrjLyF9JJd45EohBAKjgeEpREgRpump",
  "token_symbol": "Steve",
  "entry_time": "2025-01-07T22:40:31.019953",
  "market_price": 8.604258328924926e-06,
  "entry_price_with_slippage": 9.46468416181742e-06,
  "slippage_percent": 10.000000000000009,
  "position_size": 100,
  "confidence_score": 0.8,
  "features": {
    "momentum_5m": 0.33115328673973154,
    "momentum_7m": 0.33115328673973154,
    "trend_acceleration": -0.002223286225230256,
    "price_change_15m": 0.3599498163116108
  }
}