{
  "trade_id": "TRADE_20250107_214059_101",
  "token_address": "71N1k4M5dYfaZUN2CYVCm1Zz79gTneLcnM2bJpAepump",
  "token_symbol": "VAULT",
  "entry_time": "2025-01-07T22:31:44.922855",
  "market_price": 7.63383191213537e-06,
  "entry_price_with_slippage": 8.397215103348908e-06,
  "slippage_percent": 10.000000000000009,
  "position_size": 100,
  "confidence_score": 0.8,
  "features": {
    "momentum_5m": 0.3561107049680097,
    "momentum_7m": 0.3561107049680097,
    "trend_acceleration": 0.0,
    "price_change_15m": 0.3561107049680097
  }
}