{
  "trade_id": "TRADE_20250107_214059_102",
  "token_address": "CDQQnevkVJMwAre1nw1DhMKxCf8oa3uLsJ85ZBigpump",
  "token_symbol": "A55&8008",
  "entry_time": "2025-01-07T22:32:17.502160",
  "market_price": 3.1102717028689896e-05,
  "entry_price_with_slippage": 3.421298873155889e-05,
  "slippage_percent": 10.000000000000009,
  "position_size": 100,
  "confidence_score": 0.8,
  "features": {
    "momentum_5m": 0.24290530090440332,
    "momentum_7m": 0.23787127395190177,
    "trend_acceleration": -0.010763716058893827,
    "price_change_15m": 0.39651211663641184
  }
}