{
  "trade_id": "TRADE_20250107_214059_48",
  "token_address": "6hk7Brvw4RYe6xUcFEFBvSHMCFvPiwkMrxHiE5ehpump",
  "token_symbol": "TAFT",
  "entry_time": "2025-01-07T22:14:22.060548",
  "market_price": 8.213785109131835e-06,
  "entry_price_with_slippage": 9.035163620045019e-06,
  "slippage_percent": 10.000000000000009,
  "position_size": 100,
  "confidence_score": 0.897480459292932,
  "features": {
    "momentum_5m": 0.24317636149733146,
    "momentum_7m": 0.43389488122736686,
    "trend_acceleration": 0.015611435165859652,
    "price_change_15m": 0.2120491614515032
  }
}