{
  "trade_id": "TRADE_20250107_214059_51",
  "token_address": "7hBQiShTPceXVJWUaYynQxQWu5BWFmbujcqeDhbppump",
  "token_symbol": "UNICULT",
  "entry_time": "2025-01-07T22:14:37.843896",
  "market_price": 7.391195994166052e-06,
  "entry_price_with_slippage": 8.130315593582658e-06,
  "slippage_percent": 10.000000000000009,
  "position_size": 100,
  "confidence_score": 0.8,
  "features": {
    "momentum_5m": 0.29127241807086723,
    "momentum_7m": 0.29127241807086723,
    "trend_acceleration": 0.04169979195979352
  }
}