{
  "trade_id": "TRADE_20250107_214059_34",
  "token_address": "GQjW44eQgjkBLyjwM5jE8UtFV9f4HCabUeVm53Wzpump",
  "token_symbol": "VERDANSK",
  "entry_time": "2025-01-07T22:08:58.521824",
  "market_price": 1.5112289450638163e-05,
  "entry_price_with_slippage": 1.6623518395701982e-05,
  "slippage_percent": 10.000000000000009,
  "position_size": 100,
  "confidence_score": 0.8,
  "features": {
    "momentum_5m": 0.25475912261979916,
    "momentum_7m": 0.25652414423877445,
    "trend_acceleration": 0.05390524158177609
  }
}