{
  "trade_id": "TRADE_20250107_214059_1",
  "token_address": "8LoVqte4fCqzXV7VxyPHB42LMdS2ShGkgpWD9J5Fpump",
  "token_symbol": "DOGEAI",
  "entry_time": "2025-01-07T21:53:05.952683",
  "market_price": 9.987840295685132e-06,
  "entry_price_with_slippage": 1.0986624325253645e-05,
  "slippage_percent": 10.000000000000009,
  "position_size": 100,
  "confidence_score": 0.8,
  "features": {
    "momentum_5m": 0.27624909346671545,
    "momentum_7m": 0.27624909346671545,
    "trend_acceleration": 0.02506769671038414
  }
}