{
  "trade_id": "TRADE_20250107_214059_84",
  "token_address": "8Pk264i2C4S8KQ9PQsoZyLKUtB2mFX5fBNAzQqZtpump",
  "token_symbol": "1v1",
  "entry_time": "2025-01-07T22:23:48.563348",
  "market_price": 2.8839877814089846e-05,
  "entry_price_with_slippage": 3.172386559549883e-05,
  "slippage_percent": 10.000000000000009,
  "position_size": 100,
  "confidence_score": 0.7639370478685188,
  "features": {
    "momentum_5m": 0.23806098023905298,
    "momentum_7m": 0.8918985570548776,
    "trend_acceleration": 0.027036721879180714,
    "price_change_15m": 2.9006161842667204
  }
}