{
  "trade_id": "TRADE_20250107_214059_110",
  "token_address": "GemEpbmB9jf4K4TbQrjxgm5RZ2yTdifrYMb9Firpump",
  "token_symbol": "SILENCE",
  "entry_time": "2025-01-07T22:39:21.176897",
  "market_price": 4.911652158572806e-05,
  "entry_price_with_slippage": 5.402817374430087e-05,
  "slippage_percent": 10.000000000000009,
  "position_size": 100,
  "confidence_score": 1.0,
  "features": {
    "momentum_5m": 0.34353285581546467,
    "momentum_7m": 0.5868247707228402,
    "trend_acceleration": 0.02967638144944376,
    "price_change_15m": 0.47024313049864763
  }
}