{
  "trade_id": "TRADE_20250107_214059_41",
  "token_address": "GQjW44eQgjkBLyjwM5jE8UtFV9f4HCabUeVm53Wzpump",
  "token_symbol": "VERDANSK",
  "entry_time": "2025-01-07T22:11:59.640212",
  "market_price": 1.7038677565683453e-05,
  "entry_price_with_slippage": 1.87425453222518e-05,
  "slippage_percent": 10.000000000000009,
  "position_size": 100,
  "confidence_score": 0.9182264596978813,
  "features": {
    "momentum_5m": 0.3062807312786313,
    "momentum_7m": 0.20363404555201337,
    "trend_acceleration": 0.013066091487679315,
    "price_change_15m": 1.5994408796464126
  }
}