{
  "trade_id": "TRADE_20250107_214059_33",
  "token_address": "2HpDwACCaVQoN13fXPGbX2N6ekdiKvfwFBG7rHmppump",
  "token_symbol": "AC130",
  "entry_time": "2025-01-07T22:08:22.550998",
  "market_price": 1.2382868252012668e-05,
  "entry_price_with_slippage": 1.3621155077213936e-05,
  "slippage_percent": 10.000000000000009,
  "position_size": 100,
  "confidence_score": 0.7980954946115042,
  "features": {
    "momentum_5m": 0.2702996963540074,
    "momentum_7m": 0.8043769722228009,
    "trend_acceleration": 0.0037707449069209753,
    "price_change_15m": 1.227146729932512
  }
}