{
  "trade_id": "TRADE_20250107_214059_52",
  "token_address": "3JixBJULeoRnkyeuqWTF673RxfpSDzaDd17PnY3Lpump",
  "token_symbol": "F",
  "entry_time": "2025-01-07T22:14:56.909832",
  "market_price": 6.9546559628787795e-06,
  "entry_price_with_slippage": 7.650121559166658e-06,
  "slippage_percent": 10.000000000000009,
  "position_size": 100,
  "confidence_score": 0.7296103590062544,
  "features": {
    "momentum_5m": 0.12578281940988734,
    "momentum_7m": 0.11712714472465291,
    "trend_acceleration": 0.034308833438080194,
    "price_change_15m": 0.2511139972136287
  }
}