{
  "trade_id": "TRADE_20250107_214059_72",
  "token_address": "EJhnUxteGouwVgG4JwQNvk7QNTZFFeevnCvAuQBWpump",
  "token_symbol": "#1",
  "entry_time": "2025-01-07T22:19:47.097800",
  "market_price": 1.4014290035117347e-05,
  "entry_price_with_slippage": 1.5415719038629084e-05,
  "slippage_percent": 10.000000000000009,
  "position_size": 100,
  "confidence_score": 0.9515161451352048,
  "features": {
    "momentum_5m": 0.5067601274879721,
    "momentum_7m": 0.7241316471444597,
    "trend_acceleration": 0.018773823324170602,
    "price_change_15m": 0.24566686784024805
  }
}