{
  "trade_id": "TRADE_20250107_214059_21",
  "token_address": "VxNHdXaCFw8CiByU5g8kJz2MqiaXC1ncBSYgocYpump",
  "token_symbol": "\u06de",
  "entry_time": "2025-01-07T22:05:00.200982",
  "market_price": 7.669787073722458e-06,
  "entry_price_with_slippage": 8.436765781094705e-06,
  "slippage_percent": 10.000000000000009,
  "position_size": 100,
  "confidence_score": 0.8,
  "features": {
    "momentum_5m": 0.3496116168929062,
    "momentum_7m": 0.35849707881540294,
    "trend_acceleration": -0.010128371583992435,
    "price_change_15m": 0.35943502081873957
  }
}