{
  "trade_id": "TRADE_20250107_214059_71",
  "token_address": "8Pk264i2C4S8KQ9PQsoZyLKUtB2mFX5fBNAzQqZtpump",
  "token_symbol": "1v1",
  "entry_time": "2025-01-07T22:19:46.665801",
  "market_price": 2.32943920165558e-05,
  "entry_price_with_slippage": 2.5623831218211383e-05,
  "slippage_percent": 10.000000000000009,
  "position_size": 100,
  "confidence_score": 0.8,
  "features": {
    "momentum_5m": 0.6804326984969633,
    "momentum_7m": 0.7462383938422064,
    "trend_acceleration": 0.055187808156978546
  }
}