{
  "trade_id": "TRADE_20250107_214059_13",
  "token_address": "CDQQnevkVJMwAre1nw1DhMKxCf8oa3uLsJ85ZBigpump",
  "token_symbol": "A55&8008",
  "entry_time": "2025-01-07T22:03:02.175083",
  "market_price": 1.5991311250034084e-05,
  "entry_price_with_slippage": 1.7590442375037493e-05,
  "slippage_percent": 10.000000000000009,
  "position_size": 100,
  "confidence_score": 0.8,
  "features": {
    "momentum_5m": 0.7005381370450747,
    "momentum_7m": 0.7498350502082667,
    "trend_acceleration": 0.009231944664645997,
    "price_change_15m": 1.062869397134031
  }
}