{
  "trade_id": "TRADE_20250107_214059_68",
  "token_address": "2HpDwACCaVQoN13fXPGbX2N6ekdiKvfwFBG7rHmppump",
  "token_symbol": "AC130",
  "entry_time": "2025-01-07T22:18:27.523354",
  "market_price": 1.8490901958072955e-05,
  "entry_price_with_slippage": 2.0339992153880252e-05,
  "slippage_percent": 10.000000000000009,
  "position_size": 100,
  "confidence_score": 1.0,
  "features": {
    "momentum_5m": 0.20318526844019313,
    "momentum_7m": 0.4030560540441064,
    "trend_acceleration": 0.024634505817488078,
    "price_change_15m": 0.8968938911898685
  }
}