{
  "trade_id": "TRADE_20250107_214059_6",
  "token_address": "7nhddLBbPas6FmFQAM7xeysLQQgx8AtNj135K3chpump",
  "token_symbol": "NODE",
  "entry_time": "2025-01-07T21:58:41.739842",
  "market_price": 6.269170320018836e-05,
  "entry_price_with_slippage": 6.896087352020721e-05,
  "slippage_percent": 10.000000000000009,
  "position_size": 100,
  "confidence_score": 0.719598955974792,
  "features": {
    "momentum_5m": 0.7632726055435421,
    "momentum_7m": 0.5456655867289075,
    "trend_acceleration": 0.011959895597479203,
    "price_change_15m": 3.817247425542358
  }
}