{
  "trade_id": "TRADE_20250107_214059_81",
  "token_address": "EJhnUxteGouwVgG4JwQNvk7QNTZFFeevnCvAuQBWpump",
  "token_symbol": "#1",
  "entry_time": "2025-01-07T22:22:48.640383",
  "market_price": 1.6829408201882795e-05,
  "entry_price_with_slippage": 1.8512349022071076e-05,
  "slippage_percent": 10.000000000000009,
  "position_size": 100,
  "confidence_score": 0.8,
  "features": {
    "momentum_5m": 0.38123492829372396,
    "momentum_7m": 0.3541113468790009,
    "trend_acceleration": -0.00950051752654682,
    "price_change_15m": 0.704219265337817
  }
}