{
  "trade_id": "TRADE_20250107_214059_35",
  "token_address": "CDQQnevkVJMwAre1nw1DhMKxCf8oa3uLsJ85ZBigpump",
  "token_symbol": "A55&8008",
  "entry_time": "2025-01-07T22:09:06.602005",
  "market_price": 2.2528267671079727e-05,
  "entry_price_with_slippage": 2.47810944381877e-05,
  "slippage_percent": 10.000000000000009,
  "position_size": 100,
  "confidence_score": 0.7488056636661233,
  "features": {
    "momentum_5m": 0.22751602934976645,
    "momentum_7m": 0.46095851936077725,
    "trend_acceleration": -0.02536962591076622,
    "price_change_15m": 2.0160522967265058
  }
}