{
  "trade_id": "TRADE_20250107_214059_78",
  "token_address": "8Pk264i2C4S8KQ9PQsoZyLKUtB2mFX5fBNAzQqZtpump",
  "token_symbol": "1v1",
  "entry_time": "2025-01-07T22:21:47.812780",
  "market_price": 2.6857372867220566e-05,
  "entry_price_with_slippage": 2.9543110153942627e-05,
  "slippage_percent": 10.000000000000009,
  "position_size": 100,
  "confidence_score": 0.7486786607320464,
  "features": {
    "momentum_5m": 0.7618460557053841,
    "momentum_7m": 0.9374623527296329,
    "trend_acceleration": 0.02831684016803236
  }
}