{
  "trade_id": "TRADE_20250107_214059_29",
  "token_address": "CDQQnevkVJMwAre1nw1DhMKxCf8oa3uLsJ85ZBigpump",
  "token_symbol": "A55&8008",
  "entry_time": "2025-01-07T22:07:05.182862",
  "market_price": 2.5888750869467803e-05,
  "entry_price_with_slippage": 2.8477625956414586e-05,
  "slippage_percent": 10.000000000000009,
  "position_size": 100,
  "confidence_score": 0.9562575965435552,
  "features": {
    "momentum_5m": 0.6189260820880229,
    "momentum_7m": 0.7815058369712031,
    "trend_acceleration": 0.040322458532394356,
    "price_change_15m": 1.9199066582108735
  }
}