{
  "trade_id": "TRADE_20250107_214059_108",
  "token_address": "GemEpbmB9jf4K4TbQrjxgm5RZ2yTdifrYMb9Firpump",
  "token_symbol": "SILENCE",
  "entry_time": "2025-01-07T22:37:21.634413",
  "market_price": 3.8436609018975756e-05,
  "entry_price_with_slippage": 4.228026992087333e-05,
  "slippage_percent": 10.000000000000009,
  "position_size": 100,
  "confidence_score": 0.7654753808431054,
  "features": {
    "momentum_5m": 0.24587455595218333,
    "momentum_7m": 0.1802716461960603,
    "trend_acceleration": 0.005062805795733358,
    "price_change_15m": 0.471611732508338
  }
}