{
  "trade_id": "TRADE_20250107_214059_83",
  "token_address": "CDQQnevkVJMwAre1nw1DhMKxCf8oa3uLsJ85ZBigpump",
  "token_symbol": "A55&8008",
  "entry_time": "2025-01-07T22:23:12.944669",
  "market_price": 2.887208856590613e-05,
  "entry_price_with_slippage": 3.1759297422496745e-05,
  "slippage_percent": 10.000000000000009,
  "position_size": 100,
  "confidence_score": 0.7509417279975644,
  "features": {
    "momentum_5m": 0.27424048036974114,
    "momentum_7m": 0.299503726279053,
    "trend_acceleration": 0.0051805792361874076,
    "price_change_15m": 0.22641259199634667
  }
}