{
  "trade_id": "TRADE_20250107_214059_23",
  "token_address": "2HpDwACCaVQoN13fXPGbX2N6ekdiKvfwFBG7rHmppump",
  "token_symbol": "AC130",
  "entry_time": "2025-01-07T22:05:19.897536",
  "market_price": 9.804704774277742e-06,
  "entry_price_with_slippage": 1.0785175251705518e-05,
  "slippage_percent": 10.000000000000009,
  "position_size": 100,
  "confidence_score": 0.8,
  "features": {
    "momentum_5m": 0.550848508062777,
    "momentum_7m": 0.7479586042973616,
    "trend_acceleration": -0.007240300039892067,
    "price_change_15m": 0.555052676970027
  }
}