{
  "trade_id": "TRADE_20250107_214059_30",
  "token_address": "2HpDwACCaVQoN13fXPGbX2N6ekdiKvfwFBG7rHmppump",
  "token_symbol": "AC130",
  "entry_time": "2025-01-07T22:07:21.615875",
  "market_price": 1.1118115248159261e-05,
  "entry_price_with_slippage": 1.2229926772975189e-05,
  "slippage_percent": 10.000000000000009,
  "position_size": 100,
  "confidence_score": 0.7290784612530361,
  "features": {
    "momentum_5m": 0.14326276900242885,
    "momentum_7m": 0.7585957804984456,
    "trend_acceleration": 0.003287650723600627,
    "price_change_15m": 0.9996719268918992
  }
}