{
  "trade_id": "TRADE_20250107_214059_90",
  "token_address": "EJhnUxteGouwVgG4JwQNvk7QNTZFFeevnCvAuQBWpump",
  "token_symbol": "#1",
  "entry_time": "2025-01-07T22:24:49.761347",
  "market_price": 1.928983038661383e-05,
  "entry_price_with_slippage": 2.1218813425275215e-05,
  "slippage_percent": 10.000000000000009,
  "position_size": 100,
  "confidence_score": 0.8,
  "features": {
    "momentum_5m": 0.24109292726249731,
    "momentum_7m": 0.5831684139595514,
    "trend_acceleration": -0.03643149086481556,
    "price_change_15m": 1.3031421516457349
  }
}