{
  "trade_id": "TRADE_20250107_214059_10",
  "token_address": "CDQQnevkVJMwAre1nw1DhMKxCf8oa3uLsJ85ZBigpump",
  "token_symbol": "A55&8008",
  "entry_time": "2025-01-07T22:01:00.903794",
  "market_price": 1.4531948384453301e-05,
  "entry_price_with_slippage": 1.5985143222898632e-05,
  "slippage_percent": 10.000000000000009,
  "position_size": 100,
  "confidence_score": 0.7696222225471332,
  "features": {
    "momentum_5m": 0.5901455630087609,
    "momentum_7m": 0.8760342061594595,
    "trend_acceleration": 0.02258151167916589
  }
}