{
  "trade_id": "TRADE_20250107_214059_4",
  "token_address": "8LoVqte4fCqzXV7VxyPHB42LMdS2ShGkgpWD9J5Fpump",
  "token_symbol": "DOGEAI",
  "entry_time": "2025-01-07T21:56:07.525425",
  "market_price": 9.45438946875113e-06,
  "entry_price_with_slippage": 1.0399828415626245e-05,
  "slippage_percent": 10.000000000000009,
  "position_size": 100,
  "confidence_score": 0.717839997407151,
  "features": {
    "momentum_5m": 0.13642061496824898,
    "momentum_7m": 0.2080845940225553,
    "trend_acceleration": -0.007729752686179911,
    "price_change_15m": 0.29597134304525974
  }
}