{
  "trade_id": "TRADE_20250107_214059_87",
  "token_address": "CDQQnevkVJMwAre1nw1DhMKxCf8oa3uLsJ85ZBigpump",
  "token_symbol": "A55&8008",
  "entry_time": "2025-01-07T22:24:14.845997",
  "market_price": 3.075051765837001e-05,
  "entry_price_with_slippage": 3.3825569424207014e-05,
  "slippage_percent": 10.000000000000009,
  "position_size": 100,
  "confidence_score": 0.9953659251449669,
  "features": {
    "momentum_5m": 0.23057299822074828,
    "momentum_7m": 0.38069836352700515,
    "trend_acceleration": 0.019536592514496687,
    "price_change_15m": 0.4115665709806624
  }
}