{
  "trade_id": "TRADE_20250107_214059_46",
  "token_address": "A53fFSELteTVPiyLNV5GyB9T4rN5ZrYC682ymBYApump",
  "token_symbol": "CPU",
  "entry_time": "2025-01-07T22:13:53.946756",
  "market_price": 1.5369162562641762e-05,
  "entry_price_with_slippage": 1.6906078818905938e-05,
  "slippage_percent": 10.000000000000009,
  "position_size": 100,
  "confidence_score": 0.8,
  "features": {
    "momentum_5m": 0.5608563814671275,
    "momentum_7m": 0.3983003084000132,
    "trend_acceleration": 0.051198987775278246
  }
}