{
  "trade_id": "TRADE_20250107_214059_99",
  "token_address": "8Pk264i2C4S8KQ9PQsoZyLKUtB2mFX5fBNAzQqZtpump",
  "token_symbol": "1v1",
  "entry_time": "2025-01-07T22:29:50.579857",
  "market_price": 4.479955868357828e-05,
  "entry_price_with_slippage": 4.927951455193611e-05,
  "slippage_percent": 10.000000000000009,
  "position_size": 100,
  "confidence_score": 0.7431558579070336,
  "features": {
    "momentum_5m": 0.26468708466838886,
    "momentum_7m": 0.4879358601297925,
    "trend_acceleration": -0.00821563017830576,
    "price_change_15m": 2.0956180514444758
  }
}