{
  "trade_id": "TRADE_20250107_214059_40",
  "token_address": "2HpDwACCaVQoN13fXPGbX2N6ekdiKvfwFBG7rHmppump",
  "token_symbol": "AC130",
  "entry_time": "2025-01-07T22:11:23.907932",
  "market_price": 1.451358011015423e-05,
  "entry_price_with_slippage": 1.5964938121169656e-05,
  "slippage_percent": 10.000000000000009,
  "position_size": 100,
  "confidence_score": 0.8,
  "features": {
    "momentum_5m": 0.30539932229584776,
    "momentum_7m": 0.48026691718755643,
    "trend_acceleration": -0.026111538483450658,
    "price_change_15m": 1.4539540257316936
  }
}