{
  "trade_id": "TRADE_20250107_214059_53",
  "token_address": "2HpDwACCaVQoN13fXPGbX2N6ekdiKvfwFBG7rHmppump",
  "token_symbol": "AC130",
  "entry_time": "2025-01-07T22:15:25.694736",
  "market_price": 1.7166688324635453e-05,
  "entry_price_with_slippage": 1.8883357157099e-05,
  "slippage_percent": 10.000000000000009,
  "position_size": 100,
  "confidence_score": 0.8996714165341845,
  "features": {
    "momentum_5m": 0.18280177560221755,
    "momentum_7m": 0.305980487631867,
    "trend_acceleration": 0.014627494557451715,
    "price_change_15m": 1.7153222447333452
  }
}