{
  "trade_id": "TRADE_20250107_214059_20",
  "token_address": "7nhddLBbPas6FmFQAM7xeysLQQgx8AtNj135K3chpump",
  "token_symbol": "NODE",
  "entry_time": "2025-01-07T22:04:44.495148",
  "market_price": 0.0001093097711162368,
  "entry_price_with_slippage": 0.00012024074822786049,
  "slippage_percent": 10.000000000000009,
  "position_size": 100,
  "confidence_score": 0.8,
  "features": {
    "momentum_5m": 0.3799924526880023,
    "momentum_7m": 0.5420051740838485,
    "trend_acceleration": -0.04363199555259602,
    "price_change_15m": 1.3125510990094815
  }
}