{
  "trade_id": "TRADE_20250107_214059_49",
  "token_address": "2HpDwACCaVQoN13fXPGbX2N6ekdiKvfwFBG7rHmppump",
  "token_symbol": "AC130",
  "entry_time": "2025-01-07T22:14:25.220528",
  "market_price": 1.5368291520095257e-05,
  "entry_price_with_slippage": 1.6905120672104784e-05,
  "slippage_percent": 10.000000000000009,
  "position_size": 100,
  "confidence_score": 0.9962751715620731,
  "features": {
    "momentum_5m": 0.27932724695744704,
    "momentum_7m": 0.24109303332023657,
    "trend_acceleration": 0.021451985347653885,
    "price_change_15m": 1.5284663751019747
  }
}