{
  "trade_id": "TRADE_20250107_214059_105",
  "token_address": "CDQQnevkVJMwAre1nw1DhMKxCf8oa3uLsJ85ZBigpump",
  "token_symbol": "A55&8008",
  "entry_time": "2025-01-07T22:34:19.673684",
  "market_price": 3.2022319424198706e-05,
  "entry_price_with_slippage": 3.522455136661858e-05,
  "slippage_percent": 10.000000000000009,
  "position_size": 100,
  "confidence_score": 0.7376452739561781,
  "features": {
    "momentum_5m": 0.03334703341746614,
    "momentum_7m": 0.27965381683141954,
    "trend_acceleration": 0.03166930388581729,
    "price_change_15m": 0.28146791093426704
  }
}