{
  "trade_id": "TRADE_20250107_214059_58",
  "token_address": "2HpDwACCaVQoN13fXPGbX2N6ekdiKvfwFBG7rHmppump",
  "token_symbol": "AC130",
  "entry_time": "2025-01-07T22:16:26.199884",
  "market_price": 1.7492009022970364e-05,
  "entry_price_with_slippage": 1.9241209925267403e-05,
  "slippage_percent": 10.000000000000009,
  "position_size": 100,
  "confidence_score": 0.7936910384359038,
  "features": {
    "momentum_5m": 0.3272618724992902,
    "momentum_7m": 0.45611525639336614,
    "trend_acceleration": -0.011850670661258028,
    "price_change_15m": 1.5488584418905673
  }
}