{
  "trade_id": "TRADE_20250107_214059_25",
  "token_address": "CDQQnevkVJMwAre1nw1DhMKxCf8oa3uLsJ85ZBigpump",
  "token_symbol": "A55&8008",
  "entry_time": "2025-01-07T22:06:04.567161",
  "market_price": 1.9849296162180323e-05,
  "entry_price_with_slippage": 2.183422577839836e-05,
  "slippage_percent": 10.000000000000009,
  "position_size": 100,
  "confidence_score": 0.8,
  "features": {
    "momentum_5m": 0.23330202569728264,
    "momentum_7m": 0.5501621194792607,
    "trend_acceleration": -0.0006584181489559804,
    "price_change_15m": 1.1362994520315088
  }
}