{
  "trade_id": "TRADE_20250107_214059_75",
  "token_address": "EJhnUxteGouwVgG4JwQNvk7QNTZFFeevnCvAuQBWpump",
  "token_symbol": "#1",
  "entry_time": "2025-01-07T22:20:47.635081",
  "market_price": 1.5542615675976643e-05,
  "entry_price_with_slippage": 1.7096877243574308e-05,
  "slippage_percent": 10.000000000000009,
  "position_size": 100,
  "confidence_score": 0.9732005632567315,
  "features": {
    "momentum_5m": 0.25057470794872194,
    "momentum_7m": 0.6710795565631393,
    "trend_acceleration": 0.017320056325673155,
    "price_change_15m": 0.43758861771990687
  }
}