{
  "trade_id": "TRADE_20250107_214059_115",
  "token_address": "9ByodHCd9wTXpKNrYLAGC5NwKSmRkbd3H8UHurXspump",
  "token_symbol": "ANTIRUG",
  "entry_time": "2025-01-07T22:41:07.694450",
  "market_price": 9.644812228863975e-06,
  "entry_price_with_slippage": 1.0609293451750373e-05,
  "slippage_percent": 10.000000000000009,
  "position_size": 100,
  "confidence_score": 1.0,
  "features": {
    "momentum_5m": 0.6140497400278311,
    "momentum_7m": 0.6140497400278311,
    "trend_acceleration": 0.07675621750347889,
    "price_change_15m": 0.6140497400278311
  }
}