{
  "trade_id": "TRADE_20250107_214059_73",
  "token_address": "7nhddLBbPas6FmFQAM7xeysLQQgx8AtNj135K3chpump",
  "token_symbol": "NODE",
  "entry_time": "2025-01-07T22:19:49.106436",
  "market_price": 9.299050881831484e-05,
  "entry_price_with_slippage": 0.00010228955970014633,
  "slippage_percent": 10.000000000000009,
  "position_size": 100,
  "confidence_score": 0.9838342207923501,
  "features": {
    "momentum_5m": 0.7350841889064241,
    "momentum_7m": 0.461693547774928,
    "trend_acceleration": 0.018383422079235004,
    "price_change_15m": 0.36154845983660544
  }
}