{
  "trade_id": "TRADE_20250210_212414_4",
  "token_symbol": "ATH",
  "entry_time": "2025-02-10T21:32:37.331275",
  "market_price": 8.442408373761625e-06,
  "entry_price": 9.708769629825869e-06,
  "position_size": 100,
  "confidence_score": 0.8,
  "features": {
    "momentum_5m": 0.24352579196523005,
    "volatility_5m": 0.10889600622124115,
    "momentum_7m": 0.33479240585423975,
    "trend_acceleration": 0.028679324930712194
  }
}