{
  "trade_id": "TRADE_20250109_130202_7",
  "token_address": "EV2c7kwDkddUEAtJwnarLpf6tgPTRjGpVvfPg4enpump",
  "token_symbol": "xtinguishr",
  "entry_time": "2025-01-09T14:29:21.083691",
  "market_price": 2.9074024534300904e-05,
  "entry_price_with_slippage": 3.1981426987731e-05,
  "slippage_percent": 10.000000000000009,
  "position_size": 100,
  "confidence_score": 1.0,
  "features": {
    "momentum_5m": 0.36446839439107137,
    "momentum_7m": 0.4198357793993601,
    "trend_acceleration": 0.02826878985827702,
    "price_change_15m": 0.6729745248486634
  }
}