{
  "trade_id": "TRADE_20241231_183507_52",
  "token_address": "4PDSBZx5tBjjwgdDiikf5dMCnSf6Wz931xFDdtJepump",
  "token_symbol": "truefrens",
  "entry_time": "2024-12-31T20:16:12.030288",
  "market_price": 0.00014125150164934392,
  "entry_price_with_slippage": 0.0001624392268967455,
  "slippage_percent": 15,
  "position_size": 20.47,
  "confidence_score": 0.6,
  "features": {
    "momentum_5m": 0.24551129918623937,
    "momentum_7m": 0.9468412470883658,
    "trend_acceleration": -0.01836799953233831
  }
}