{
  "trade_id": "TRADE_20241231_183507_44",
  "token_address": "1276hPXcg6cc7ZK45tgLMDN9wG7LQVFSVRVyJgNFpump",
  "token_symbol": "MAR-A-LAGO",
  "entry_time": "2024-12-31T20:08:26.141780",
  "market_price": 5.547061623157955e-06,
  "entry_price_with_slippage": 6.3791208666316474e-06,
  "slippage_percent": 15,
  "position_size": 30.0,
  "confidence_score": 0.6,
  "features": {
    "momentum_5m": 0.03638016289468182,
    "momentum_7m": 0.03638016289468182,
    "trend_acceleration": 0.0
  }
}