{
  "trade_id": "TRADE_20241231_183507_50",
  "token_address": "CRW4wek8SKFLybyhyVqUhAKyN25TuTpf6dHktWwVpump",
  "token_symbol": "2026",
  "entry_time": "2024-12-31T20:12:27.070497",
  "market_price": 2.3776018479975275e-05,
  "entry_price_with_slippage": 2.7342421251971565e-05,
  "slippage_percent": 15,
  "position_size": 30.25,
  "confidence_score": 0.8,
  "features": {
    "momentum_5m": 0.16531195833091994,
    "momentum_7m": 0.041170885241190724,
    "trend_acceleration": 0.022130267602443396,
    "price_change_15m": -0.3409604651596365
  }
}