{
  "trade_id": "TRADE_20241231_183507_21",
  "token_address": "5XtfM1xRqjfGmDsZszwRiAHvfBSn5HZAVvnXJEcxpump",
  "token_symbol": "CCHEETAH",
  "entry_time": "2024-12-31T19:14:51.264697",
  "market_price": 5.5682330582890125e-06,
  "entry_price_with_slippage": 6.4034680170323635e-06,
  "slippage_percent": 15,
  "position_size": 30.0,
  "confidence_score": 0.6,
  "features": {
    "momentum_5m": 0.03526262360225263,
    "momentum_7m": 0.03526262360225263,
    "trend_acceleration": 0.004407827950281579,
    "price_change_15m": 0.03526262360225263
  }
}