{
  "trade_id": "TRADE_20241231_183507_18",
  "token_address": "td51prFb5iyFho2Str5NgSHHkXPM7G82AdDwReZpump",
  "token_symbol": "TM",
  "entry_time": "2024-12-31T19:08:19.858165",
  "market_price": 5.713973872700117e-06,
  "entry_price_with_slippage": 6.571069953605134e-06,
  "slippage_percent": 15,
  "position_size": 10.92,
  "confidence_score": 0.6,
  "features": {
    "momentum_5m": 0.060227243582122725,
    "momentum_7m": 0.06160946677234236,
    "trend_acceleration": 0.00010550205695092352
  }
}