{
  "trade_id": "TRADE_20241231_183507_56",
  "token_address": "ExvZVZcQLRGoKd5QRkgQQ93RxyVGWcWxgtiobmoEpump",
  "token_symbol": "DRUNK2025",
  "entry_time": "2024-12-31T20:24:31.136522",
  "market_price": 1.530498561135953e-05,
  "entry_price_with_slippage": 1.760073345306346e-05,
  "slippage_percent": 15,
  "position_size": 8.05,
  "confidence_score": 0.8,
  "features": {
    "momentum_5m": 0.09526934488636596,
    "momentum_7m": 0.09457178411958633,
    "trend_acceleration": 0.015073447612556301
  }
}