{
  "trade_id": "TRADE_20241231_183507_49",
  "token_address": "AwUWsMg9nCyvipdUTUhVZsZdCQyeVH6sikUQzZbppump",
  "token_symbol": "pube",
  "entry_time": "2024-12-31T20:12:21.334539",
  "market_price": 1.984329330127016e-05,
  "entry_price_with_slippage": 2.281978729646068e-05,
  "slippage_percent": 15,
  "position_size": 37.05,
  "confidence_score": 0.6068752860296295,
  "features": {
    "momentum_5m": 1.4083380991776075,
    "momentum_7m": 1.5259780729783006,
    "trend_acceleration": 0.06257998065921312
  }
}