{
  "trade_id": "TRADE_20241231_183507_47",
  "token_address": "sALXzVubL2dFwntVfdH7HDbCSnCyCnGQewZHaicpump",
  "token_symbol": "MAR-A-LAGO",
  "entry_time": "2024-12-31T20:10:09.669348",
  "market_price": 0.003645663249739603,
  "entry_price_with_slippage": 0.0041925127372005435,
  "slippage_percent": 15,
  "position_size": 35.6,
  "confidence_score": 0.6005848830830145,
  "features": {
    "momentum_5m": 0.6352287026826837,
    "momentum_7m": 0.7134775099974167,
    "trend_acceleration": -1.7115244236226392,
    "price_change_15m": 683.8973661854093
  }
}