{
  "trade_id": "TRADE_20241231_183507_27",
  "token_address": "5QYFwdfzYSxAMmd5C5j22MqP8g6be4fmhigyCW2Fpump",
  "token_symbol": "norugpls",
  "entry_time": "2024-12-31T19:24:22.778526",
  "market_price": 6.363558827893141e-06,
  "entry_price_with_slippage": 7.318092652077112e-06,
  "slippage_percent": 15,
  "position_size": 30.0,
  "confidence_score": 0.6,
  "features": {
    "momentum_5m": 0.04774064566517944,
    "momentum_7m": 0.04774064566517944,
    "trend_acceleration": 0.004338877149038939,
    "price_change_15m": -0.21606758733202314
  }
}