{
  "trade_id": "TRADE_20241231_183507_20",
  "token_address": "HajNo2EYMARTQLGSmLHUSHZTdJCQpj62pv4TBaaipump",
  "token_symbol": "ROCKY",
  "entry_time": "2024-12-31T19:12:50.732656",
  "market_price": 6.650902159247614e-06,
  "entry_price_with_slippage": 7.648537483134755e-06,
  "slippage_percent": 15,
  "position_size": 18.05,
  "confidence_score": 0.8,
  "features": {
    "momentum_5m": 0.15501766200655842,
    "momentum_7m": 0.15501766200655842,
    "trend_acceleration": 0.020566609487407697
  }
}