{
  "trade_id": "TRADE_20241231_183507_24",
  "token_address": "CRW4wek8SKFLybyhyVqUhAKyN25TuTpf6dHktWwVpump",
  "token_symbol": "2026",
  "entry_time": "2024-12-31T19:22:00.935532",
  "market_price": 3.679055108038094e-05,
  "entry_price_with_slippage": 4.2309133742438075e-05,
  "slippage_percent": 15,
  "position_size": 42.99,
  "confidence_score": 0.8,
  "features": {
    "momentum_5m": 0.4050205924262358,
    "momentum_7m": 0.35408652068954827,
    "trend_acceleration": 0.021779290738001902,
    "price_change_15m": -0.46551975634309395
  }
}