{
  "trade_id": "TRADE_20241231_135403_14",
  "token_address": "DU9keYhR2FLeSa5rLizQTpzF2hgzknMLwruHC4W5pump",
  "token_symbol": "BOOTY",
  "entry_time": "2024-12-31T15:01:59.192571",
  "market_price": 8.464931165727731e-06,
  "entry_price_with_slippage": 9.73467084058689e-06,
  "slippage_percent": 15,
  "position_size": 100,
  "confidence_score": 1.0,
  "features": {
    "momentum_5m": 0.558589146308577,
    "momentum_7m": 0.558589146308577,
    "trend_acceleration": 0.06656036979470795,
    "price_change_15m": 0.5583286719198683
  }
}