{
  "trade_id": "TRADE_20241231_135403_5",
  "token_address": "3UWnPRWsgE1s3N7615tZo123u3KN9WRxQaSeEVFtpump",
  "token_symbol": "Chungo",
  "entry_time": "2024-12-31T14:31:11.882283",
  "market_price": 0.0020870629370027165,
  "entry_price_with_slippage": 0.002400122377553124,
  "slippage_percent": 15,
  "position_size": 100,
  "confidence_score": 1.0,
  "features": {
    "momentum_5m": 0.2073252839243105,
    "momentum_7m": 0.39100356637605915,
    "trend_acceleration": 0.10281077658188276,
    "price_change_15m": 1.6177117448340246
  }
}