{
  "trade_id": "TRADE_20241231_135403_17",
  "token_address": "5CGvuz2J9pf3YPifg9mZ9GKrdk3oLLdpndHFHpWGpump",
  "token_symbol": "GOTH",
  "entry_time": "2024-12-31T15:29:45.581544",
  "market_price": 4.8977407895370606e-05,
  "entry_price_with_slippage": 5.632401907967619e-05,
  "slippage_percent": 15,
  "position_size": 100,
  "confidence_score": 1.0,
  "features": {
    "momentum_5m": 0.40507441601408445,
    "momentum_7m": 0.3170559895555001,
    "trend_acceleration": 0.05739776186481918,
    "price_change_15m": 1.040737878462513
  }
}