{
  "trade_id": "TRADE_20241231_135403_6",
  "token_address": "BUDXpnu7opuGuJkQZdet9nAxSzb67MLJpkzJmaKkpump",
  "token_symbol": "HYPU",
  "entry_time": "2024-12-31T14:33:00.698606",
  "market_price": 0.0028810019223844104,
  "entry_price_with_slippage": 0.0033131522107420716,
  "slippage_percent": 15,
  "position_size": 100,
  "confidence_score": 1.0,
  "features": {
    "momentum_5m": 0.9818941867748749,
    "momentum_7m": 0.9818941867748749,
    "trend_acceleration": 0.12273677334685937,
    "price_change_15m": 2.2135507662211635
  }
}