{
  "trade_id": "TRADE_20241231_135403_11",
  "token_address": "6gWqJUEEgMmShUzdGnpAowHaJaJBKwRgUd7NvQEtpump",
  "token_symbol": "LUMI",
  "entry_time": "2024-12-31T14:53:03.971028",
  "market_price": 3.797173677711072e-05,
  "entry_price_with_slippage": 4.366749729367733e-05,
  "slippage_percent": 15,
  "position_size": 100,
  "confidence_score": 1.0,
  "features": {
    "momentum_5m": 0.5185799668155149,
    "momentum_7m": 0.47559762553027185,
    "trend_acceleration": 0.09693327553753103,
    "price_change_15m": 2.332562958064227
  }
}