{
  "trade_id": "TRADE_20241231_135403_1",
  "token_address": "7fTEmJSowqJDGeGPZviVJLs8vBYNDjUoBFqZ52Aapump",
  "token_symbol": "VOYANT",
  "entry_time": "2024-12-31T14:16:50.221871",
  "market_price": 1.5812144339496336e-05,
  "entry_price_with_slippage": 1.8183965990420783e-05,
  "slippage_percent": 15,
  "position_size": 100,
  "confidence_score": 1.0,
  "features": {
    "momentum_5m": 0.7965399804001576,
    "momentum_7m": 0.5819780473696177,
    "trend_acceleration": 0.023843064211890197,
    "price_change_15m": 1.4815488423976215
  }
}