{
  "trade_id": "TRADE_20241231_135403_13",
  "token_address": "DJR34BZX7ocWdv1WPzyiNEXBgqh4VtwyLHp93Jd4pump",
  "token_symbol": "APESCOIN",
  "entry_time": "2024-12-31T14:57:58.707316",
  "market_price": 1.1976637813950428e-05,
  "entry_price_with_slippage": 1.3773133486042991e-05,
  "slippage_percent": 15,
  "position_size": 100,
  "confidence_score": 1.0,
  "features": {
    "momentum_5m": 0.559158356452899,
    "momentum_7m": 0.5416581345184193,
    "trend_acceleration": 0.02349148611747623,
    "price_change_15m": 0.9188189286509563
  }
}