{
  "trade_id": "TRADE_20241231_135403_7",
  "token_address": "G3zun1u6xRzxspyGsXiieBqksDyirDAA5xvrVmk8pump",
  "token_symbol": "Trumpius",
  "entry_time": "2024-12-31T14:39:56.661068",
  "market_price": 2.032320565159092e-05,
  "entry_price_with_slippage": 2.3371686499329555e-05,
  "slippage_percent": 15,
  "position_size": 100,
  "confidence_score": 1.0,
  "features": {
    "momentum_5m": 2.5508234951062922,
    "momentum_7m": 2.5508234951062922,
    "trend_acceleration": 0.2124124387644869,
    "price_change_15m": 2.624598232660218
  }
}