{
  "trade_id": "TRADE_20241231_135403_8",
  "token_address": "9sfvXyE6UA3Gie47ZQwDTMYBCBoZ9h2CNzTovLDppump",
  "token_symbol": "DARKCOIN",
  "entry_time": "2024-12-31T14:47:46.749147",
  "market_price": 2.3552546336844662e-05,
  "entry_price_with_slippage": 2.708542828737136e-05,
  "slippage_percent": 15,
  "position_size": 100,
  "confidence_score": 1.0,
  "features": {
    "momentum_5m": 0.38174141503441383,
    "momentum_7m": 0.5497730883517404,
    "trend_acceleration": 0.056988032857452825,
    "price_change_15m": 2.8690881322656048
  }
}