{
  "trade_id": "TRADE_20241231_135403_4",
  "token_address": "5NRQZrYxogPr57hhU7mRs2JoLCzsWzXQJXoMdxPvpump",
  "token_symbol": "blo",
  "entry_time": "2024-12-31T14:30:48.869897",
  "market_price": 1.307040001340417e-05,
  "entry_price_with_slippage": 1.5030960015414795e-05,
  "slippage_percent": 15,
  "position_size": 100,
  "confidence_score": 1.0,
  "features": {
    "momentum_5m": 0.5614687862686814,
    "momentum_7m": 0.7206045676367148,
    "trend_acceleration": 0.03228723212098755,
    "price_change_15m": 0.5359230906895627
  }
}