{
  "trade_id": "TRADE_20241231_135403_9",
  "token_address": "BaCyJs18i7huC4zqXcaXFa9oAQ8JXRT4mSSM6ryjpump",
  "token_symbol": "NURSECOIN",
  "entry_time": "2024-12-31T14:51:50.833237",
  "market_price": 1.0516201601042701e-05,
  "entry_price_with_slippage": 1.2093631841199105e-05,
  "slippage_percent": 15,
  "position_size": 100,
  "confidence_score": 1.0,
  "features": {
    "momentum_5m": 0.44210092782186994,
    "momentum_7m": 0.434465445716695,
    "trend_acceleration": 0.04320089102961605,
    "price_change_15m": 0.6153281290513601
  }
}