{
  "trade_id": "TRADE_20250211_105802_2",
  "token_symbol": "SFM",
  "entry_time": "2025-02-11T14:41:37.958257",
  "market_price": 0.0006558833557943802,
  "entry_price": 0.0007542658591635371,
  "position_size": 100,
  "confidence_score": 0.6,
  "features": {
    "momentum_5m": 0.53044355716495,
    "volatility_5m": 0.10798869530150323,
    "momentum_7m": 0.5811185936168508
  }
}