{
  "trade_id": "TRADE_20250211_105802_15",
  "token_symbol": "wuv",
  "entry_time": "2025-02-11T18:43:28.406510",
  "market_price": 2.485146802156162e-05,
  "entry_price": 2.8579188224795862e-05,
  "position_size": 100,
  "confidence_score": 0.8,
  "features": {
    "momentum_5m": 0.5333703192300481,
    "volatility_5m": 0.128143262148712,
    "momentum_7m": 0.6335044416251048,
    "trend_acceleration": 0.034864304488644346,
    "price_change_15m": -0.01966471764935296
  }
}