{
  "trade_id": "TRADE_20250211_105802_10",
  "token_symbol": "DICKUS",
  "entry_time": "2025-02-11T17:24:02.001041",
  "market_price": 0.0004006641443413521,
  "entry_price": 0.00046076376599255486,
  "position_size": 100,
  "confidence_score": 0.6,
  "features": {
    "momentum_5m": 0.5044228995670588,
    "volatility_5m": 0.3484733118961046,
    "momentum_7m": 0.6831652246327791
  }
}