{
  "trade_id": "TRADE_20250211_105802_17",
  "token_symbol": "DICKUS",
  "entry_time": "2025-02-11T19:24:15.145899",
  "market_price": 0.00016377005606153986,
  "entry_price": 0.00018833556447077083,
  "position_size": 100,
  "confidence_score": 0.6,
  "features": {
    "momentum_5m": 0.4754760175963597,
    "volatility_5m": 0.24539845540803973,
    "momentum_7m": 0.43785215677080025
  }
}