{
  "trade_id": "TRADE_20250211_105802_19",
  "token_symbol": "anxiety",
  "entry_time": "2025-02-11T20:10:26.585936",
  "market_price": 2.11854593108874e-05,
  "entry_price": 2.4363278207520508e-05,
  "position_size": 100,
  "confidence_score": 0.6,
  "features": {
    "momentum_5m": 0.9237884369640894,
    "volatility_5m": 0.5639796360936715,
    "momentum_7m": 0.7136856562445104
  }
}