{
  "trade_id": "TRADE_20250211_105802_20",
  "token_symbol": "anxiety",
  "entry_time": "2025-02-11T20:13:38.885255",
  "market_price": 1.909049914445741e-05,
  "entry_price": 2.195407401612602e-05,
  "position_size": 100,
  "confidence_score": 0.6,
  "features": {
    "momentum_5m": 0.8892549965160157,
    "volatility_5m": 0.5682891044544871,
    "momentum_7m": 0.9162615649995811,
    "trend_acceleration": 0.007047823182652138
  }
}