{
  "trade_id": "TRADE_20250211_105802_18",
  "token_symbol": "DICKUS",
  "entry_time": "2025-02-11T19:52:31.064038",
  "market_price": 0.00025892557254562394,
  "entry_price": 0.0002977644084274675,
  "position_size": 100,
  "confidence_score": 0.8,
  "features": {
    "momentum_5m": 0.4098916277173337,
    "volatility_5m": 0.02346991048546884,
    "momentum_7m": 0.38750315708857186,
    "trend_acceleration": 0.007540613559555737,
    "price_change_15m": 0.6515218841455466
  }
}